ISO-10303-21;
HEADER;
FILE_DESCRIPTION( ( 'Unknown' ), '1' );
FILE_NAME( 'I:/User_Groups_Only/17_EMC_Product_&_Development/Documentations/1_ArtikelStamm/PG_14/WE_Flex/Grafiken_Zeichnungen/CAD_Zeichnungswesen/CAD_aktuell/ER 14.5_6/749196211/construction _data/749196211.stp', 'Unknown', ( 'Unknown' ), ( 'Unknown' ), 'XStep 1.0', 'Unknown', '  ' );
FILE_SCHEMA( ( 'automotive_design' ) );
ENDSEC;
DATA;
#1 = MECHANICAL_DESIGN_GEOMETRIC_PRESENTATION_REPRESENTATION( ' ', ( #18, #19, #20, #21, #22, #23, #24, #25, #26, #27, #28, #29, #30, #31 ), #14 );
#2 = PRODUCT_DEFINITION_CONTEXT( '', #32, 'design' );
#3 = APPLICATION_PROTOCOL_DEFINITION( 'INTERNATIONAL STANDARD', 'automotive_design', 1994, #32 );
#4 = PRODUCT_CATEGORY_RELATIONSHIP( 'NONE', 'NONE', #33, #34 );
#5 = SHAPE_DEFINITION_REPRESENTATION( #35, #36 );
#6 = PRODUCT_DEFINITION_CONTEXT( '', #37, 'design' );
#7 = APPLICATION_PROTOCOL_DEFINITION( 'INTERNATIONAL STANDARD', 'automotive_design', 1994, #37 );
#8 = PRODUCT_CATEGORY_RELATIONSHIP( 'NONE', 'NONE', #38, #39 );
#9 = SHAPE_DEFINITION_REPRESENTATION( #40, #41 );
#10 = PRODUCT_DEFINITION_CONTEXT( '', #42, 'design' );
#11 = APPLICATION_PROTOCOL_DEFINITION( 'INTERNATIONAL STANDARD', 'automotive_design', 1994, #42 );
#12 = PRODUCT_CATEGORY_RELATIONSHIP( 'NONE', 'NONE', #43, #44 );
#13 = SHAPE_DEFINITION_REPRESENTATION( #45, #46 );
#14 =  ( GEOMETRIC_REPRESENTATION_CONTEXT( 3 )GLOBAL_UNCERTAINTY_ASSIGNED_CONTEXT( ( #49 ) )GLOBAL_UNIT_ASSIGNED_CONTEXT( ( #51, #52, #53 ) )REPRESENTATION_CONTEXT( 'NONE', 'WORKSPACE' ) );
#18 = STYLED_ITEM( '', ( #55 ), #56 );
#19 = STYLED_ITEM( '', ( #57 ), #58 );
#20 = STYLED_ITEM( '', ( #59 ), #60 );
#21 = STYLED_ITEM( '', ( #61 ), #62 );
#22 = STYLED_ITEM( '', ( #63 ), #64 );
#23 = STYLED_ITEM( '', ( #65 ), #66 );
#24 = STYLED_ITEM( '', ( #67 ), #68 );
#25 = STYLED_ITEM( '', ( #69 ), #70 );
#26 = STYLED_ITEM( '', ( #71 ), #72 );
#27 = STYLED_ITEM( '', ( #73 ), #74 );
#28 = STYLED_ITEM( '', ( #75 ), #76 );
#29 = STYLED_ITEM( '', ( #77 ), #78 );
#30 = STYLED_ITEM( '', ( #79 ), #80 );
#31 = STYLED_ITEM( '', ( #81 ), #82 );
#32 = APPLICATION_CONTEXT( ' ' );
#33 = PRODUCT_CATEGORY( 'part', 'NONE' );
#34 = PRODUCT_RELATED_PRODUCT_CATEGORY( 'detail', ' ', ( #83 ) );
#35 = PRODUCT_DEFINITION_SHAPE( 'NONE', 'NONE', #84 );
#36 = ADVANCED_BREP_SHAPE_REPRESENTATION( 'Assem1', ( #85, #86, #87, #88 ), #14 );
#37 = APPLICATION_CONTEXT( ' ' );
#38 = PRODUCT_CATEGORY( 'part', 'NONE' );
#39 = PRODUCT_RELATED_PRODUCT_CATEGORY( 'detail', ' ', ( #89 ) );
#40 = PRODUCT_DEFINITION_SHAPE( 'NONE', 'NONE', #90 );
#41 = ADVANCED_BREP_SHAPE_REPRESENTATION( 'Gehäuse', ( #91 ), #14 );
#42 = APPLICATION_CONTEXT( ' ' );
#43 = PRODUCT_CATEGORY( 'part', 'NONE' );
#44 = PRODUCT_RELATED_PRODUCT_CATEGORY( 'detail', ' ', ( #92 ) );
#45 = PRODUCT_DEFINITION_SHAPE( 'NONE', 'NONE', #93 );
#46 = ADVANCED_BREP_SHAPE_REPRESENTATION( 'ER 14.5_6', ( #94 ), #14 );
#49 = UNCERTAINTY_MEASURE_WITH_UNIT( LENGTH_MEASURE( 0.00100000000000000 ), #51, '', '' );
#51 =  ( CONVERSION_BASED_UNIT( 'MILLIMETRE', #97 )LENGTH_UNIT(  )NAMED_UNIT( #100 ) );
#52 =  ( NAMED_UNIT( #102 )PLANE_ANGLE_UNIT(  )SI_UNIT( $, .RADIAN. ) );
#53 =  ( NAMED_UNIT( #102 )SOLID_ANGLE_UNIT(  )SI_UNIT( $, .STERADIAN. ) );
#55 = PRESENTATION_STYLE_ASSIGNMENT( ( #108 ) );
#56 = ADVANCED_FACE( '', ( #109 ), #110, .T. );
#57 = PRESENTATION_STYLE_ASSIGNMENT( ( #111 ) );
#58 = ADVANCED_FACE( '', ( #112, #113 ), #114, .T. );
#59 = PRESENTATION_STYLE_ASSIGNMENT( ( #115 ) );
#60 = ADVANCED_FACE( '', ( #116 ), #117, .T. );
#61 = PRESENTATION_STYLE_ASSIGNMENT( ( #118 ) );
#62 = ADVANCED_FACE( '', ( #119 ), #120, .T. );
#63 = PRESENTATION_STYLE_ASSIGNMENT( ( #121 ) );
#64 = ADVANCED_FACE( '', ( #122 ), #123, .T. );
#65 = PRESENTATION_STYLE_ASSIGNMENT( ( #124 ) );
#66 = ADVANCED_FACE( '', ( #125 ), #126, .T. );
#67 = PRESENTATION_STYLE_ASSIGNMENT( ( #127 ) );
#68 = ADVANCED_FACE( '', ( #128 ), #129, .T. );
#69 = PRESENTATION_STYLE_ASSIGNMENT( ( #130 ) );
#70 = ADVANCED_FACE( '', ( #131 ), #132, .T. );
#71 = PRESENTATION_STYLE_ASSIGNMENT( ( #133 ) );
#72 = ADVANCED_FACE( '', ( #134 ), #135, .T. );
#73 = PRESENTATION_STYLE_ASSIGNMENT( ( #136 ) );
#74 = ADVANCED_FACE( '', ( #137 ), #138, .T. );
#75 = PRESENTATION_STYLE_ASSIGNMENT( ( #139 ) );
#76 = ADVANCED_FACE( '', ( #140 ), #141, .T. );
#77 = PRESENTATION_STYLE_ASSIGNMENT( ( #142 ) );
#78 = ADVANCED_FACE( '', ( #143 ), #144, .F. );
#79 = PRESENTATION_STYLE_ASSIGNMENT( ( #145 ) );
#80 = ADVANCED_FACE( '', ( #146, #147 ), #148, .T. );
#81 = PRESENTATION_STYLE_ASSIGNMENT( ( #149 ) );
#82 = ADVANCED_FACE( '', ( #150 ), #151, .T. );
#83 = PRODUCT( 'Assem1', 'Assem1', 'PART-Assem1-DESC', ( #152 ) );
#84 = PRODUCT_DEFINITION( 'NONE', 'NONE', #153, #2 );
#85 = MAPPED_ITEM( '', #154, #155 );
#86 = MAPPED_ITEM( '', #156, #157 );
#87 = MAPPED_ITEM( '', #158, #159 );
#88 = AXIS2_PLACEMENT_3D( '', #160, #161, #162 );
#89 = PRODUCT( 'Gehäuse', 'Gehäuse', 'PART-Gehäuse-DESC', ( #163 ) );
#90 = PRODUCT_DEFINITION( 'NONE', 'NONE', #164, #6 );
#91 = MANIFOLD_SOLID_BREP( 'Gehäuse', #165 );
#92 = PRODUCT( 'ER 14.5_6', 'ER 14.5_6', 'PART-ER 14.5_6-DESC', ( #166 ) );
#93 = PRODUCT_DEFINITION( 'NONE', 'NONE', #167, #10 );
#94 = MANIFOLD_SOLID_BREP( 'ER 14.5_6', #168 );
#97 = LENGTH_MEASURE_WITH_UNIT( LENGTH_MEASURE( 1.00000000000000 ), #169 );
#100 = DIMENSIONAL_EXPONENTS( 1.00000000000000, 0.000000000000000, 0.000000000000000, 0.000000000000000, 0.000000000000000, 0.000000000000000, 0.000000000000000 );
#102 = DIMENSIONAL_EXPONENTS( 0.000000000000000, 0.000000000000000, 0.000000000000000, 0.000000000000000, 0.000000000000000, 0.000000000000000, 0.000000000000000 );
#108 = SURFACE_STYLE_USAGE( .BOTH., #170 );
#109 = FACE_OUTER_BOUND( '', #171, .T. );
#110 = PLANE( '', #172 );
#111 = SURFACE_STYLE_USAGE( .BOTH., #173 );
#112 = FACE_BOUND( '', #174, .T. );
#113 = FACE_OUTER_BOUND( '', #175, .T. );
#114 = PLANE( '', #176 );
#115 = SURFACE_STYLE_USAGE( .BOTH., #177 );
#116 = FACE_OUTER_BOUND( '', #178, .T. );
#117 = PLANE( '', #179 );
#118 = SURFACE_STYLE_USAGE( .BOTH., #180 );
#119 = FACE_OUTER_BOUND( '', #181, .T. );
#120 = PLANE( '', #182 );
#121 = SURFACE_STYLE_USAGE( .BOTH., #183 );
#122 = FACE_OUTER_BOUND( '', #184, .T. );
#123 = PLANE( '', #185 );
#124 = SURFACE_STYLE_USAGE( .BOTH., #186 );
#125 = FACE_OUTER_BOUND( '', #187, .T. );
#126 = CYLINDRICAL_SURFACE( '', #188, 0.500000000000000 );
#127 = SURFACE_STYLE_USAGE( .BOTH., #189 );
#128 = FACE_OUTER_BOUND( '', #190, .T. );
#129 = PLANE( '', #191 );
#130 = SURFACE_STYLE_USAGE( .BOTH., #192 );
#131 = FACE_OUTER_BOUND( '', #193, .T. );
#132 = PLANE( '', #194 );
#133 = SURFACE_STYLE_USAGE( .BOTH., #195 );
#134 = FACE_OUTER_BOUND( '', #196, .T. );
#135 = CYLINDRICAL_SURFACE( '', #197, 0.500000000000000 );
#136 = SURFACE_STYLE_USAGE( .BOTH., #198 );
#137 = FACE_OUTER_BOUND( '', #199, .T. );
#138 = PLANE( '', #200 );
#139 = SURFACE_STYLE_USAGE( .BOTH., #201 );
#140 = FACE_OUTER_BOUND( '', #202, .T. );
#141 = PLANE( '', #203 );
#142 = SURFACE_STYLE_USAGE( .BOTH., #204 );
#143 = FACE_OUTER_BOUND( '', #205, .T. );
#144 = PLANE( '', #206 );
#145 = SURFACE_STYLE_USAGE( .BOTH., #207 );
#146 = FACE_OUTER_BOUND( '', #208, .T. );
#147 = FACE_OUTER_BOUND( '', #209, .T. );
#148 = CYLINDRICAL_SURFACE( '', #210, 2.40000000000000 );
#149 = SURFACE_STYLE_USAGE( .BOTH., #211 );
#150 = FACE_OUTER_BOUND( '', #212, .T. );
#151 = PLANE( '', #213 );
#152 = PRODUCT_CONTEXT( '', #32, 'mechanical' );
#153 = PRODUCT_DEFINITION_FORMATION_WITH_SPECIFIED_SOURCE( ' ', 'NONE', #83, .NOT_KNOWN. );
#154 = REPRESENTATION_MAP( #88, #41 );
#155 = AXIS2_PLACEMENT_3D( '', #214, #215, #216 );
#156 = REPRESENTATION_MAP( #88, #46 );
#157 = AXIS2_PLACEMENT_3D( '', #217, #218, #219 );
#158 = REPRESENTATION_MAP( #88, #46 );
#159 = AXIS2_PLACEMENT_3D( '', #220, #221, #222 );
#160 = CARTESIAN_POINT( '', ( 0.000000000000000, 0.000000000000000, 0.000000000000000 ) );
#161 = DIRECTION( '', ( 0.000000000000000, 0.000000000000000, 1.00000000000000 ) );
#162 = DIRECTION( '', ( 1.00000000000000, 0.000000000000000, 0.000000000000000 ) );
#163 = PRODUCT_CONTEXT( '', #37, 'mechanical' );
#164 = PRODUCT_DEFINITION_FORMATION_WITH_SPECIFIED_SOURCE( ' ', 'NONE', #89, .NOT_KNOWN. );
#165 = CLOSED_SHELL( '', ( #223, #224, #225, #226, #227, #228, #229, #230, #231, #232, #233, #234, #235, #236, #237, #238, #239, #240, #241, #242, #243, #244, #245, #246, #247, #248, #249, #250, #251, #252, #253, #254, #255, #256, #257, #258, #259, #260, #261, #262, #263, #264, #265, #266, #267, #268, #269, #270, #271, #272, #273, #274, #275, #276, #277, #278, #279, #280, #281, #282, #283, #284, #285, #286, #287, #288, #289, #290, #291, #292, #293, #294, #295, #296, #297, #298, #299, #300, #301, #302, #303, #304, #305, #306, #307, #308, #309, #310, #311, #312, #313, #314, #315, #316, #317, #318, #319, #320, #321, #322, #323, #324, #325, #326, #327, #328, #329, #330, #331, #332, #333, #334, #335, #336, #337, #338, #339, #340, #341, #342, #343, #344, #345, #346, #347, #348, #349, #350, #351, #352, #353, #354, #355, #356, #357, #358, #359, #360, #361, #362, #363, #364, #365, #366, #367, #368, #369, #370, #371, #372, #373, #374, #375, #376, #377, #378, #379, #380, #381, #382, #383, #384, #385, #386, #387, #388, #389, #390, #391, #392, #393, #394, #395, #396, #397, #398, #399, #400, #401, #402, #403, #404, #405, #406, #407, #408, #409, #410, #411, #412, #413, #414, #415, #416, #417, #418, #419, #420, #421, #422, #423, #424, #425, #426, #427, #428, #429, #430, #431, #432, #433, #434, #435, #436, #437, #438, #439, #440, #441, #442, #443, #444, #445, #446, #447, #448, #449, #450, #451, #452, #453, #454, #455, #456, #457, #458, #459, #460, #461, #462, #463, #464, #465, #466, #467, #468, #469, #470, #471, #472, #473, #474, #475, #476, #477, #478, #479, #480, #481, #482, #483, #484, #485, #486, #487, #488, #489, #490, #491, #492, #493, #494, #495, #496, #497, #498, #499, #500, #501, #502, #503, #504, #505, #506, #507, #508, #509, #510, #511, #512, #513, #514, #515, #516, #517, #518, #519, #520, #521, #522, #523, #524, #525, #526, #527, #528, #529, #530, #531, #532, #533, #534, #535, #536, #537, #538, #539, #540, #541, #542, #543, #544, #545, #546, #547, #548, #549, #550, #551, #552, #553, #554, #555, #556, #557, #558, #559, #560, #561, #562, #563, #564, #565, #566, #567, #568, #569, #570, #571, #572, #573, #574, #575, #576, #577, #578, #579, #580, #581, #582, #583, #584, #585, #586, #587, #588, #589, #590, #591, #592, #593, #594 ) );
#166 = PRODUCT_CONTEXT( '', #42, 'mechanical' );
#167 = PRODUCT_DEFINITION_FORMATION_WITH_SPECIFIED_SOURCE( ' ', 'NONE', #92, .NOT_KNOWN. );
#168 = CLOSED_SHELL( '', ( #56, #72, #74, #78, #68, #60, #58, #66, #64, #70, #80, #76, #82, #62 ) );
#169 =  ( NAMED_UNIT( #100 )LENGTH_UNIT(  )SI_UNIT( .MILLI., .METRE. ) );
#170 = SURFACE_SIDE_STYLE( '', ( #596 ) );
#171 = EDGE_LOOP( '', ( #597, #598, #599, #600 ) );
#172 = AXIS2_PLACEMENT_3D( '', #601, #602, #603 );
#173 = SURFACE_SIDE_STYLE( '', ( #604 ) );
#174 = EDGE_LOOP( '', ( #605 ) );
#175 = EDGE_LOOP( '', ( #606, #607, #608, #609 ) );
#176 = AXIS2_PLACEMENT_3D( '', #610, #611, #612 );
#177 = SURFACE_SIDE_STYLE( '', ( #613 ) );
#178 = EDGE_LOOP( '', ( #614, #615, #616, #617, #618, #619 ) );
#179 = AXIS2_PLACEMENT_3D( '', #620, #621, #622 );
#180 = SURFACE_SIDE_STYLE( '', ( #623 ) );
#181 = EDGE_LOOP( '', ( #624, #625, #626, #627 ) );
#182 = AXIS2_PLACEMENT_3D( '', #628, #629, #630 );
#183 = SURFACE_SIDE_STYLE( '', ( #631 ) );
#184 = EDGE_LOOP( '', ( #632, #633, #634, #635, #636, #637 ) );
#185 = AXIS2_PLACEMENT_3D( '', #638, #639, #640 );
#186 = SURFACE_SIDE_STYLE( '', ( #641 ) );
#187 = EDGE_LOOP( '', ( #642, #643, #644, #645 ) );
#188 = AXIS2_PLACEMENT_3D( '', #646, #647, #648 );
#189 = SURFACE_SIDE_STYLE( '', ( #649 ) );
#190 = EDGE_LOOP( '', ( #650, #651, #652, #653, #654, #655, #656, #657 ) );
#191 = AXIS2_PLACEMENT_3D( '', #658, #659, #660 );
#192 = SURFACE_SIDE_STYLE( '', ( #661 ) );
#193 = EDGE_LOOP( '', ( #662 ) );
#194 = AXIS2_PLACEMENT_3D( '', #663, #664, #665 );
#195 = SURFACE_SIDE_STYLE( '', ( #666 ) );
#196 = EDGE_LOOP( '', ( #667, #668, #669, #670 ) );
#197 = AXIS2_PLACEMENT_3D( '', #671, #672, #673 );
#198 = SURFACE_SIDE_STYLE( '', ( #674 ) );
#199 = EDGE_LOOP( '', ( #675, #676, #677, #678 ) );
#200 = AXIS2_PLACEMENT_3D( '', #679, #680, #681 );
#201 = SURFACE_SIDE_STYLE( '', ( #682 ) );
#202 = EDGE_LOOP( '', ( #683, #684, #685, #686 ) );
#203 = AXIS2_PLACEMENT_3D( '', #687, #688, #689 );
#204 = SURFACE_SIDE_STYLE( '', ( #690 ) );
#205 = EDGE_LOOP( '', ( #691, #692, #693, #694, #695, #696, #697, #698 ) );
#206 = AXIS2_PLACEMENT_3D( '', #699, #700, #701 );
#207 = SURFACE_SIDE_STYLE( '', ( #702 ) );
#208 = EDGE_LOOP( '', ( #703 ) );
#209 = EDGE_LOOP( '', ( #704 ) );
#210 = AXIS2_PLACEMENT_3D( '', #705, #706, #707 );
#211 = SURFACE_SIDE_STYLE( '', ( #708 ) );
#212 = EDGE_LOOP( '', ( #709, #710, #711, #712 ) );
#213 = AXIS2_PLACEMENT_3D( '', #713, #714, #715 );
#214 = CARTESIAN_POINT( '', ( 0.000000000000000, 0.000000000000000, 0.000000000000000 ) );
#215 = DIRECTION( '', ( 0.000000000000000, 0.000000000000000, 1.00000000000000 ) );
#216 = DIRECTION( '', ( 1.00000000000000, 0.000000000000000, 0.000000000000000 ) );
#217 = CARTESIAN_POINT( '', ( -7.36355323720793E-016, 2.99760216648792E-016, 1.20000000000000 ) );
#218 = DIRECTION( '', ( 0.000000000000000, 0.000000000000000, 1.00000000000000 ) );
#219 = DIRECTION( '', ( 1.00000000000000, 0.000000000000000, 0.000000000000000 ) );
#220 = CARTESIAN_POINT( '', ( -8.67361737988404E-016, 3.25260651745652E-016, 1.20000000000000 ) );
#221 = DIRECTION( '', ( 4.19155714554632E-017, 1.93139704171369E-016, -1.00000000000000 ) );
#222 = DIRECTION( '', ( 1.00000000000000, -1.56125112837912E-016, 4.19155714554632E-017 ) );
#223 = ADVANCED_FACE( '', ( #716 ), #717, .T. );
#224 = ADVANCED_FACE( '', ( #718 ), #719, .T. );
#225 = ADVANCED_FACE( '', ( #720 ), #721, .T. );
#226 = ADVANCED_FACE( '', ( #722 ), #723, .T. );
#227 = ADVANCED_FACE( '', ( #724 ), #725, .T. );
#228 = ADVANCED_FACE( '', ( #726, #727 ), #728, .T. );
#229 = ADVANCED_FACE( '', ( #729 ), #730, .F. );
#230 = ADVANCED_FACE( '', ( #731, #732 ), #733, .T. );
#231 = ADVANCED_FACE( '', ( #734, #735 ), #736, .F. );
#232 = ADVANCED_FACE( '', ( #737, #738 ), #739, .T. );
#233 = ADVANCED_FACE( '', ( #740 ), #741, .T. );
#234 = ADVANCED_FACE( '', ( #742 ), #743, .T. );
#235 = ADVANCED_FACE( '', ( #744 ), #745, .T. );
#236 = ADVANCED_FACE( '', ( #746 ), #747, .T. );
#237 = ADVANCED_FACE( '', ( #748 ), #749, .T. );
#238 = ADVANCED_FACE( '', ( #750 ), #751, .T. );
#239 = ADVANCED_FACE( '', ( #752 ), #753, .T. );
#240 = ADVANCED_FACE( '', ( #754 ), #755, .T. );
#241 = ADVANCED_FACE( '', ( #756 ), #757, .T. );
#242 = ADVANCED_FACE( '', ( #758, #759, #760, #761, #762, #763, #764 ), #765, .F. );
#243 = ADVANCED_FACE( '', ( #766 ), #767, .T. );
#244 = ADVANCED_FACE( '', ( #768 ), #769, .T. );
#245 = ADVANCED_FACE( '', ( #770 ), #771, .T. );
#246 = ADVANCED_FACE( '', ( #772 ), #773, .T. );
#247 = ADVANCED_FACE( '', ( #774 ), #775, .T. );
#248 = ADVANCED_FACE( '', ( #776 ), #777, .F. );
#249 = ADVANCED_FACE( '', ( #778 ), #779, .T. );
#250 = ADVANCED_FACE( '', ( #780 ), #781, .T. );
#251 = ADVANCED_FACE( '', ( #782 ), #783, .T. );
#252 = ADVANCED_FACE( '', ( #784 ), #785, .T. );
#253 = ADVANCED_FACE( '', ( #786 ), #787, .T. );
#254 = ADVANCED_FACE( '', ( #788 ), #789, .T. );
#255 = ADVANCED_FACE( '', ( #790 ), #791, .T. );
#256 = ADVANCED_FACE( '', ( #792 ), #793, .T. );
#257 = ADVANCED_FACE( '', ( #794 ), #795, .T. );
#258 = ADVANCED_FACE( '', ( #796 ), #797, .T. );
#259 = ADVANCED_FACE( '', ( #798 ), #799, .T. );
#260 = ADVANCED_FACE( '', ( #800 ), #801, .T. );
#261 = ADVANCED_FACE( '', ( #802 ), #803, .T. );
#262 = ADVANCED_FACE( '', ( #804 ), #805, .F. );
#263 = ADVANCED_FACE( '', ( #806 ), #807, .T. );
#264 = ADVANCED_FACE( '', ( #808 ), #809, .T. );
#265 = ADVANCED_FACE( '', ( #810 ), #811, .T. );
#266 = ADVANCED_FACE( '', ( #812 ), #813, .T. );
#267 = ADVANCED_FACE( '', ( #814 ), #815, .F. );
#268 = ADVANCED_FACE( '', ( #816 ), #817, .T. );
#269 = ADVANCED_FACE( '', ( #818 ), #819, .T. );
#270 = ADVANCED_FACE( '', ( #820 ), #821, .T. );
#271 = ADVANCED_FACE( '', ( #822 ), #823, .T. );
#272 = ADVANCED_FACE( '', ( #824 ), #825, .T. );
#273 = ADVANCED_FACE( '', ( #826 ), #827, .T. );
#274 = ADVANCED_FACE( '', ( #828 ), #829, .T. );
#275 = ADVANCED_FACE( '', ( #830 ), #831, .T. );
#276 = ADVANCED_FACE( '', ( #832 ), #833, .F. );
#277 = ADVANCED_FACE( '', ( #834 ), #835, .T. );
#278 = ADVANCED_FACE( '', ( #836 ), #837, .T. );
#279 = ADVANCED_FACE( '', ( #838 ), #839, .T. );
#280 = ADVANCED_FACE( '', ( #840 ), #841, .T. );
#281 = ADVANCED_FACE( '', ( #842 ), #843, .F. );
#282 = ADVANCED_FACE( '', ( #844 ), #845, .T. );
#283 = ADVANCED_FACE( '', ( #846 ), #847, .T. );
#284 = ADVANCED_FACE( '', ( #848 ), #849, .T. );
#285 = ADVANCED_FACE( '', ( #850 ), #851, .T. );
#286 = ADVANCED_FACE( '', ( #852 ), #853, .F. );
#287 = ADVANCED_FACE( '', ( #854 ), #855, .T. );
#288 = ADVANCED_FACE( '', ( #856 ), #857, .T. );
#289 = ADVANCED_FACE( '', ( #858 ), #859, .T. );
#290 = ADVANCED_FACE( '', ( #860 ), #861, .T. );
#291 = ADVANCED_FACE( '', ( #862 ), #863, .F. );
#292 = ADVANCED_FACE( '', ( #864 ), #865, .T. );
#293 = ADVANCED_FACE( '', ( #866 ), #867, .T. );
#294 = ADVANCED_FACE( '', ( #868 ), #869, .T. );
#295 = ADVANCED_FACE( '', ( #870 ), #871, .T. );
#296 = ADVANCED_FACE( '', ( #872 ), #873, .F. );
#297 = ADVANCED_FACE( '', ( #874 ), #875, .T. );
#298 = ADVANCED_FACE( '', ( #876 ), #877, .T. );
#299 = ADVANCED_FACE( '', ( #878 ), #879, .T. );
#300 = ADVANCED_FACE( '', ( #880 ), #881, .T. );
#301 = ADVANCED_FACE( '', ( #882 ), #883, .T. );
#302 = ADVANCED_FACE( '', ( #884 ), #885, .F. );
#303 = ADVANCED_FACE( '', ( #886 ), #887, .T. );
#304 = ADVANCED_FACE( '', ( #888 ), #889, .T. );
#305 = ADVANCED_FACE( '', ( #890 ), #891, .T. );
#306 = ADVANCED_FACE( '', ( #892 ), #893, .T. );
#307 = ADVANCED_FACE( '', ( #894 ), #895, .T. );
#308 = ADVANCED_FACE( '', ( #896 ), #897, .T. );
#309 = ADVANCED_FACE( '', ( #898 ), #899, .T. );
#310 = ADVANCED_FACE( '', ( #900 ), #901, .T. );
#311 = ADVANCED_FACE( '', ( #902 ), #903, .T. );
#312 = ADVANCED_FACE( '', ( #904 ), #905, .T. );
#313 = ADVANCED_FACE( '', ( #906 ), #907, .F. );
#314 = ADVANCED_FACE( '', ( #908 ), #909, .T. );
#315 = ADVANCED_FACE( '', ( #910 ), #911, .T. );
#316 = ADVANCED_FACE( '', ( #912 ), #913, .T. );
#317 = ADVANCED_FACE( '', ( #914 ), #915, .T. );
#318 = ADVANCED_FACE( '', ( #916 ), #917, .F. );
#319 = ADVANCED_FACE( '', ( #918 ), #919, .T. );
#320 = ADVANCED_FACE( '', ( #920 ), #921, .T. );
#321 = ADVANCED_FACE( '', ( #922 ), #923, .T. );
#322 = ADVANCED_FACE( '', ( #924 ), #925, .T. );
#323 = ADVANCED_FACE( '', ( #926 ), #927, .T. );
#324 = ADVANCED_FACE( '', ( #928 ), #929, .T. );
#325 = ADVANCED_FACE( '', ( #930 ), #931, .T. );
#326 = ADVANCED_FACE( '', ( #932 ), #933, .T. );
#327 = ADVANCED_FACE( '', ( #934 ), #935, .T. );
#328 = ADVANCED_FACE( '', ( #936 ), #937, .F. );
#329 = ADVANCED_FACE( '', ( #938 ), #939, .T. );
#330 = ADVANCED_FACE( '', ( #940, #941, #942, #943, #944, #945, #946 ), #947, .T. );
#331 = ADVANCED_FACE( '', ( #948 ), #949, .T. );
#332 = ADVANCED_FACE( '', ( #950, #951 ), #952, .T. );
#333 = ADVANCED_FACE( '', ( #953 ), #954, .T. );
#334 = ADVANCED_FACE( '', ( #955 ), #956, .T. );
#335 = ADVANCED_FACE( '', ( #957 ), #958, .T. );
#336 = ADVANCED_FACE( '', ( #959 ), #960, .T. );
#337 = ADVANCED_FACE( '', ( #961 ), #962, .T. );
#338 = ADVANCED_FACE( '', ( #963 ), #964, .T. );
#339 = ADVANCED_FACE( '', ( #965 ), #966, .T. );
#340 = ADVANCED_FACE( '', ( #967 ), #968, .T. );
#341 = ADVANCED_FACE( '', ( #969 ), #970, .T. );
#342 = ADVANCED_FACE( '', ( #971 ), #972, .T. );
#343 = ADVANCED_FACE( '', ( #973 ), #974, .F. );
#344 = ADVANCED_FACE( '', ( #975 ), #976, .T. );
#345 = ADVANCED_FACE( '', ( #977 ), #978, .T. );
#346 = ADVANCED_FACE( '', ( #979 ), #980, .T. );
#347 = ADVANCED_FACE( '', ( #981 ), #982, .F. );
#348 = ADVANCED_FACE( '', ( #983 ), #984, .T. );
#349 = ADVANCED_FACE( '', ( #985 ), #986, .T. );
#350 = ADVANCED_FACE( '', ( #987 ), #988, .T. );
#351 = ADVANCED_FACE( '', ( #989 ), #990, .T. );
#352 = ADVANCED_FACE( '', ( #991 ), #992, .T. );
#353 = ADVANCED_FACE( '', ( #993 ), #994, .T. );
#354 = ADVANCED_FACE( '', ( #995 ), #996, .F. );
#355 = ADVANCED_FACE( '', ( #997 ), #998, .T. );
#356 = ADVANCED_FACE( '', ( #999 ), #1000, .F. );
#357 = ADVANCED_FACE( '', ( #1001 ), #1002, .T. );
#358 = ADVANCED_FACE( '', ( #1003 ), #1004, .T. );
#359 = ADVANCED_FACE( '', ( #1005 ), #1006, .F. );
#360 = ADVANCED_FACE( '', ( #1007 ), #1008, .F. );
#361 = ADVANCED_FACE( '', ( #1009 ), #1010, .F. );
#362 = ADVANCED_FACE( '', ( #1011 ), #1012, .F. );
#363 = ADVANCED_FACE( '', ( #1013 ), #1014, .T. );
#364 = ADVANCED_FACE( '', ( #1015 ), #1016, .T. );
#365 = ADVANCED_FACE( '', ( #1017 ), #1018, .T. );
#366 = ADVANCED_FACE( '', ( #1019 ), #1020, .F. );
#367 = ADVANCED_FACE( '', ( #1021 ), #1022, .F. );
#368 = ADVANCED_FACE( '', ( #1023 ), #1024, .F. );
#369 = ADVANCED_FACE( '', ( #1025 ), #1026, .T. );
#370 = ADVANCED_FACE( '', ( #1027 ), #1028, .T. );
#371 = ADVANCED_FACE( '', ( #1029 ), #1030, .F. );
#372 = ADVANCED_FACE( '', ( #1031 ), #1032, .T. );
#373 = ADVANCED_FACE( '', ( #1033 ), #1034, .T. );
#374 = ADVANCED_FACE( '', ( #1035 ), #1036, .T. );
#375 = ADVANCED_FACE( '', ( #1037 ), #1038, .T. );
#376 = ADVANCED_FACE( '', ( #1039 ), #1040, .F. );
#377 = ADVANCED_FACE( '', ( #1041 ), #1042, .T. );
#378 = ADVANCED_FACE( '', ( #1043 ), #1044, .F. );
#379 = ADVANCED_FACE( '', ( #1045 ), #1046, .T. );
#380 = ADVANCED_FACE( '', ( #1047 ), #1048, .F. );
#381 = ADVANCED_FACE( '', ( #1049 ), #1050, .T. );
#382 = ADVANCED_FACE( '', ( #1051 ), #1052, .T. );
#383 = ADVANCED_FACE( '', ( #1053 ), #1054, .T. );
#384 = ADVANCED_FACE( '', ( #1055 ), #1056, .T. );
#385 = ADVANCED_FACE( '', ( #1057 ), #1058, .T. );
#386 = ADVANCED_FACE( '', ( #1059 ), #1060, .F. );
#387 = ADVANCED_FACE( '', ( #1061 ), #1062, .T. );
#388 = ADVANCED_FACE( '', ( #1063 ), #1064, .T. );
#389 = ADVANCED_FACE( '', ( #1065 ), #1066, .F. );
#390 = ADVANCED_FACE( '', ( #1067 ), #1068, .T. );
#391 = ADVANCED_FACE( '', ( #1069 ), #1070, .T. );
#392 = ADVANCED_FACE( '', ( #1071 ), #1072, .T. );
#393 = ADVANCED_FACE( '', ( #1073 ), #1074, .T. );
#394 = ADVANCED_FACE( '', ( #1075 ), #1076, .T. );
#395 = ADVANCED_FACE( '', ( #1077 ), #1078, .F. );
#396 = ADVANCED_FACE( '', ( #1079 ), #1080, .T. );
#397 = ADVANCED_FACE( '', ( #1081 ), #1082, .F. );
#398 = ADVANCED_FACE( '', ( #1083 ), #1084, .F. );
#399 = ADVANCED_FACE( '', ( #1085 ), #1086, .F. );
#400 = ADVANCED_FACE( '', ( #1087 ), #1088, .F. );
#401 = ADVANCED_FACE( '', ( #1089 ), #1090, .F. );
#402 = ADVANCED_FACE( '', ( #1091 ), #1092, .F. );
#403 = ADVANCED_FACE( '', ( #1093 ), #1094, .F. );
#404 = ADVANCED_FACE( '', ( #1095 ), #1096, .T. );
#405 = ADVANCED_FACE( '', ( #1097 ), #1098, .T. );
#406 = ADVANCED_FACE( '', ( #1099 ), #1100, .F. );
#407 = ADVANCED_FACE( '', ( #1101 ), #1102, .F. );
#408 = ADVANCED_FACE( '', ( #1103 ), #1104, .F. );
#409 = ADVANCED_FACE( '', ( #1105 ), #1106, .F. );
#410 = ADVANCED_FACE( '', ( #1107 ), #1108, .F. );
#411 = ADVANCED_FACE( '', ( #1109 ), #1110, .F. );
#412 = ADVANCED_FACE( '', ( #1111 ), #1112, .F. );
#413 = ADVANCED_FACE( '', ( #1113 ), #1114, .F. );
#414 = ADVANCED_FACE( '', ( #1115 ), #1116, .F. );
#415 = ADVANCED_FACE( '', ( #1117 ), #1118, .T. );
#416 = ADVANCED_FACE( '', ( #1119 ), #1120, .T. );
#417 = ADVANCED_FACE( '', ( #1121 ), #1122, .F. );
#418 = ADVANCED_FACE( '', ( #1123 ), #1124, .F. );
#419 = ADVANCED_FACE( '', ( #1125 ), #1126, .T. );
#420 = ADVANCED_FACE( '', ( #1127 ), #1128, .F. );
#421 = ADVANCED_FACE( '', ( #1129 ), #1130, .F. );
#422 = ADVANCED_FACE( '', ( #1131 ), #1132, .F. );
#423 = ADVANCED_FACE( '', ( #1133 ), #1134, .F. );
#424 = ADVANCED_FACE( '', ( #1135 ), #1136, .F. );
#425 = ADVANCED_FACE( '', ( #1137 ), #1138, .F. );
#426 = ADVANCED_FACE( '', ( #1139 ), #1140, .T. );
#427 = ADVANCED_FACE( '', ( #1141 ), #1142, .T. );
#428 = ADVANCED_FACE( '', ( #1143 ), #1144, .F. );
#429 = ADVANCED_FACE( '', ( #1145 ), #1146, .F. );
#430 = ADVANCED_FACE( '', ( #1147 ), #1148, .F. );
#431 = ADVANCED_FACE( '', ( #1149 ), #1150, .T. );
#432 = ADVANCED_FACE( '', ( #1151 ), #1152, .F. );
#433 = ADVANCED_FACE( '', ( #1153 ), #1154, .F. );
#434 = ADVANCED_FACE( '', ( #1155 ), #1156, .F. );
#435 = ADVANCED_FACE( '', ( #1157 ), #1158, .T. );
#436 = ADVANCED_FACE( '', ( #1159 ), #1160, .F. );
#437 = ADVANCED_FACE( '', ( #1161 ), #1162, .F. );
#438 = ADVANCED_FACE( '', ( #1163 ), #1164, .F. );
#439 = ADVANCED_FACE( '', ( #1165 ), #1166, .F. );
#440 = ADVANCED_FACE( '', ( #1167 ), #1168, .F. );
#441 = ADVANCED_FACE( '', ( #1169 ), #1170, .F. );
#442 = ADVANCED_FACE( '', ( #1171 ), #1172, .T. );
#443 = ADVANCED_FACE( '', ( #1173 ), #1174, .F. );
#444 = ADVANCED_FACE( '', ( #1175 ), #1176, .F. );
#445 = ADVANCED_FACE( '', ( #1177 ), #1178, .F. );
#446 = ADVANCED_FACE( '', ( #1179 ), #1180, .T. );
#447 = ADVANCED_FACE( '', ( #1181 ), #1182, .F. );
#448 = ADVANCED_FACE( '', ( #1183 ), #1184, .F. );
#449 = ADVANCED_FACE( '', ( #1185 ), #1186, .F. );
#450 = ADVANCED_FACE( '', ( #1187 ), #1188, .F. );
#451 = ADVANCED_FACE( '', ( #1189 ), #1190, .F. );
#452 = ADVANCED_FACE( '', ( #1191 ), #1192, .T. );
#453 = ADVANCED_FACE( '', ( #1193 ), #1194, .T. );
#454 = ADVANCED_FACE( '', ( #1195 ), #1196, .F. );
#455 = ADVANCED_FACE( '', ( #1197 ), #1198, .F. );
#456 = ADVANCED_FACE( '', ( #1199 ), #1200, .F. );
#457 = ADVANCED_FACE( '', ( #1201 ), #1202, .T. );
#458 = ADVANCED_FACE( '', ( #1203 ), #1204, .F. );
#459 = ADVANCED_FACE( '', ( #1205 ), #1206, .F. );
#460 = ADVANCED_FACE( '', ( #1207 ), #1208, .F. );
#461 = ADVANCED_FACE( '', ( #1209 ), #1210, .F. );
#462 = ADVANCED_FACE( '', ( #1211 ), #1212, .F. );
#463 = ADVANCED_FACE( '', ( #1213 ), #1214, .T. );
#464 = ADVANCED_FACE( '', ( #1215 ), #1216, .T. );
#465 = ADVANCED_FACE( '', ( #1217 ), #1218, .T. );
#466 = ADVANCED_FACE( '', ( #1219 ), #1220, .T. );
#467 = ADVANCED_FACE( '', ( #1221 ), #1222, .T. );
#468 = ADVANCED_FACE( '', ( #1223 ), #1224, .T. );
#469 = ADVANCED_FACE( '', ( #1225 ), #1226, .F. );
#470 = ADVANCED_FACE( '', ( #1227 ), #1228, .T. );
#471 = ADVANCED_FACE( '', ( #1229 ), #1230, .T. );
#472 = ADVANCED_FACE( '', ( #1231 ), #1232, .T. );
#473 = ADVANCED_FACE( '', ( #1233 ), #1234, .F. );
#474 = ADVANCED_FACE( '', ( #1235 ), #1236, .T. );
#475 = ADVANCED_FACE( '', ( #1237 ), #1238, .T. );
#476 = ADVANCED_FACE( '', ( #1239 ), #1240, .T. );
#477 = ADVANCED_FACE( '', ( #1241 ), #1242, .T. );
#478 = ADVANCED_FACE( '', ( #1243 ), #1244, .T. );
#479 = ADVANCED_FACE( '', ( #1245 ), #1246, .T. );
#480 = ADVANCED_FACE( '', ( #1247 ), #1248, .F. );
#481 = ADVANCED_FACE( '', ( #1249 ), #1250, .T. );
#482 = ADVANCED_FACE( '', ( #1251 ), #1252, .T. );
#483 = ADVANCED_FACE( '', ( #1253 ), #1254, .T. );
#484 = ADVANCED_FACE( '', ( #1255 ), #1256, .F. );
#485 = ADVANCED_FACE( '', ( #1257 ), #1258, .T. );
#486 = ADVANCED_FACE( '', ( #1259 ), #1260, .T. );
#487 = ADVANCED_FACE( '', ( #1261 ), #1262, .T. );
#488 = ADVANCED_FACE( '', ( #1263 ), #1264, .T. );
#489 = ADVANCED_FACE( '', ( #1265 ), #1266, .T. );
#490 = ADVANCED_FACE( '', ( #1267 ), #1268, .T. );
#491 = ADVANCED_FACE( '', ( #1269 ), #1270, .F. );
#492 = ADVANCED_FACE( '', ( #1271 ), #1272, .T. );
#493 = ADVANCED_FACE( '', ( #1273 ), #1274, .T. );
#494 = ADVANCED_FACE( '', ( #1275 ), #1276, .T. );
#495 = ADVANCED_FACE( '', ( #1277 ), #1278, .F. );
#496 = ADVANCED_FACE( '', ( #1279 ), #1280, .F. );
#497 = ADVANCED_FACE( '', ( #1281 ), #1282, .T. );
#498 = ADVANCED_FACE( '', ( #1283 ), #1284, .F. );
#499 = ADVANCED_FACE( '', ( #1285 ), #1286, .T. );
#500 = ADVANCED_FACE( '', ( #1287 ), #1288, .F. );
#501 = ADVANCED_FACE( '', ( #1289 ), #1290, .F. );
#502 = ADVANCED_FACE( '', ( #1291 ), #1292, .T. );
#503 = ADVANCED_FACE( '', ( #1293 ), #1294, .T. );
#504 = ADVANCED_FACE( '', ( #1295 ), #1296, .F. );
#505 = ADVANCED_FACE( '', ( #1297 ), #1298, .T. );
#506 = ADVANCED_FACE( '', ( #1299 ), #1300, .F. );
#507 = ADVANCED_FACE( '', ( #1301 ), #1302, .T. );
#508 = ADVANCED_FACE( '', ( #1303 ), #1304, .T. );
#509 = ADVANCED_FACE( '', ( #1305 ), #1306, .T. );
#510 = ADVANCED_FACE( '', ( #1307 ), #1308, .F. );
#511 = ADVANCED_FACE( '', ( #1309 ), #1310, .F. );
#512 = ADVANCED_FACE( '', ( #1311 ), #1312, .F. );
#513 = ADVANCED_FACE( '', ( #1313 ), #1314, .F. );
#514 = ADVANCED_FACE( '', ( #1315 ), #1316, .F. );
#515 = ADVANCED_FACE( '', ( #1317 ), #1318, .F. );
#516 = ADVANCED_FACE( '', ( #1319 ), #1320, .T. );
#517 = ADVANCED_FACE( '', ( #1321 ), #1322, .T. );
#518 = ADVANCED_FACE( '', ( #1323 ), #1324, .F. );
#519 = ADVANCED_FACE( '', ( #1325 ), #1326, .T. );
#520 = ADVANCED_FACE( '', ( #1327 ), #1328, .T. );
#521 = ADVANCED_FACE( '', ( #1329 ), #1330, .T. );
#522 = ADVANCED_FACE( '', ( #1331 ), #1332, .T. );
#523 = ADVANCED_FACE( '', ( #1333 ), #1334, .F. );
#524 = ADVANCED_FACE( '', ( #1335 ), #1336, .T. );
#525 = ADVANCED_FACE( '', ( #1337 ), #1338, .T. );
#526 = ADVANCED_FACE( '', ( #1339 ), #1340, .T. );
#527 = ADVANCED_FACE( '', ( #1341 ), #1342, .F. );
#528 = ADVANCED_FACE( '', ( #1343 ), #1344, .T. );
#529 = ADVANCED_FACE( '', ( #1345 ), #1346, .T. );
#530 = ADVANCED_FACE( '', ( #1347 ), #1348, .T. );
#531 = ADVANCED_FACE( '', ( #1349 ), #1350, .T. );
#532 = ADVANCED_FACE( '', ( #1351 ), #1352, .T. );
#533 = ADVANCED_FACE( '', ( #1353 ), #1354, .T. );
#534 = ADVANCED_FACE( '', ( #1355 ), #1356, .F. );
#535 = ADVANCED_FACE( '', ( #1357 ), #1358, .T. );
#536 = ADVANCED_FACE( '', ( #1359 ), #1360, .T. );
#537 = ADVANCED_FACE( '', ( #1361 ), #1362, .T. );
#538 = ADVANCED_FACE( '', ( #1363 ), #1364, .T. );
#539 = ADVANCED_FACE( '', ( #1365 ), #1366, .T. );
#540 = ADVANCED_FACE( '', ( #1367 ), #1368, .T. );
#541 = ADVANCED_FACE( '', ( #1369 ), #1370, .T. );
#542 = ADVANCED_FACE( '', ( #1371 ), #1372, .T. );
#543 = ADVANCED_FACE( '', ( #1373 ), #1374, .T. );
#544 = ADVANCED_FACE( '', ( #1375 ), #1376, .T. );
#545 = ADVANCED_FACE( '', ( #1377 ), #1378, .T. );
#546 = ADVANCED_FACE( '', ( #1379 ), #1380, .T. );
#547 = ADVANCED_FACE( '', ( #1381 ), #1382, .T. );
#548 = ADVANCED_FACE( '', ( #1383 ), #1384, .T. );
#549 = ADVANCED_FACE( '', ( #1385 ), #1386, .T. );
#550 = ADVANCED_FACE( '', ( #1387 ), #1388, .T. );
#551 = ADVANCED_FACE( '', ( #1389 ), #1390, .T. );
#552 = ADVANCED_FACE( '', ( #1391 ), #1392, .F. );
#553 = ADVANCED_FACE( '', ( #1393 ), #1394, .F. );
#554 = ADVANCED_FACE( '', ( #1395 ), #1396, .T. );
#555 = ADVANCED_FACE( '', ( #1397 ), #1398, .T. );
#556 = ADVANCED_FACE( '', ( #1399 ), #1400, .F. );
#557 = ADVANCED_FACE( '', ( #1401 ), #1402, .F. );
#558 = ADVANCED_FACE( '', ( #1403, #1404 ), #1405, .F. );
#559 = ADVANCED_FACE( '', ( #1406 ), #1407, .T. );
#560 = ADVANCED_FACE( '', ( #1408 ), #1409, .T. );
#561 = ADVANCED_FACE( '', ( #1410 ), #1411, .T. );
#562 = ADVANCED_FACE( '', ( #1412 ), #1413, .T. );
#563 = ADVANCED_FACE( '', ( #1414 ), #1415, .T. );
#564 = ADVANCED_FACE( '', ( #1416 ), #1417, .T. );
#565 = ADVANCED_FACE( '', ( #1418 ), #1419, .T. );
#566 = ADVANCED_FACE( '', ( #1420 ), #1421, .F. );
#567 = ADVANCED_FACE( '', ( #1422 ), #1423, .F. );
#568 = ADVANCED_FACE( '', ( #1424 ), #1425, .T. );
#569 = ADVANCED_FACE( '', ( #1426 ), #1427, .F. );
#570 = ADVANCED_FACE( '', ( #1428 ), #1429, .T. );
#571 = ADVANCED_FACE( '', ( #1430 ), #1431, .T. );
#572 = ADVANCED_FACE( '', ( #1432 ), #1433, .T. );
#573 = ADVANCED_FACE( '', ( #1434 ), #1435, .T. );
#574 = ADVANCED_FACE( '', ( #1436 ), #1437, .T. );
#575 = ADVANCED_FACE( '', ( #1438 ), #1439, .T. );
#576 = ADVANCED_FACE( '', ( #1440 ), #1441, .T. );
#577 = ADVANCED_FACE( '', ( #1442 ), #1443, .F. );
#578 = ADVANCED_FACE( '', ( #1444 ), #1445, .T. );
#579 = ADVANCED_FACE( '', ( #1446 ), #1447, .T. );
#580 = ADVANCED_FACE( '', ( #1448 ), #1449, .T. );
#581 = ADVANCED_FACE( '', ( #1450 ), #1451, .T. );
#582 = ADVANCED_FACE( '', ( #1452 ), #1453, .T. );
#583 = ADVANCED_FACE( '', ( #1454 ), #1455, .T. );
#584 = ADVANCED_FACE( '', ( #1456 ), #1457, .F. );
#585 = ADVANCED_FACE( '', ( #1458 ), #1459, .T. );
#586 = ADVANCED_FACE( '', ( #1460 ), #1461, .F. );
#587 = ADVANCED_FACE( '', ( #1462 ), #1463, .T. );
#588 = ADVANCED_FACE( '', ( #1464 ), #1465, .T. );
#589 = ADVANCED_FACE( '', ( #1466 ), #1467, .T. );
#590 = ADVANCED_FACE( '', ( #1468 ), #1469, .T. );
#591 = ADVANCED_FACE( '', ( #1470 ), #1471, .T. );
#592 = ADVANCED_FACE( '', ( #1472 ), #1473, .T. );
#593 = ADVANCED_FACE( '', ( #1474 ), #1475, .T. );
#594 = ADVANCED_FACE( '', ( #1476 ), #1477, .T. );
#596 = SURFACE_STYLE_FILL_AREA( #1478 );
#597 = ORIENTED_EDGE( '', *, *, #1479, .F. );
#598 = ORIENTED_EDGE( '', *, *, #1480, .F. );
#599 = ORIENTED_EDGE( '', *, *, #1481, .T. );
#600 = ORIENTED_EDGE( '', *, *, #1482, .T. );
#601 = CARTESIAN_POINT( '', ( -7.30000000000000, -3.35000000000000, -3.44431912260194E-016 ) );
#602 = DIRECTION( '', ( 2.55134749822366E-016, 0.000000000000000, -1.00000000000000 ) );
#603 = DIRECTION( '', ( -1.00000000000000, 0.000000000000000, -2.55134749822366E-016 ) );
#604 = SURFACE_STYLE_FILL_AREA( #1483 );
#605 = ORIENTED_EDGE( '', *, *, #1484, .F. );
#606 = ORIENTED_EDGE( '', *, *, #1485, .T. );
#607 = ORIENTED_EDGE( '', *, *, #1486, .T. );
#608 = ORIENTED_EDGE( '', *, *, #1487, .F. );
#609 = ORIENTED_EDGE( '', *, *, #1488, .T. );
#610 = CARTESIAN_POINT( '', ( -5.95000000000000, -3.35000000000000, 1.80000000000000 ) );
#611 = DIRECTION( '', ( 0.000000000000000, 0.000000000000000, -1.00000000000000 ) );
#612 = DIRECTION( '', ( -1.00000000000000, 0.000000000000000, 0.000000000000000 ) );
#613 = SURFACE_STYLE_FILL_AREA( #1489 );
#614 = ORIENTED_EDGE( '', *, *, #1490, .F. );
#615 = ORIENTED_EDGE( '', *, *, #1491, .F. );
#616 = ORIENTED_EDGE( '', *, *, #1492, .T. );
#617 = ORIENTED_EDGE( '', *, *, #1493, .T. );
#618 = ORIENTED_EDGE( '', *, *, #1487, .T. );
#619 = ORIENTED_EDGE( '', *, *, #1494, .T. );
#620 = CARTESIAN_POINT( '', ( 5.95000000000000, -3.35000000000000, 1.80000000000000 ) );
#621 = DIRECTION( '', ( -1.00000000000000, 0.000000000000000, 9.63735264431560E-016 ) );
#622 = DIRECTION( '', ( 9.63735264431560E-016, 0.000000000000000, 1.00000000000000 ) );
#623 = SURFACE_STYLE_FILL_AREA( #1495 );
#624 = ORIENTED_EDGE( '', *, *, #1496, .F. );
#625 = ORIENTED_EDGE( '', *, *, #1497, .F. );
#626 = ORIENTED_EDGE( '', *, *, #1498, .T. );
#627 = ORIENTED_EDGE( '', *, *, #1499, .T. );
#628 = CARTESIAN_POINT( '', ( 7.30000000000000, -3.35000000000000, 3.00000000000000 ) );
#629 = DIRECTION( '', ( 1.00000000000000, 0.000000000000000, -5.78241158658935E-016 ) );
#630 = DIRECTION( '', ( -5.78241158658935E-016, 0.000000000000000, -1.00000000000000 ) );
#631 = SURFACE_STYLE_FILL_AREA( #1500 );
#632 = ORIENTED_EDGE( '', *, *, #1501, .F. );
#633 = ORIENTED_EDGE( '', *, *, #1502, .T. );
#634 = ORIENTED_EDGE( '', *, *, #1485, .F. );
#635 = ORIENTED_EDGE( '', *, *, #1503, .T. );
#636 = ORIENTED_EDGE( '', *, *, #1504, .T. );
#637 = ORIENTED_EDGE( '', *, *, #1480, .T. );
#638 = CARTESIAN_POINT( '', ( -5.95000000000000, -3.35000000000000, 0.000000000000000 ) );
#639 = DIRECTION( '', ( 1.00000000000000, 0.000000000000000, 9.63735264431560E-016 ) );
#640 = DIRECTION( '', ( 9.63735264431560E-016, 0.000000000000000, -1.00000000000000 ) );
#641 = SURFACE_STYLE_FILL_AREA( #1505 );
#642 = ORIENTED_EDGE( '', *, *, #1493, .F. );
#643 = ORIENTED_EDGE( '', *, *, #1506, .F. );
#644 = ORIENTED_EDGE( '', *, *, #1503, .F. );
#645 = ORIENTED_EDGE( '', *, *, #1488, .F. );
#646 = CARTESIAN_POINT( '', ( -5.95000000000000, -2.85000000000000, 2.30000000000000 ) );
#647 = DIRECTION( '', ( -1.00000000000000, -0.000000000000000, -0.000000000000000 ) );
#648 = DIRECTION( '', ( 0.000000000000000, 0.000000000000000, -1.00000000000000 ) );
#649 = SURFACE_STYLE_FILL_AREA( #1507 );
#650 = ORIENTED_EDGE( '', *, *, #1508, .T. );
#651 = ORIENTED_EDGE( '', *, *, #1501, .T. );
#652 = ORIENTED_EDGE( '', *, *, #1479, .T. );
#653 = ORIENTED_EDGE( '', *, *, #1509, .T. );
#654 = ORIENTED_EDGE( '', *, *, #1510, .T. );
#655 = ORIENTED_EDGE( '', *, *, #1496, .T. );
#656 = ORIENTED_EDGE( '', *, *, #1511, .T. );
#657 = ORIENTED_EDGE( '', *, *, #1490, .T. );
#658 = CARTESIAN_POINT( '', ( -7.30000000000000, 3.35000000000000, -3.44431912260194E-016 ) );
#659 = DIRECTION( '', ( 0.000000000000000, 1.00000000000000, 0.000000000000000 ) );
#660 = DIRECTION( '', ( 0.000000000000000, 0.000000000000000, 1.00000000000000 ) );
#661 = SURFACE_STYLE_FILL_AREA( #1512 );
#662 = ORIENTED_EDGE( '', *, *, #1513, .T. );
#663 = CARTESIAN_POINT( '', ( 4.36595107072001E-016, 0.000000000000000, 0.000000000000000 ) );
#664 = DIRECTION( '', ( 0.000000000000000, 0.000000000000000, -1.00000000000000 ) );
#665 = DIRECTION( '', ( -1.00000000000000, 0.000000000000000, 0.000000000000000 ) );
#666 = SURFACE_STYLE_FILL_AREA( #1514 );
#667 = ORIENTED_EDGE( '', *, *, #1494, .F. );
#668 = ORIENTED_EDGE( '', *, *, #1486, .F. );
#669 = ORIENTED_EDGE( '', *, *, #1502, .F. );
#670 = ORIENTED_EDGE( '', *, *, #1508, .F. );
#671 = CARTESIAN_POINT( '', ( -7.30000000000000, 2.85000000000000, 2.30000000000000 ) );
#672 = DIRECTION( '', ( 1.00000000000000, -0.000000000000000, -0.000000000000000 ) );
#673 = DIRECTION( '', ( 0.000000000000000, 0.000000000000000, 1.00000000000000 ) );
#674 = SURFACE_STYLE_FILL_AREA( #1515 );
#675 = ORIENTED_EDGE( '', *, *, #1509, .F. );
#676 = ORIENTED_EDGE( '', *, *, #1482, .F. );
#677 = ORIENTED_EDGE( '', *, *, #1516, .T. );
#678 = ORIENTED_EDGE( '', *, *, #1517, .T. );
#679 = CARTESIAN_POINT( '', ( -7.30000000000000, -3.35000000000000, -3.44431912260194E-016 ) );
#680 = DIRECTION( '', ( -1.00000000000000, 0.000000000000000, 0.000000000000000 ) );
#681 = DIRECTION( '', ( 0.000000000000000, 0.000000000000000, 1.00000000000000 ) );
#682 = SURFACE_STYLE_FILL_AREA( #1518 );
#683 = ORIENTED_EDGE( '', *, *, #1510, .F. );
#684 = ORIENTED_EDGE( '', *, *, #1517, .F. );
#685 = ORIENTED_EDGE( '', *, *, #1519, .T. );
#686 = ORIENTED_EDGE( '', *, *, #1497, .T. );
#687 = CARTESIAN_POINT( '', ( -7.30000000000000, -3.35000000000000, 3.00000000000000 ) );
#688 = DIRECTION( '', ( -1.18816676436768E-016, 0.000000000000000, 1.00000000000000 ) );
#689 = DIRECTION( '', ( 1.00000000000000, 0.000000000000000, 1.18816676436768E-016 ) );
#690 = SURFACE_STYLE_FILL_AREA( #1520 );
#691 = ORIENTED_EDGE( '', *, *, #1504, .F. );
#692 = ORIENTED_EDGE( '', *, *, #1506, .T. );
#693 = ORIENTED_EDGE( '', *, *, #1492, .F. );
#694 = ORIENTED_EDGE( '', *, *, #1521, .F. );
#695 = ORIENTED_EDGE( '', *, *, #1498, .F. );
#696 = ORIENTED_EDGE( '', *, *, #1519, .F. );
#697 = ORIENTED_EDGE( '', *, *, #1516, .F. );
#698 = ORIENTED_EDGE( '', *, *, #1481, .F. );
#699 = CARTESIAN_POINT( '', ( -7.30000000000000, -3.35000000000000, -3.44431912260194E-016 ) );
#700 = DIRECTION( '', ( 0.000000000000000, 1.00000000000000, 0.000000000000000 ) );
#701 = DIRECTION( '', ( 0.000000000000000, 0.000000000000000, 1.00000000000000 ) );
#702 = SURFACE_STYLE_FILL_AREA( #1522 );
#703 = ORIENTED_EDGE( '', *, *, #1484, .T. );
#704 = ORIENTED_EDGE( '', *, *, #1513, .F. );
#705 = CARTESIAN_POINT( '', ( 4.36595107072001E-016, 0.000000000000000, 16.3416645419003 ) );
#706 = DIRECTION( '', ( -0.000000000000000, -0.000000000000000, 1.00000000000000 ) );
#707 = DIRECTION( '', ( -1.00000000000000, 0.000000000000000, 0.000000000000000 ) );
#708 = SURFACE_STYLE_FILL_AREA( #1523 );
#709 = ORIENTED_EDGE( '', *, *, #1511, .F. );
#710 = ORIENTED_EDGE( '', *, *, #1499, .F. );
#711 = ORIENTED_EDGE( '', *, *, #1521, .T. );
#712 = ORIENTED_EDGE( '', *, *, #1491, .T. );
#713 = CARTESIAN_POINT( '', ( 7.30000000000000, -3.35000000000000, -3.44431912260194E-016 ) );
#714 = DIRECTION( '', ( -2.55134749822366E-016, 0.000000000000000, -1.00000000000000 ) );
#715 = DIRECTION( '', ( -1.00000000000000, 0.000000000000000, 2.55134749822366E-016 ) );
#716 = FACE_OUTER_BOUND( '', #1524, .T. );
#717 = PLANE( '', #1525 );
#718 = FACE_OUTER_BOUND( '', #1526, .T. );
#719 = SPHERICAL_SURFACE( '', #1527, 0.100000000000000 );
#720 = FACE_OUTER_BOUND( '', #1528, .T. );
#721 = CYLINDRICAL_SURFACE( '', #1529, 0.100000000000000 );
#722 = FACE_OUTER_BOUND( '', #1530, .T. );
#723 = PLANE( '', #1531 );
#724 = FACE_OUTER_BOUND( '', #1532, .T. );
#725 = PLANE( '', #1533 );
#726 = FACE_OUTER_BOUND( '', #1534, .T. );
#727 = FACE_OUTER_BOUND( '', #1535, .T. );
#728 = CYLINDRICAL_SURFACE( '', #1536, 5.25000000000000 );
#729 = FACE_OUTER_BOUND( '', #1537, .T. );
#730 = CYLINDRICAL_SURFACE( '', #1538, 0.150000000000000 );
#731 = FACE_OUTER_BOUND( '', #1539, .T. );
#732 = FACE_OUTER_BOUND( '', #1540, .T. );
#733 = CYLINDRICAL_SURFACE( '', #1541, 5.65000000000000 );
#734 = FACE_OUTER_BOUND( '', #1542, .T. );
#735 = FACE_OUTER_BOUND( '', #1543, .T. );
#736 = CYLINDRICAL_SURFACE( '', #1544, 2.50000000000000 );
#737 = FACE_OUTER_BOUND( '', #1545, .T. );
#738 = FACE_BOUND( '', #1546, .T. );
#739 = PLANE( '', #1547 );
#740 = FACE_OUTER_BOUND( '', #1548, .T. );
#741 = CYLINDRICAL_SURFACE( '', #1549, 0.150000000000000 );
#742 = FACE_OUTER_BOUND( '', #1550, .T. );
#743 = CYLINDRICAL_SURFACE( '', #1551, 0.100000000000000 );
#744 = FACE_OUTER_BOUND( '', #1552, .T. );
#745 = CYLINDRICAL_SURFACE( '', #1553, 0.150000000000000 );
#746 = FACE_OUTER_BOUND( '', #1554, .T. );
#747 = CYLINDRICAL_SURFACE( '', #1555, 0.100000000000000 );
#748 = FACE_OUTER_BOUND( '', #1556, .T. );
#749 = CYLINDRICAL_SURFACE( '', #1557, 0.100000000000000 );
#750 = FACE_OUTER_BOUND( '', #1558, .T. );
#751 = SPHERICAL_SURFACE( '', #1559, 0.100000000000000 );
#752 = FACE_OUTER_BOUND( '', #1560, .T. );
#753 = CYLINDRICAL_SURFACE( '', #1561, 0.100000000000000 );
#754 = FACE_OUTER_BOUND( '', #1562, .T. );
#755 = CYLINDRICAL_SURFACE( '', #1563, 0.100000000000000 );
#756 = FACE_OUTER_BOUND( '', #1564, .T. );
#757 = CYLINDRICAL_SURFACE( '', #1565, 0.100000000000000 );
#758 = FACE_OUTER_BOUND( '', #1566, .T. );
#759 = FACE_BOUND( '', #1567, .T. );
#760 = FACE_BOUND( '', #1568, .T. );
#761 = FACE_BOUND( '', #1569, .T. );
#762 = FACE_BOUND( '', #1570, .T. );
#763 = FACE_BOUND( '', #1571, .T. );
#764 = FACE_BOUND( '', #1572, .T. );
#765 = PLANE( '', #1573 );
#766 = FACE_OUTER_BOUND( '', #1574, .T. );
#767 = CYLINDRICAL_SURFACE( '', #1575, 0.100000000000000 );
#768 = FACE_OUTER_BOUND( '', #1576, .T. );
#769 = CYLINDRICAL_SURFACE( '', #1577, 0.100000000000000 );
#770 = FACE_OUTER_BOUND( '', #1578, .T. );
#771 = SPHERICAL_SURFACE( '', #1579, 0.100000000000000 );
#772 = FACE_OUTER_BOUND( '', #1580, .T. );
#773 = CYLINDRICAL_SURFACE( '', #1581, 0.100000000000000 );
#774 = FACE_OUTER_BOUND( '', #1582, .T. );
#775 = CYLINDRICAL_SURFACE( '', #1583, 0.100000000000000 );
#776 = FACE_OUTER_BOUND( '', #1584, .T. );
#777 = PLANE( '', #1585 );
#778 = FACE_OUTER_BOUND( '', #1586, .T. );
#779 = SPHERICAL_SURFACE( '', #1587, 0.100000000000000 );
#780 = FACE_OUTER_BOUND( '', #1588, .T. );
#781 = CYLINDRICAL_SURFACE( '', #1589, 0.100000000000000 );
#782 = FACE_OUTER_BOUND( '', #1590, .T. );
#783 = CYLINDRICAL_SURFACE( '', #1591, 0.100000000000000 );
#784 = FACE_OUTER_BOUND( '', #1592, .T. );
#785 = CYLINDRICAL_SURFACE( '', #1593, 0.100000000000000 );
#786 = FACE_OUTER_BOUND( '', #1594, .T. );
#787 = CYLINDRICAL_SURFACE( '', #1595, 0.100000000000000 );
#788 = FACE_OUTER_BOUND( '', #1596, .T. );
#789 = CYLINDRICAL_SURFACE( '', #1597, 0.100000000000000 );
#790 = FACE_OUTER_BOUND( '', #1598, .T. );
#791 = CYLINDRICAL_SURFACE( '', #1599, 0.100000000000000 );
#792 = FACE_OUTER_BOUND( '', #1600, .T. );
#793 = SPHERICAL_SURFACE( '', #1601, 0.100000000000000 );
#794 = FACE_OUTER_BOUND( '', #1602, .T. );
#795 = CYLINDRICAL_SURFACE( '', #1603, 0.100000000000000 );
#796 = FACE_OUTER_BOUND( '', #1604, .T. );
#797 = CYLINDRICAL_SURFACE( '', #1605, 0.100000000000000 );
#798 = FACE_OUTER_BOUND( '', #1606, .T. );
#799 = SPHERICAL_SURFACE( '', #1607, 0.100000000000000 );
#800 = FACE_OUTER_BOUND( '', #1608, .T. );
#801 = ( B_SPLINE_SURFACE( 3, 2, ( ( #1610, #1611, #1612 ), ( #1613, #1614, #1615 ), ( #1616, #1617, #1618 ), ( #1619, #1620, #1621 ), ( #1622, #1623, #1624 ), ( #1625, #1626, #1627 ) ), .UNSPECIFIED., .F., .F., .F. )B_SPLINE_SURFACE_WITH_KNOTS( ( 4, 2, 4 ), ( 3, 3 ), ( 1.57079632679490, 2.35619449019234, 3.14159265358979 ), ( 0.000000000000000, 1.00000000000000 ), .UNSPECIFIED. )RATIONAL_B_SPLINE_SURFACE( ( ( 1.00000000000000, 0.707106781186546, 1.00000000000000 ), ( 1.00000000000000, 0.781964487631978, 1.00000000000000 ), ( 1.00000000000000, 0.843943377706412, 1.00000000000000 ), ( 1.00000000000000, 0.928182148858948, 1.00000000000000 ), ( 1.00000000000000, 0.950513193481134, 1.00000000000000 ), ( 1.00000000000000, 0.950369663829741, 1.00000000000000 ) ) )BOUNDED_SURFACE(  )REPRESENTATION_ITEM( '' )GEOMETRIC_REPRESENTATION_ITEM(  )SURFACE(  ) );
#802 = FACE_OUTER_BOUND( '', #1634, .T. );
#803 = SPHERICAL_SURFACE( '', #1635, 0.100000000000000 );
#804 = FACE_OUTER_BOUND( '', #1636, .T. );
#805 = CYLINDRICAL_SURFACE( '', #1637, 0.100000000000000 );
#806 = FACE_OUTER_BOUND( '', #1638, .T. );
#807 = PLANE( '', #1639 );
#808 = FACE_OUTER_BOUND( '', #1640, .T. );
#809 = ( B_SPLINE_SURFACE( 3, 2, ( ( #1642, #1643, #1644 ), ( #1645, #1646, #1647 ), ( #1648, #1649, #1650 ), ( #1651, #1652, #1653 ), ( #1654, #1655, #1656 ), ( #1657, #1658, #1659 ) ), .UNSPECIFIED., .F., .F., .F. )B_SPLINE_SURFACE_WITH_KNOTS( ( 4, 2, 4 ), ( 3, 3 ), ( 0.000000000000000, 0.785398163397448, 1.57079632679490 ), ( 0.000000000000000, 1.00000000000000 ), .UNSPECIFIED. )RATIONAL_B_SPLINE_SURFACE( ( ( 1.00000000000000, 0.950369663829740, 1.00000000000000 ), ( 1.00000000000000, 0.950513193481190, 1.00000000000000 ), ( 1.00000000000000, 0.928182148858874, 1.00000000000000 ), ( 1.00000000000000, 0.843943377706490, 1.00000000000000 ), ( 1.00000000000000, 0.781964487631923, 1.00000000000000 ), ( 1.00000000000000, 0.707106781186550, 1.00000000000000 ) ) )BOUNDED_SURFACE(  )REPRESENTATION_ITEM( '' )GEOMETRIC_REPRESENTATION_ITEM(  )SURFACE(  ) );
#810 = FACE_OUTER_BOUND( '', #1666, .T. );
#811 = CYLINDRICAL_SURFACE( '', #1667, 0.100000000000000 );
#812 = FACE_OUTER_BOUND( '', #1668, .T. );
#813 = ( B_SPLINE_SURFACE( 3, 2, ( ( #1670, #1671, #1672 ), ( #1673, #1674, #1675 ), ( #1676, #1677, #1678 ), ( #1679, #1680, #1681 ), ( #1682, #1683, #1684 ), ( #1685, #1686, #1687 ) ), .UNSPECIFIED., .F., .F., .F. )B_SPLINE_SURFACE_WITH_KNOTS( ( 4, 2, 4 ), ( 3, 3 ), ( 4.71238898038469, 5.49778714378214, 6.28318530717959 ), ( 0.000000000000000, 1.00000000000000 ), .UNSPECIFIED. )RATIONAL_B_SPLINE_SURFACE( ( ( 1.00000000000000, 0.707106781186548, 1.00000000000000 ), ( 1.00000000000000, 0.762075391280273, 1.00000000000000 ), ( 1.00000000000000, 0.809566793242426, 1.00000000000000 ), ( 1.00000000000000, 0.874569339437079, 1.00000000000000 ), ( 1.00000000000000, 0.892162663580192, 1.00000000000000 ), ( 1.00000000000000, 0.892009995355297, 1.00000000000000 ) ) )BOUNDED_SURFACE(  )REPRESENTATION_ITEM( '' )GEOMETRIC_REPRESENTATION_ITEM(  )SURFACE(  ) );
#814 = FACE_OUTER_BOUND( '', #1694, .T. );
#815 = CYLINDRICAL_SURFACE( '', #1695, 0.100000000000000 );
#816 = FACE_OUTER_BOUND( '', #1696, .T. );
#817 = CYLINDRICAL_SURFACE( '', #1697, 0.100000000000000 );
#818 = FACE_OUTER_BOUND( '', #1698, .T. );
#819 = CYLINDRICAL_SURFACE( '', #1699, 0.100000000000000 );
#820 = FACE_OUTER_BOUND( '', #1700, .T. );
#821 = ( B_SPLINE_SURFACE( 3, 2, ( ( #1702, #1703, #1704 ), ( #1705, #1706, #1707 ), ( #1708, #1709, #1710 ), ( #1711, #1712, #1713 ), ( #1714, #1715, #1716 ), ( #1717, #1718, #1719 ) ), .UNSPECIFIED., .F., .F., .F. )B_SPLINE_SURFACE_WITH_KNOTS( ( 4, 2, 4 ), ( 3, 3 ), ( 3.14159265358979, 3.92699081698724, 4.71238898038469 ), ( 0.000000000000000, 1.00000000000000 ), .UNSPECIFIED. )RATIONAL_B_SPLINE_SURFACE( ( ( 1.00000000000000, 0.892009995355299, 1.00000000000000 ), ( 1.00000000000000, 0.892162663580233, 1.00000000000000 ), ( 1.00000000000000, 0.874569339437026, 1.00000000000000 ), ( 1.00000000000000, 0.809566793242478, 1.00000000000000 ), ( 1.00000000000000, 0.762075391280237, 1.00000000000000 ), ( 1.00000000000000, 0.707106781186551, 1.00000000000000 ) ) )BOUNDED_SURFACE(  )REPRESENTATION_ITEM( '' )GEOMETRIC_REPRESENTATION_ITEM(  )SURFACE(  ) );
#822 = FACE_OUTER_BOUND( '', #1726, .T. );
#823 = SPHERICAL_SURFACE( '', #1727, 0.100000000000000 );
#824 = FACE_OUTER_BOUND( '', #1728, .T. );
#825 = CYLINDRICAL_SURFACE( '', #1729, 0.100000000000000 );
#826 = FACE_OUTER_BOUND( '', #1730, .T. );
#827 = ( B_SPLINE_SURFACE( 3, 2, ( ( #1732, #1733, #1734 ), ( #1735, #1736, #1737 ), ( #1738, #1739, #1740 ), ( #1741, #1742, #1743 ), ( #1744, #1745, #1746 ), ( #1747, #1748, #1749 ) ), .UNSPECIFIED., .F., .F., .F. )B_SPLINE_SURFACE_WITH_KNOTS( ( 4, 2, 4 ), ( 3, 3 ), ( -1.77635683940025E-015, 0.785398163397447, 1.57079632679490 ), ( 0.000000000000000, 1.00000000000000 ), .UNSPECIFIED. )RATIONAL_B_SPLINE_SURFACE( ( ( 1.00000000000000, 0.950369663829741, 1.00000000000000 ), ( 1.00000000000000, 0.950513193481169, 1.00000000000000 ), ( 1.00000000000000, 0.928182148858905, 1.00000000000000 ), ( 1.00000000000000, 0.843943377706457, 1.00000000000000 ), ( 1.00000000000000, 0.781964487631946, 1.00000000000000 ), ( 1.00000000000000, 0.707106781186546, 1.00000000000000 ) ) )BOUNDED_SURFACE(  )REPRESENTATION_ITEM( '' )GEOMETRIC_REPRESENTATION_ITEM(  )SURFACE(  ) );
#828 = FACE_OUTER_BOUND( '', #1756, .T. );
#829 = CYLINDRICAL_SURFACE( '', #1757, 0.100000000000000 );
#830 = FACE_OUTER_BOUND( '', #1758, .T. );
#831 = ( B_SPLINE_SURFACE( 3, 2, ( ( #1760, #1761, #1762 ), ( #1763, #1764, #1765 ), ( #1766, #1767, #1768 ), ( #1769, #1770, #1771 ), ( #1772, #1773, #1774 ), ( #1775, #1776, #1777 ) ), .UNSPECIFIED., .F., .F., .F. )B_SPLINE_SURFACE_WITH_KNOTS( ( 4, 2, 4 ), ( 3, 3 ), ( 3.14159265358979, 3.92699081698724, 4.71238898038469 ), ( 0.000000000000000, 1.00000000000000 ), .UNSPECIFIED. )RATIONAL_B_SPLINE_SURFACE( ( ( 1.00000000000000, 0.892009995355297, 1.00000000000000 ), ( 1.00000000000000, 0.892162663580190, 1.00000000000000 ), ( 1.00000000000000, 0.874569339437082, 1.00000000000000 ), ( 1.00000000000000, 0.809566793242422, 1.00000000000000 ), ( 1.00000000000000, 0.762075391280277, 1.00000000000000 ), ( 1.00000000000000, 0.707106781186548, 1.00000000000000 ) ) )BOUNDED_SURFACE(  )REPRESENTATION_ITEM( '' )GEOMETRIC_REPRESENTATION_ITEM(  )SURFACE(  ) );
#832 = FACE_OUTER_BOUND( '', #1784, .T. );
#833 = CYLINDRICAL_SURFACE( '', #1785, 0.100000000000000 );
#834 = FACE_OUTER_BOUND( '', #1786, .T. );
#835 = CYLINDRICAL_SURFACE( '', #1787, 0.100000000000000 );
#836 = FACE_OUTER_BOUND( '', #1788, .T. );
#837 = ( B_SPLINE_SURFACE( 3, 2, ( ( #1790, #1791, #1792 ), ( #1793, #1794, #1795 ), ( #1796, #1797, #1798 ), ( #1799, #1800, #1801 ), ( #1802, #1803, #1804 ), ( #1805, #1806, #1807 ) ), .UNSPECIFIED., .F., .F., .F. )B_SPLINE_SURFACE_WITH_KNOTS( ( 4, 2, 4 ), ( 3, 3 ), ( 1.57079632679490, 2.35619449019234, 3.14159265358979 ), ( 0.000000000000000, 1.00000000000000 ), .UNSPECIFIED. )RATIONAL_B_SPLINE_SURFACE( ( ( 1.00000000000000, 0.707106781186547, 1.00000000000000 ), ( 1.00000000000000, 0.781964487631967, 1.00000000000000 ), ( 1.00000000000000, 0.843943377706428, 1.00000000000000 ), ( 1.00000000000000, 0.928182148858932, 1.00000000000000 ), ( 1.00000000000000, 0.950513193481145, 1.00000000000000 ), ( 1.00000000000000, 0.950369663829741, 1.00000000000000 ) ) )BOUNDED_SURFACE(  )REPRESENTATION_ITEM( '' )GEOMETRIC_REPRESENTATION_ITEM(  )SURFACE(  ) );
#838 = FACE_OUTER_BOUND( '', #1814, .T. );
#839 = CYLINDRICAL_SURFACE( '', #1815, 0.100000000000000 );
#840 = FACE_OUTER_BOUND( '', #1816, .T. );
#841 = ( B_SPLINE_SURFACE( 3, 2, ( ( #1818, #1819, #1820 ), ( #1821, #1822, #1823 ), ( #1824, #1825, #1826 ), ( #1827, #1828, #1829 ), ( #1830, #1831, #1832 ), ( #1833, #1834, #1835 ) ), .UNSPECIFIED., .F., .F., .F. )B_SPLINE_SURFACE_WITH_KNOTS( ( 4, 2, 4 ), ( 3, 3 ), ( 4.71238898038469, 5.49778714378214, 6.28318530717959 ), ( 0.000000000000000, 1.00000000000000 ), .UNSPECIFIED. )RATIONAL_B_SPLINE_SURFACE( ( ( 1.00000000000000, 0.707106781186548, 1.00000000000000 ), ( 1.00000000000000, 0.762075391280254, 1.00000000000000 ), ( 1.00000000000000, 0.809566793242452, 1.00000000000000 ), ( 1.00000000000000, 0.874569339437053, 1.00000000000000 ), ( 1.00000000000000, 0.892162663580212, 1.00000000000000 ), ( 1.00000000000000, 0.892009995355297, 1.00000000000000 ) ) )BOUNDED_SURFACE(  )REPRESENTATION_ITEM( '' )GEOMETRIC_REPRESENTATION_ITEM(  )SURFACE(  ) );
#842 = FACE_OUTER_BOUND( '', #1842, .T. );
#843 = CYLINDRICAL_SURFACE( '', #1843, 0.100000000000000 );
#844 = FACE_OUTER_BOUND( '', #1844, .T. );
#845 = CYLINDRICAL_SURFACE( '', #1845, 0.100000000000000 );
#846 = FACE_OUTER_BOUND( '', #1846, .T. );
#847 = ( B_SPLINE_SURFACE( 3, 2, ( ( #1848, #1849, #1850 ), ( #1851, #1852, #1853 ), ( #1854, #1855, #1856 ), ( #1857, #1858, #1859 ), ( #1860, #1861, #1862 ), ( #1863, #1864, #1865 ) ), .UNSPECIFIED., .F., .F., .F. )B_SPLINE_SURFACE_WITH_KNOTS( ( 4, 2, 4 ), ( 3, 3 ), ( -8.88178419700125E-016, 0.785398163397448, 1.57079632679490 ), ( 0.000000000000000, 1.00000000000000 ), .UNSPECIFIED. )RATIONAL_B_SPLINE_SURFACE( ( ( 1.00000000000000, 0.950369663829741, 1.00000000000000 ), ( 1.00000000000000, 0.950513193481156, 1.00000000000000 ), ( 1.00000000000000, 0.928182148858920, 1.00000000000000 ), ( 1.00000000000000, 0.843943377706440, 1.00000000000000 ), ( 1.00000000000000, 0.781964487631957, 1.00000000000000 ), ( 1.00000000000000, 0.707106781186546, 1.00000000000000 ) ) )BOUNDED_SURFACE(  )REPRESENTATION_ITEM( '' )GEOMETRIC_REPRESENTATION_ITEM(  )SURFACE(  ) );
#848 = FACE_OUTER_BOUND( '', #1872, .T. );
#849 = CYLINDRICAL_SURFACE( '', #1873, 0.100000000000000 );
#850 = FACE_OUTER_BOUND( '', #1874, .T. );
#851 = ( B_SPLINE_SURFACE( 3, 2, ( ( #1876, #1877, #1878 ), ( #1879, #1880, #1881 ), ( #1882, #1883, #1884 ), ( #1885, #1886, #1887 ), ( #1888, #1889, #1890 ), ( #1891, #1892, #1893 ) ), .UNSPECIFIED., .F., .F., .F. )B_SPLINE_SURFACE_WITH_KNOTS( ( 4, 2, 4 ), ( 3, 3 ), ( 3.14159265358979, 3.92699081698724, 4.71238898038469 ), ( 0.000000000000000, 1.00000000000000 ), .UNSPECIFIED. )RATIONAL_B_SPLINE_SURFACE( ( ( 1.00000000000000, 0.892009995355297, 1.00000000000000 ), ( 1.00000000000000, 0.892162663580187, 1.00000000000000 ), ( 1.00000000000000, 0.874569339437086, 1.00000000000000 ), ( 1.00000000000000, 0.809566793242419, 1.00000000000000 ), ( 1.00000000000000, 0.762075391280279, 1.00000000000000 ), ( 1.00000000000000, 0.707106781186548, 1.00000000000000 ) ) )BOUNDED_SURFACE(  )REPRESENTATION_ITEM( '' )GEOMETRIC_REPRESENTATION_ITEM(  )SURFACE(  ) );
#852 = FACE_OUTER_BOUND( '', #1900, .T. );
#853 = CYLINDRICAL_SURFACE( '', #1901, 0.100000000000000 );
#854 = FACE_OUTER_BOUND( '', #1902, .T. );
#855 = CYLINDRICAL_SURFACE( '', #1903, 0.100000000000000 );
#856 = FACE_OUTER_BOUND( '', #1904, .T. );
#857 = ( B_SPLINE_SURFACE( 3, 2, ( ( #1906, #1907, #1908 ), ( #1909, #1910, #1911 ), ( #1912, #1913, #1914 ), ( #1915, #1916, #1917 ), ( #1918, #1919, #1920 ), ( #1921, #1922, #1923 ) ), .UNSPECIFIED., .F., .F., .F. )B_SPLINE_SURFACE_WITH_KNOTS( ( 4, 2, 4 ), ( 3, 3 ), ( 1.57079632679490, 2.35619449019235, 3.14159265358979 ), ( 0.000000000000000, 1.00000000000000 ), .UNSPECIFIED. )RATIONAL_B_SPLINE_SURFACE( ( ( 1.00000000000000, 0.707106781186546, 1.00000000000000 ), ( 1.00000000000000, 0.781964487631968, 1.00000000000000 ), ( 1.00000000000000, 0.843943377706429, 1.00000000000000 ), ( 1.00000000000000, 0.928182148858933, 1.00000000000000 ), ( 1.00000000000000, 0.950513193481145, 1.00000000000000 ), ( 1.00000000000000, 0.950369663829741, 1.00000000000000 ) ) )BOUNDED_SURFACE(  )REPRESENTATION_ITEM( '' )GEOMETRIC_REPRESENTATION_ITEM(  )SURFACE(  ) );
#858 = FACE_OUTER_BOUND( '', #1930, .T. );
#859 = CYLINDRICAL_SURFACE( '', #1931, 0.100000000000000 );
#860 = FACE_OUTER_BOUND( '', #1932, .T. );
#861 = ( B_SPLINE_SURFACE( 3, 2, ( ( #1934, #1935, #1936 ), ( #1937, #1938, #1939 ), ( #1940, #1941, #1942 ), ( #1943, #1944, #1945 ), ( #1946, #1947, #1948 ), ( #1949, #1950, #1951 ) ), .UNSPECIFIED., .F., .F., .F. )B_SPLINE_SURFACE_WITH_KNOTS( ( 4, 2, 4 ), ( 3, 3 ), ( 4.71238898038469, 5.49778714378214, 6.28318530717959 ), ( 0.000000000000000, 1.00000000000000 ), .UNSPECIFIED. )RATIONAL_B_SPLINE_SURFACE( ( ( 1.00000000000000, 0.707106781186546, 1.00000000000000 ), ( 1.00000000000000, 0.762075391280281, 1.00000000000000 ), ( 1.00000000000000, 0.809566793242419, 1.00000000000000 ), ( 1.00000000000000, 0.874569339437085, 1.00000000000000 ), ( 1.00000000000000, 0.892162663580188, 1.00000000000000 ), ( 1.00000000000000, 0.892009995355297, 1.00000000000000 ) ) )BOUNDED_SURFACE(  )REPRESENTATION_ITEM( '' )GEOMETRIC_REPRESENTATION_ITEM(  )SURFACE(  ) );
#862 = FACE_OUTER_BOUND( '', #1958, .T. );
#863 = CYLINDRICAL_SURFACE( '', #1959, 0.100000000000000 );
#864 = FACE_OUTER_BOUND( '', #1960, .T. );
#865 = CYLINDRICAL_SURFACE( '', #1961, 0.100000000000000 );
#866 = FACE_OUTER_BOUND( '', #1962, .T. );
#867 = ( B_SPLINE_SURFACE( 3, 2, ( ( #1964, #1965, #1966 ), ( #1967, #1968, #1969 ), ( #1970, #1971, #1972 ), ( #1973, #1974, #1975 ), ( #1976, #1977, #1978 ), ( #1979, #1980, #1981 ) ), .UNSPECIFIED., .F., .F., .F. )B_SPLINE_SURFACE_WITH_KNOTS( ( 4, 2, 4 ), ( 3, 3 ), ( 1.57079632679490, 2.35619449019234, 3.14159265358979 ), ( 0.000000000000000, 1.00000000000000 ), .UNSPECIFIED. )RATIONAL_B_SPLINE_SURFACE( ( ( 1.00000000000000, 0.707106781186546, 1.00000000000000 ), ( 1.00000000000000, 0.781964487631960, 1.00000000000000 ), ( 1.00000000000000, 0.843943377706436, 1.00000000000000 ), ( 1.00000000000000, 0.928182148858924, 1.00000000000000 ), ( 1.00000000000000, 0.950513193481152, 1.00000000000000 ), ( 1.00000000000000, 0.950369663829741, 1.00000000000000 ) ) )BOUNDED_SURFACE(  )REPRESENTATION_ITEM( '' )GEOMETRIC_REPRESENTATION_ITEM(  )SURFACE(  ) );
#868 = FACE_OUTER_BOUND( '', #1988, .T. );
#869 = CYLINDRICAL_SURFACE( '', #1989, 0.100000000000000 );
#870 = FACE_OUTER_BOUND( '', #1990, .T. );
#871 = SPHERICAL_SURFACE( '', #1991, 0.100000000000000 );
#872 = FACE_OUTER_BOUND( '', #1992, .T. );
#873 = CYLINDRICAL_SURFACE( '', #1993, 0.100000000000000 );
#874 = FACE_OUTER_BOUND( '', #1994, .T. );
#875 = CYLINDRICAL_SURFACE( '', #1995, 0.100000000000000 );
#876 = FACE_OUTER_BOUND( '', #1996, .T. );
#877 = CYLINDRICAL_SURFACE( '', #1997, 0.100000000000000 );
#878 = FACE_OUTER_BOUND( '', #1998, .T. );
#879 = ( B_SPLINE_SURFACE( 3, 2, ( ( #2000, #2001, #2002 ), ( #2003, #2004, #2005 ), ( #2006, #2007, #2008 ), ( #2009, #2010, #2011 ), ( #2012, #2013, #2014 ), ( #2015, #2016, #2017 ) ), .UNSPECIFIED., .F., .F., .F. )B_SPLINE_SURFACE_WITH_KNOTS( ( 4, 2, 4 ), ( 3, 3 ), ( 4.71238898038469, 5.49778714378214, 6.28318530717959 ), ( 0.000000000000000, 1.00000000000000 ), .UNSPECIFIED. )RATIONAL_B_SPLINE_SURFACE( ( ( 1.00000000000000, 0.707106781186548, 1.00000000000000 ), ( 1.00000000000000, 0.762075391280280, 1.00000000000000 ), ( 1.00000000000000, 0.809566793242415, 1.00000000000000 ), ( 1.00000000000000, 0.874569339437088, 1.00000000000000 ), ( 1.00000000000000, 0.892162663580185, 1.00000000000000 ), ( 1.00000000000000, 0.892009995355297, 1.00000000000000 ) ) )BOUNDED_SURFACE(  )REPRESENTATION_ITEM( '' )GEOMETRIC_REPRESENTATION_ITEM(  )SURFACE(  ) );
#880 = FACE_OUTER_BOUND( '', #2024, .T. );
#881 = ( B_SPLINE_SURFACE( 3, 2, ( ( #2026, #2027, #2028 ), ( #2029, #2030, #2031 ), ( #2032, #2033, #2034 ), ( #2035, #2036, #2037 ), ( #2038, #2039, #2040 ), ( #2041, #2042, #2043 ) ), .UNSPECIFIED., .F., .F., .F. )B_SPLINE_SURFACE_WITH_KNOTS( ( 4, 2, 4 ), ( 3, 3 ), ( 2.44452438585723E-016, 0.785398163397449, 1.57079632679490 ), ( 0.000000000000000, 1.00000000000000 ), .UNSPECIFIED. )RATIONAL_B_SPLINE_SURFACE( ( ( 1.00000000000000, 0.950369663829740, 1.00000000000000 ), ( 1.00000000000000, 0.950513193481136, 1.00000000000000 ), ( 1.00000000000000, 0.928182148858946, 1.00000000000000 ), ( 1.00000000000000, 0.843943377706418, 1.00000000000000 ), ( 1.00000000000000, 0.781964487631980, 1.00000000000000 ), ( 1.00000000000000, 0.707106781186551, 1.00000000000000 ) ) )BOUNDED_SURFACE(  )REPRESENTATION_ITEM( '' )GEOMETRIC_REPRESENTATION_ITEM(  )SURFACE(  ) );
#882 = FACE_OUTER_BOUND( '', #2050, .T. );
#883 = CYLINDRICAL_SURFACE( '', #2051, 0.100000000000000 );
#884 = FACE_OUTER_BOUND( '', #2052, .T. );
#885 = CYLINDRICAL_SURFACE( '', #2053, 0.100000000000000 );
#886 = FACE_OUTER_BOUND( '', #2054, .T. );
#887 = ( B_SPLINE_SURFACE( 3, 2, ( ( #2056, #2057, #2058 ), ( #2059, #2060, #2061 ), ( #2062, #2063, #2064 ), ( #2065, #2066, #2067 ), ( #2068, #2069, #2070 ), ( #2071, #2072, #2073 ) ), .UNSPECIFIED., .F., .F., .F. )B_SPLINE_SURFACE_WITH_KNOTS( ( 4, 2, 4 ), ( 3, 3 ), ( 3.14159265358979, 3.92699081698724, 4.71238898038469 ), ( 0.000000000000000, 1.00000000000000 ), .UNSPECIFIED. )RATIONAL_B_SPLINE_SURFACE( ( ( 1.00000000000000, 0.892009995355297, 1.00000000000000 ), ( 1.00000000000000, 0.892162663580239, 1.00000000000000 ), ( 1.00000000000000, 0.874569339437020, 1.00000000000000 ), ( 1.00000000000000, 0.809566793242484, 1.00000000000000 ), ( 1.00000000000000, 0.762075391280236, 1.00000000000000 ), ( 1.00000000000000, 0.707106781186551, 1.00000000000000 ) ) )BOUNDED_SURFACE(  )REPRESENTATION_ITEM( '' )GEOMETRIC_REPRESENTATION_ITEM(  )SURFACE(  ) );
#888 = FACE_OUTER_BOUND( '', #2080, .T. );
#889 = SPHERICAL_SURFACE( '', #2081, 0.100000000000000 );
#890 = FACE_OUTER_BOUND( '', #2082, .T. );
#891 = CYLINDRICAL_SURFACE( '', #2083, 0.100000000000000 );
#892 = FACE_OUTER_BOUND( '', #2084, .T. );
#893 = SPHERICAL_SURFACE( '', #2085, 0.100000000000000 );
#894 = FACE_OUTER_BOUND( '', #2086, .T. );
#895 = SPHERICAL_SURFACE( '', #2087, 0.100000000000000 );
#896 = FACE_OUTER_BOUND( '', #2088, .T. );
#897 = SPHERICAL_SURFACE( '', #2089, 0.100000000000000 );
#898 = FACE_OUTER_BOUND( '', #2090, .T. );
#899 = CYLINDRICAL_SURFACE( '', #2091, 0.100000000000000 );
#900 = FACE_OUTER_BOUND( '', #2092, .T. );
#901 = CYLINDRICAL_SURFACE( '', #2093, 0.100000000000000 );
#902 = FACE_OUTER_BOUND( '', #2094, .T. );
#903 = ( B_SPLINE_SURFACE( 3, 2, ( ( #2096, #2097, #2098 ), ( #2099, #2100, #2101 ), ( #2102, #2103, #2104 ), ( #2105, #2106, #2107 ), ( #2108, #2109, #2110 ), ( #2111, #2112, #2113 ) ), .UNSPECIFIED., .F., .F., .F. )B_SPLINE_SURFACE_WITH_KNOTS( ( 4, 2, 4 ), ( 3, 3 ), ( 3.14159265358979, 3.92699081698724, 4.71238898038469 ), ( 0.000000000000000, 1.00000000000000 ), .UNSPECIFIED. )RATIONAL_B_SPLINE_SURFACE( ( ( 1.00000000000000, 0.892009995355297, 1.00000000000000 ), ( 1.00000000000000, 0.892162663580238, 1.00000000000000 ), ( 1.00000000000000, 0.874569339437020, 1.00000000000000 ), ( 1.00000000000000, 0.809566793242484, 1.00000000000000 ), ( 1.00000000000000, 0.762075391280237, 1.00000000000000 ), ( 1.00000000000000, 0.707106781186549, 1.00000000000000 ) ) )BOUNDED_SURFACE(  )REPRESENTATION_ITEM( '' )GEOMETRIC_REPRESENTATION_ITEM(  )SURFACE(  ) );
#904 = FACE_OUTER_BOUND( '', #2120, .T. );
#905 = ( B_SPLINE_SURFACE( 3, 2, ( ( #2122, #2123, #2124 ), ( #2125, #2126, #2127 ), ( #2128, #2129, #2130 ), ( #2131, #2132, #2133 ), ( #2134, #2135, #2136 ), ( #2137, #2138, #2139 ) ), .UNSPECIFIED., .F., .F., .F. )B_SPLINE_SURFACE_WITH_KNOTS( ( 4, 2, 4 ), ( 3, 3 ), ( -8.88178419700125E-016, 0.785398163397448, 1.57079632679490 ), ( 0.000000000000000, 1.00000000000000 ), .UNSPECIFIED. )RATIONAL_B_SPLINE_SURFACE( ( ( 1.00000000000000, 0.950369663829740, 1.00000000000000 ), ( 1.00000000000000, 0.950513193481139, 1.00000000000000 ), ( 1.00000000000000, 0.928182148858943, 1.00000000000000 ), ( 1.00000000000000, 0.843943377706422, 1.00000000000000 ), ( 1.00000000000000, 0.781964487631978, 1.00000000000000 ), ( 1.00000000000000, 0.707106781186549, 1.00000000000000 ) ) )BOUNDED_SURFACE(  )REPRESENTATION_ITEM( '' )GEOMETRIC_REPRESENTATION_ITEM(  )SURFACE(  ) );
#906 = FACE_OUTER_BOUND( '', #2146, .T. );
#907 = CYLINDRICAL_SURFACE( '', #2147, 0.100000000000000 );
#908 = FACE_OUTER_BOUND( '', #2148, .T. );
#909 = CYLINDRICAL_SURFACE( '', #2149, 0.100000000000000 );
#910 = FACE_OUTER_BOUND( '', #2150, .T. );
#911 = CYLINDRICAL_SURFACE( '', #2151, 0.100000000000000 );
#912 = FACE_OUTER_BOUND( '', #2152, .T. );
#913 = ( B_SPLINE_SURFACE( 3, 2, ( ( #2154, #2155, #2156 ), ( #2157, #2158, #2159 ), ( #2160, #2161, #2162 ), ( #2163, #2164, #2165 ), ( #2166, #2167, #2168 ), ( #2169, #2170, #2171 ) ), .UNSPECIFIED., .F., .F., .F. )B_SPLINE_SURFACE_WITH_KNOTS( ( 4, 2, 4 ), ( 3, 3 ), ( 4.71238898038469, 5.49778714378214, 6.28318530717959 ), ( 0.000000000000000, 1.00000000000000 ), .UNSPECIFIED. )RATIONAL_B_SPLINE_SURFACE( ( ( 1.00000000000000, 0.707106781186548, 1.00000000000000 ), ( 1.00000000000000, 0.762075391280276, 1.00000000000000 ), ( 1.00000000000000, 0.809566793242422, 1.00000000000000 ), ( 1.00000000000000, 0.874569339437082, 1.00000000000000 ), ( 1.00000000000000, 0.892162663580190, 1.00000000000000 ), ( 1.00000000000000, 0.892009995355297, 1.00000000000000 ) ) )BOUNDED_SURFACE(  )REPRESENTATION_ITEM( '' )GEOMETRIC_REPRESENTATION_ITEM(  )SURFACE(  ) );
#914 = FACE_OUTER_BOUND( '', #2178, .T. );
#915 = ( B_SPLINE_SURFACE( 3, 2, ( ( #2180, #2181, #2182 ), ( #2183, #2184, #2185 ), ( #2186, #2187, #2188 ), ( #2189, #2190, #2191 ), ( #2192, #2193, #2194 ), ( #2195, #2196, #2197 ) ), .UNSPECIFIED., .F., .F., .F. )B_SPLINE_SURFACE_WITH_KNOTS( ( 4, 2, 4 ), ( 3, 3 ), ( 1.57079632679490, 2.35619449019234, 3.14159265358979 ), ( 0.000000000000000, 1.00000000000000 ), .UNSPECIFIED. )RATIONAL_B_SPLINE_SURFACE( ( ( 1.00000000000000, 0.707106781186546, 1.00000000000000 ), ( 1.00000000000000, 0.781964487631963, 1.00000000000000 ), ( 1.00000000000000, 0.843943377706432, 1.00000000000000 ), ( 1.00000000000000, 0.928182148858928, 1.00000000000000 ), ( 1.00000000000000, 0.950513193481150, 1.00000000000000 ), ( 1.00000000000000, 0.950369663829741, 1.00000000000000 ) ) )BOUNDED_SURFACE(  )REPRESENTATION_ITEM( '' )GEOMETRIC_REPRESENTATION_ITEM(  )SURFACE(  ) );
#916 = FACE_OUTER_BOUND( '', #2204, .T. );
#917 = CYLINDRICAL_SURFACE( '', #2205, 0.100000000000000 );
#918 = FACE_OUTER_BOUND( '', #2206, .T. );
#919 = CYLINDRICAL_SURFACE( '', #2207, 0.100000000000000 );
#920 = FACE_OUTER_BOUND( '', #2208, .T. );
#921 = CYLINDRICAL_SURFACE( '', #2209, 0.100000000000000 );
#922 = FACE_OUTER_BOUND( '', #2210, .T. );
#923 = SPHERICAL_SURFACE( '', #2211, 0.100000000000000 );
#924 = FACE_OUTER_BOUND( '', #2212, .T. );
#925 = SPHERICAL_SURFACE( '', #2213, 0.100000000000000 );
#926 = FACE_OUTER_BOUND( '', #2214, .T. );
#927 = CYLINDRICAL_SURFACE( '', #2215, 0.100000000000000 );
#928 = FACE_OUTER_BOUND( '', #2216, .T. );
#929 = CYLINDRICAL_SURFACE( '', #2217, 0.100000000000000 );
#930 = FACE_OUTER_BOUND( '', #2218, .T. );
#931 = CYLINDRICAL_SURFACE( '', #2219, 0.100000000000000 );
#932 = FACE_OUTER_BOUND( '', #2220, .T. );
#933 = ( B_SPLINE_SURFACE( 3, 2, ( ( #2222, #2223, #2224 ), ( #2225, #2226, #2227 ), ( #2228, #2229, #2230 ), ( #2231, #2232, #2233 ), ( #2234, #2235, #2236 ), ( #2237, #2238, #2239 ) ), .UNSPECIFIED., .F., .F., .F. )B_SPLINE_SURFACE_WITH_KNOTS( ( 4, 2, 4 ), ( 3, 3 ), ( 0.000000000000000, 0.785398163397448, 1.57079632679490 ), ( 0.000000000000000, 1.00000000000000 ), .UNSPECIFIED. )RATIONAL_B_SPLINE_SURFACE( ( ( 1.00000000000000, 0.950369663829741, 1.00000000000000 ), ( 1.00000000000000, 0.950513193481152, 1.00000000000000 ), ( 1.00000000000000, 0.928182148858924, 1.00000000000000 ), ( 1.00000000000000, 0.843943377706436, 1.00000000000000 ), ( 1.00000000000000, 0.781964487631960, 1.00000000000000 ), ( 1.00000000000000, 0.707106781186546, 1.00000000000000 ) ) )BOUNDED_SURFACE(  )REPRESENTATION_ITEM( '' )GEOMETRIC_REPRESENTATION_ITEM(  )SURFACE(  ) );
#934 = FACE_OUTER_BOUND( '', #2246, .T. );
#935 = ( B_SPLINE_SURFACE( 3, 2, ( ( #2248, #2249, #2250 ), ( #2251, #2252, #2253 ), ( #2254, #2255, #2256 ), ( #2257, #2258, #2259 ), ( #2260, #2261, #2262 ), ( #2263, #2264, #2265 ) ), .UNSPECIFIED., .F., .F., .F. )B_SPLINE_SURFACE_WITH_KNOTS( ( 4, 2, 4 ), ( 3, 3 ), ( 1.57079632679490, 2.35619449019234, 3.14159265358979 ), ( 0.000000000000000, 1.00000000000000 ), .UNSPECIFIED. )RATIONAL_B_SPLINE_SURFACE( ( ( 1.00000000000000, 0.707106781186548, 1.00000000000000 ), ( 1.00000000000000, 0.762075391280276, 1.00000000000000 ), ( 1.00000000000000, 0.809566793242422, 1.00000000000000 ), ( 1.00000000000000, 0.874569339437082, 1.00000000000000 ), ( 1.00000000000000, 0.892162663580189, 1.00000000000000 ), ( 1.00000000000000, 0.892009995355297, 1.00000000000000 ) ) )BOUNDED_SURFACE(  )REPRESENTATION_ITEM( '' )GEOMETRIC_REPRESENTATION_ITEM(  )SURFACE(  ) );
#936 = FACE_OUTER_BOUND( '', #2272, .T. );
#937 = CYLINDRICAL_SURFACE( '', #2273, 0.100000000000000 );
#938 = FACE_OUTER_BOUND( '', #2274, .T. );
#939 = CYLINDRICAL_SURFACE( '', #2275, 0.100000000000000 );
#940 = FACE_OUTER_BOUND( '', #2276, .T. );
#941 = FACE_BOUND( '', #2277, .T. );
#942 = FACE_BOUND( '', #2278, .T. );
#943 = FACE_BOUND( '', #2279, .T. );
#944 = FACE_BOUND( '', #2280, .T. );
#945 = FACE_BOUND( '', #2281, .T. );
#946 = FACE_BOUND( '', #2282, .T. );
#947 = PLANE( '', #2283 );
#948 = FACE_OUTER_BOUND( '', #2284, .T. );
#949 = PLANE( '', #2285 );
#950 = FACE_BOUND( '', #2286, .T. );
#951 = FACE_OUTER_BOUND( '', #2287, .T. );
#952 = PLANE( '', #2288 );
#953 = FACE_OUTER_BOUND( '', #2289, .T. );
#954 = ( B_SPLINE_SURFACE( 3, 2, ( ( #2291, #2292, #2293 ), ( #2294, #2295, #2296 ), ( #2297, #2298, #2299 ), ( #2300, #2301, #2302 ), ( #2303, #2304, #2305 ), ( #2306, #2307, #2308 ) ), .UNSPECIFIED., .F., .F., .F. )B_SPLINE_SURFACE_WITH_KNOTS( ( 4, 2, 4 ), ( 3, 3 ), ( 3.14159265358979, 3.92699081698724, 4.71238898038469 ), ( 0.000000000000000, 1.00000000000000 ), .UNSPECIFIED. )RATIONAL_B_SPLINE_SURFACE( ( ( 1.00000000000000, 0.892009995355297, 1.00000000000000 ), ( 1.00000000000000, 0.892162663580188, 1.00000000000000 ), ( 1.00000000000000, 0.874569339437085, 1.00000000000000 ), ( 1.00000000000000, 0.809566793242419, 1.00000000000000 ), ( 1.00000000000000, 0.762075391280280, 1.00000000000000 ), ( 1.00000000000000, 0.707106781186548, 1.00000000000000 ) ) )BOUNDED_SURFACE(  )REPRESENTATION_ITEM( '' )GEOMETRIC_REPRESENTATION_ITEM(  )SURFACE(  ) );
#955 = FACE_OUTER_BOUND( '', #2315, .T. );
#956 = ( B_SPLINE_SURFACE( 3, 2, ( ( #2317, #2318, #2319 ), ( #2320, #2321, #2322 ), ( #2323, #2324, #2325 ), ( #2326, #2327, #2328 ), ( #2329, #2330, #2331 ), ( #2332, #2333, #2334 ) ), .UNSPECIFIED., .F., .F., .F. )B_SPLINE_SURFACE_WITH_KNOTS( ( 4, 2, 4 ), ( 3, 3 ), ( 1.95561950868579E-015, 0.785398163397449, 1.57079632679490 ), ( 0.000000000000000, 1.00000000000000 ), .UNSPECIFIED. )RATIONAL_B_SPLINE_SURFACE( ( ( 1.00000000000000, 0.892009995355297, 1.00000000000000 ), ( 1.00000000000000, 0.892162663580187, 1.00000000000000 ), ( 1.00000000000000, 0.874569339437085, 1.00000000000000 ), ( 1.00000000000000, 0.809566793242419, 1.00000000000000 ), ( 1.00000000000000, 0.762075391280279, 1.00000000000000 ), ( 1.00000000000000, 0.707106781186544, 1.00000000000000 ) ) )BOUNDED_SURFACE(  )REPRESENTATION_ITEM( '' )GEOMETRIC_REPRESENTATION_ITEM(  )SURFACE(  ) );
#957 = FACE_OUTER_BOUND( '', #2341, .T. );
#958 = ( B_SPLINE_SURFACE( 3, 2, ( ( #2343, #2344, #2345 ), ( #2346, #2347, #2348 ), ( #2349, #2350, #2351 ), ( #2352, #2353, #2354 ), ( #2355, #2356, #2357 ), ( #2358, #2359, #2360 ) ), .UNSPECIFIED., .F., .F., .F. )B_SPLINE_SURFACE_WITH_KNOTS( ( 4, 2, 4 ), ( 3, 3 ), ( 4.71238898038469, 5.49778714378214, 6.28318530717959 ), ( 0.000000000000000, 1.00000000000000 ), .UNSPECIFIED. )RATIONAL_B_SPLINE_SURFACE( ( ( 1.00000000000000, 0.707106781186551, 1.00000000000000 ), ( 1.00000000000000, 0.762075391280214, 1.00000000000000 ), ( 1.00000000000000, 0.809566793242510, 1.00000000000000 ), ( 1.00000000000000, 0.874569339436994, 1.00000000000000 ), ( 1.00000000000000, 0.892162663580257, 1.00000000000000 ), ( 1.00000000000000, 0.892009995355299, 1.00000000000000 ) ) )BOUNDED_SURFACE(  )REPRESENTATION_ITEM( '' )GEOMETRIC_REPRESENTATION_ITEM(  )SURFACE(  ) );
#959 = FACE_OUTER_BOUND( '', #2367, .T. );
#960 = ( B_SPLINE_SURFACE( 3, 2, ( ( #2369, #2370, #2371 ), ( #2372, #2373, #2374 ), ( #2375, #2376, #2377 ), ( #2378, #2379, #2380 ), ( #2381, #2382, #2383 ), ( #2384, #2385, #2386 ) ), .UNSPECIFIED., .F., .F., .F. )B_SPLINE_SURFACE_WITH_KNOTS( ( 4, 2, 4 ), ( 3, 3 ), ( 4.88904877171446E-016, 0.785398163397449, 1.57079632679490 ), ( 0.000000000000000, 1.00000000000000 ), .UNSPECIFIED. )RATIONAL_B_SPLINE_SURFACE( ( ( 1.00000000000000, 0.892009995355297, 1.00000000000000 ), ( 1.00000000000000, 0.892162663580197, 1.00000000000000 ), ( 1.00000000000000, 0.874569339437072, 1.00000000000000 ), ( 1.00000000000000, 0.809566793242432, 1.00000000000000 ), ( 1.00000000000000, 0.762075391280269, 1.00000000000000 ), ( 1.00000000000000, 0.707106781186548, 1.00000000000000 ) ) )BOUNDED_SURFACE(  )REPRESENTATION_ITEM( '' )GEOMETRIC_REPRESENTATION_ITEM(  )SURFACE(  ) );
#961 = FACE_OUTER_BOUND( '', #2393, .T. );
#962 = ( B_SPLINE_SURFACE( 3, 2, ( ( #2395, #2396, #2397 ), ( #2398, #2399, #2400 ), ( #2401, #2402, #2403 ), ( #2404, #2405, #2406 ), ( #2407, #2408, #2409 ), ( #2410, #2411, #2412 ) ), .UNSPECIFIED., .F., .F., .F. )B_SPLINE_SURFACE_WITH_KNOTS( ( 4, 2, 4 ), ( 3, 3 ), ( 1.57079632679490, 2.35619449019234, 3.14159265358979 ), ( 0.000000000000000, 1.00000000000000 ), .UNSPECIFIED. )RATIONAL_B_SPLINE_SURFACE( ( ( 1.00000000000000, 0.707106781186546, 1.00000000000000 ), ( 1.00000000000000, 0.762075391280234, 1.00000000000000 ), ( 1.00000000000000, 0.809566793242482, 1.00000000000000 ), ( 1.00000000000000, 0.874569339437024, 1.00000000000000 ), ( 1.00000000000000, 0.892162663580234, 1.00000000000000 ), ( 1.00000000000000, 0.892009995355297, 1.00000000000000 ) ) )BOUNDED_SURFACE(  )REPRESENTATION_ITEM( '' )GEOMETRIC_REPRESENTATION_ITEM(  )SURFACE(  ) );
#963 = FACE_OUTER_BOUND( '', #2419, .T. );
#964 = ( B_SPLINE_SURFACE( 3, 2, ( ( #2421, #2422, #2423 ), ( #2424, #2425, #2426 ), ( #2427, #2428, #2429 ), ( #2430, #2431, #2432 ), ( #2433, #2434, #2435 ), ( #2436, #2437, #2438 ) ), .UNSPECIFIED., .F., .F., .F. )B_SPLINE_SURFACE_WITH_KNOTS( ( 4, 2, 4 ), ( 3, 3 ), ( 1.57079632679490, 2.35619449019234, 3.14159265358979 ), ( 0.000000000000000, 1.00000000000000 ), .UNSPECIFIED. )RATIONAL_B_SPLINE_SURFACE( ( ( 1.00000000000000, 0.707106781186548, 1.00000000000000 ), ( 1.00000000000000, 0.762075391280279, 1.00000000000000 ), ( 1.00000000000000, 0.809566793242419, 1.00000000000000 ), ( 1.00000000000000, 0.874569339437085, 1.00000000000000 ), ( 1.00000000000000, 0.892162663580187, 1.00000000000000 ), ( 1.00000000000000, 0.892009995355297, 1.00000000000000 ) ) )BOUNDED_SURFACE(  )REPRESENTATION_ITEM( '' )GEOMETRIC_REPRESENTATION_ITEM(  )SURFACE(  ) );
#965 = FACE_OUTER_BOUND( '', #2445, .T. );
#966 = ( B_SPLINE_SURFACE( 3, 2, ( ( #2447, #2448, #2449 ), ( #2450, #2451, #2452 ), ( #2453, #2454, #2455 ), ( #2456, #2457, #2458 ), ( #2459, #2460, #2461 ), ( #2462, #2463, #2464 ) ), .UNSPECIFIED., .F., .F., .F. )B_SPLINE_SURFACE_WITH_KNOTS( ( 4, 2, 4 ), ( 3, 3 ), ( 0.000000000000000, 0.785398163397448, 1.57079632679490 ), ( 0.000000000000000, 1.00000000000000 ), .UNSPECIFIED. )RATIONAL_B_SPLINE_SURFACE( ( ( 1.00000000000000, 0.892009995355299, 1.00000000000000 ), ( 1.00000000000000, 0.892162663580239, 1.00000000000000 ), ( 1.00000000000000, 0.874569339437017, 1.00000000000000 ), ( 1.00000000000000, 0.809566793242488, 1.00000000000000 ), ( 1.00000000000000, 0.762075391280232, 1.00000000000000 ), ( 1.00000000000000, 0.707106781186551, 1.00000000000000 ) ) )BOUNDED_SURFACE(  )REPRESENTATION_ITEM( '' )GEOMETRIC_REPRESENTATION_ITEM(  )SURFACE(  ) );
#967 = FACE_OUTER_BOUND( '', #2471, .T. );
#968 = ( B_SPLINE_SURFACE( 3, 2, ( ( #2473, #2474, #2475 ), ( #2476, #2477, #2478 ), ( #2479, #2480, #2481 ), ( #2482, #2483, #2484 ), ( #2485, #2486, #2487 ), ( #2488, #2489, #2490 ) ), .UNSPECIFIED., .F., .F., .F. )B_SPLINE_SURFACE_WITH_KNOTS( ( 4, 2, 4 ), ( 3, 3 ), ( 4.88904877171446E-016, 0.785398163397449, 1.57079632679490 ), ( 0.000000000000000, 1.00000000000000 ), .UNSPECIFIED. )RATIONAL_B_SPLINE_SURFACE( ( ( 1.00000000000000, 0.892009995355299, 1.00000000000000 ), ( 1.00000000000000, 0.892162663580242, 1.00000000000000 ), ( 1.00000000000000, 0.874569339437014, 1.00000000000000 ), ( 1.00000000000000, 0.809566793242492, 1.00000000000000 ), ( 1.00000000000000, 0.762075391280229, 1.00000000000000 ), ( 1.00000000000000, 0.707106781186549, 1.00000000000000 ) ) )BOUNDED_SURFACE(  )REPRESENTATION_ITEM( '' )GEOMETRIC_REPRESENTATION_ITEM(  )SURFACE(  ) );
#969 = FACE_OUTER_BOUND( '', #2497, .T. );
#970 = CYLINDRICAL_SURFACE( '', #2498, 0.100000000000000 );
#971 = FACE_OUTER_BOUND( '', #2499, .T. );
#972 = ( B_SPLINE_SURFACE( 3, 2, ( ( #2501, #2502, #2503 ), ( #2504, #2505, #2506 ), ( #2507, #2508, #2509 ), ( #2510, #2511, #2512 ), ( #2513, #2514, #2515 ), ( #2516, #2517, #2518 ) ), .UNSPECIFIED., .F., .F., .F. )B_SPLINE_SURFACE_WITH_KNOTS( ( 4, 2, 4 ), ( 3, 3 ), ( 1.57079632679490, 2.35619449019235, 3.14159265358979 ), ( 0.000000000000000, 1.00000000000000 ), .UNSPECIFIED. )RATIONAL_B_SPLINE_SURFACE( ( ( 1.00000000000000, 0.707106781186549, 1.00000000000000 ), ( 1.00000000000000, 0.781964487631983, 1.00000000000000 ), ( 1.00000000000000, 0.843943377706414, 1.00000000000000 ), ( 1.00000000000000, 0.928182148858951, 1.00000000000000 ), ( 1.00000000000000, 0.950513193481132, 1.00000000000000 ), ( 1.00000000000000, 0.950369663829740, 1.00000000000000 ) ) )BOUNDED_SURFACE(  )REPRESENTATION_ITEM( '' )GEOMETRIC_REPRESENTATION_ITEM(  )SURFACE(  ) );
#973 = FACE_OUTER_BOUND( '', #2525, .T. );
#974 = CYLINDRICAL_SURFACE( '', #2526, 0.100000000000000 );
#975 = FACE_OUTER_BOUND( '', #2527, .T. );
#976 = CYLINDRICAL_SURFACE( '', #2528, 0.100000000000000 );
#977 = FACE_OUTER_BOUND( '', #2529, .T. );
#978 = ( B_SPLINE_SURFACE( 3, 2, ( ( #2531, #2532, #2533 ), ( #2534, #2535, #2536 ), ( #2537, #2538, #2539 ), ( #2540, #2541, #2542 ), ( #2543, #2544, #2545 ), ( #2546, #2547, #2548 ) ), .UNSPECIFIED., .F., .F., .F. )B_SPLINE_SURFACE_WITH_KNOTS( ( 4, 2, 4 ), ( 3, 3 ), ( 1.57079632679490, 2.35619449019234, 3.14159265358979 ), ( 0.000000000000000, 1.00000000000000 ), .UNSPECIFIED. )RATIONAL_B_SPLINE_SURFACE( ( ( 1.00000000000000, 0.707106781186548, 1.00000000000000 ), ( 1.00000000000000, 0.762075391280276, 1.00000000000000 ), ( 1.00000000000000, 0.809566793242422, 1.00000000000000 ), ( 1.00000000000000, 0.874569339437082, 1.00000000000000 ), ( 1.00000000000000, 0.892162663580190, 1.00000000000000 ), ( 1.00000000000000, 0.892009995355297, 1.00000000000000 ) ) )BOUNDED_SURFACE(  )REPRESENTATION_ITEM( '' )GEOMETRIC_REPRESENTATION_ITEM(  )SURFACE(  ) );
#979 = FACE_OUTER_BOUND( '', #2555, .T. );
#980 = ( B_SPLINE_SURFACE( 3, 2, ( ( #2557, #2558, #2559 ), ( #2560, #2561, #2562 ), ( #2563, #2564, #2565 ), ( #2566, #2567, #2568 ), ( #2569, #2570, #2571 ), ( #2572, #2573, #2574 ) ), .UNSPECIFIED., .F., .F., .F. )B_SPLINE_SURFACE_WITH_KNOTS( ( 4, 2, 4 ), ( 3, 3 ), ( 0.000000000000000, 0.785398163397448, 1.57079632679490 ), ( 0.000000000000000, 1.00000000000000 ), .UNSPECIFIED. )RATIONAL_B_SPLINE_SURFACE( ( ( 1.00000000000000, 0.950369663829741, 1.00000000000000 ), ( 1.00000000000000, 0.950513193481156, 1.00000000000000 ), ( 1.00000000000000, 0.928182148858920, 1.00000000000000 ), ( 1.00000000000000, 0.843943377706440, 1.00000000000000 ), ( 1.00000000000000, 0.781964487631957, 1.00000000000000 ), ( 1.00000000000000, 0.707106781186546, 1.00000000000000 ) ) )BOUNDED_SURFACE(  )REPRESENTATION_ITEM( '' )GEOMETRIC_REPRESENTATION_ITEM(  )SURFACE(  ) );
#981 = FACE_OUTER_BOUND( '', #2581, .T. );
#982 = CYLINDRICAL_SURFACE( '', #2582, 0.100000000000000 );
#983 = FACE_OUTER_BOUND( '', #2583, .T. );
#984 = CYLINDRICAL_SURFACE( '', #2584, 0.100000000000000 );
#985 = FACE_OUTER_BOUND( '', #2585, .T. );
#986 = CYLINDRICAL_SURFACE( '', #2586, 0.100000000000000 );
#987 = FACE_OUTER_BOUND( '', #2587, .T. );
#988 = SPHERICAL_SURFACE( '', #2588, 0.100000000000000 );
#989 = FACE_OUTER_BOUND( '', #2589, .T. );
#990 = PLANE( '', #2590 );
#991 = FACE_OUTER_BOUND( '', #2591, .T. );
#992 = PLANE( '', #2592 );
#993 = FACE_OUTER_BOUND( '', #2593, .T. );
#994 = PLANE( '', #2594 );
#995 = FACE_OUTER_BOUND( '', #2595, .T. );
#996 = PLANE( '', #2596 );
#997 = FACE_OUTER_BOUND( '', #2597, .T. );
#998 = PLANE( '', #2598 );
#999 = FACE_OUTER_BOUND( '', #2599, .T. );
#1000 = PLANE( '', #2600 );
#1001 = FACE_OUTER_BOUND( '', #2601, .T. );
#1002 = PLANE( '', #2602 );
#1003 = FACE_OUTER_BOUND( '', #2603, .T. );
#1004 = PLANE( '', #2604 );
#1005 = FACE_OUTER_BOUND( '', #2605, .T. );
#1006 = PLANE( '', #2606 );
#1007 = FACE_OUTER_BOUND( '', #2607, .T. );
#1008 = PLANE( '', #2608 );
#1009 = FACE_OUTER_BOUND( '', #2609, .T. );
#1010 = PLANE( '', #2610 );
#1011 = FACE_OUTER_BOUND( '', #2611, .T. );
#1012 = CYLINDRICAL_SURFACE( '', #2612, 0.150000000000000 );
#1013 = FACE_OUTER_BOUND( '', #2613, .T. );
#1014 = PLANE( '', #2614 );
#1015 = FACE_OUTER_BOUND( '', #2615, .T. );
#1016 = PLANE( '', #2616 );
#1017 = FACE_OUTER_BOUND( '', #2617, .T. );
#1018 = CYLINDRICAL_SURFACE( '', #2618, 0.150000000000000 );
#1019 = FACE_OUTER_BOUND( '', #2619, .T. );
#1020 = PLANE( '', #2620 );
#1021 = FACE_OUTER_BOUND( '', #2621, .T. );
#1022 = CYLINDRICAL_SURFACE( '', #2622, 0.150000000000000 );
#1023 = FACE_OUTER_BOUND( '', #2623, .T. );
#1024 = CYLINDRICAL_SURFACE( '', #2624, 0.150000000000000 );
#1025 = FACE_OUTER_BOUND( '', #2625, .T. );
#1026 = CYLINDRICAL_SURFACE( '', #2626, 0.150000000000000 );
#1027 = FACE_OUTER_BOUND( '', #2627, .T. );
#1028 = PLANE( '', #2628 );
#1029 = FACE_OUTER_BOUND( '', #2629, .T. );
#1030 = PLANE( '', #2630 );
#1031 = FACE_OUTER_BOUND( '', #2631, .T. );
#1032 = PLANE( '', #2632 );
#1033 = FACE_OUTER_BOUND( '', #2633, .T. );
#1034 = PLANE( '', #2634 );
#1035 = FACE_OUTER_BOUND( '', #2635, .T. );
#1036 = PLANE( '', #2636 );
#1037 = FACE_OUTER_BOUND( '', #2637, .T. );
#1038 = PLANE( '', #2638 );
#1039 = FACE_OUTER_BOUND( '', #2639, .T. );
#1040 = CYLINDRICAL_SURFACE( '', #2640, 0.175000000000000 );
#1041 = FACE_OUTER_BOUND( '', #2641, .T. );
#1042 = PLANE( '', #2642 );
#1043 = FACE_OUTER_BOUND( '', #2643, .T. );
#1044 = PLANE( '', #2644 );
#1045 = FACE_OUTER_BOUND( '', #2645, .T. );
#1046 = PLANE( '', #2646 );
#1047 = FACE_OUTER_BOUND( '', #2647, .T. );
#1048 = CYLINDRICAL_SURFACE( '', #2648, 0.175000000000000 );
#1049 = FACE_OUTER_BOUND( '', #2649, .T. );
#1050 = PLANE( '', #2650 );
#1051 = FACE_OUTER_BOUND( '', #2651, .T. );
#1052 = PLANE( '', #2652 );
#1053 = FACE_OUTER_BOUND( '', #2653, .T. );
#1054 = PLANE( '', #2654 );
#1055 = FACE_OUTER_BOUND( '', #2655, .T. );
#1056 = CYLINDRICAL_SURFACE( '', #2656, 0.525000000000000 );
#1057 = FACE_OUTER_BOUND( '', #2657, .T. );
#1058 = CYLINDRICAL_SURFACE( '', #2658, 0.525000000000000 );
#1059 = FACE_OUTER_BOUND( '', #2659, .T. );
#1060 = CYLINDRICAL_SURFACE( '', #2660, 0.175000000000000 );
#1061 = FACE_OUTER_BOUND( '', #2661, .T. );
#1062 = PLANE( '', #2662 );
#1063 = FACE_OUTER_BOUND( '', #2663, .T. );
#1064 = PLANE( '', #2664 );
#1065 = FACE_OUTER_BOUND( '', #2665, .T. );
#1066 = CYLINDRICAL_SURFACE( '', #2666, 0.175000000000000 );
#1067 = FACE_OUTER_BOUND( '', #2667, .T. );
#1068 = PLANE( '', #2668 );
#1069 = FACE_OUTER_BOUND( '', #2669, .T. );
#1070 = PLANE( '', #2670 );
#1071 = FACE_OUTER_BOUND( '', #2671, .T. );
#1072 = PLANE( '', #2672 );
#1073 = FACE_OUTER_BOUND( '', #2673, .T. );
#1074 = CYLINDRICAL_SURFACE( '', #2674, 0.525000000000000 );
#1075 = FACE_OUTER_BOUND( '', #2675, .T. );
#1076 = CYLINDRICAL_SURFACE( '', #2676, 0.525000000000000 );
#1077 = FACE_OUTER_BOUND( '', #2677, .T. );
#1078 = CYLINDRICAL_SURFACE( '', #2678, 0.175000000000000 );
#1079 = FACE_OUTER_BOUND( '', #2679, .T. );
#1080 = PLANE( '', #2680 );
#1081 = FACE_OUTER_BOUND( '', #2681, .T. );
#1082 = PLANE( '', #2682 );
#1083 = FACE_OUTER_BOUND( '', #2683, .T. );
#1084 = PLANE( '', #2684 );
#1085 = FACE_OUTER_BOUND( '', #2685, .T. );
#1086 = PLANE( '', #2686 );
#1087 = FACE_OUTER_BOUND( '', #2687, .T. );
#1088 = CYLINDRICAL_SURFACE( '', #2688, 0.175000000000000 );
#1089 = FACE_OUTER_BOUND( '', #2689, .T. );
#1090 = PLANE( '', #2690 );
#1091 = FACE_OUTER_BOUND( '', #2691, .T. );
#1092 = PLANE( '', #2692 );
#1093 = FACE_OUTER_BOUND( '', #2693, .T. );
#1094 = PLANE( '', #2694 );
#1095 = FACE_OUTER_BOUND( '', #2695, .T. );
#1096 = CYLINDRICAL_SURFACE( '', #2696, 0.525000000000000 );
#1097 = FACE_OUTER_BOUND( '', #2697, .T. );
#1098 = CYLINDRICAL_SURFACE( '', #2698, 0.525000000000000 );
#1099 = FACE_OUTER_BOUND( '', #2699, .T. );
#1100 = CYLINDRICAL_SURFACE( '', #2700, 0.175000000000000 );
#1101 = FACE_OUTER_BOUND( '', #2701, .T. );
#1102 = PLANE( '', #2702 );
#1103 = FACE_OUTER_BOUND( '', #2703, .T. );
#1104 = PLANE( '', #2704 );
#1105 = FACE_OUTER_BOUND( '', #2705, .T. );
#1106 = PLANE( '', #2706 );
#1107 = FACE_OUTER_BOUND( '', #2707, .T. );
#1108 = PLANE( '', #2708 );
#1109 = FACE_OUTER_BOUND( '', #2709, .T. );
#1110 = CYLINDRICAL_SURFACE( '', #2710, 0.175000000000000 );
#1111 = FACE_OUTER_BOUND( '', #2711, .T. );
#1112 = PLANE( '', #2712 );
#1113 = FACE_OUTER_BOUND( '', #2713, .T. );
#1114 = PLANE( '', #2714 );
#1115 = FACE_OUTER_BOUND( '', #2715, .T. );
#1116 = PLANE( '', #2716 );
#1117 = FACE_OUTER_BOUND( '', #2717, .T. );
#1118 = CYLINDRICAL_SURFACE( '', #2718, 0.525000000000000 );
#1119 = FACE_OUTER_BOUND( '', #2719, .T. );
#1120 = CYLINDRICAL_SURFACE( '', #2720, 0.525000000000000 );
#1121 = FACE_OUTER_BOUND( '', #2721, .T. );
#1122 = CYLINDRICAL_SURFACE( '', #2722, 0.175000000000000 );
#1123 = FACE_OUTER_BOUND( '', #2723, .T. );
#1124 = PLANE( '', #2724 );
#1125 = FACE_OUTER_BOUND( '', #2725, .T. );
#1126 = PLANE( '', #2726 );
#1127 = FACE_OUTER_BOUND( '', #2727, .T. );
#1128 = PLANE( '', #2728 );
#1129 = FACE_OUTER_BOUND( '', #2729, .T. );
#1130 = PLANE( '', #2730 );
#1131 = FACE_OUTER_BOUND( '', #2731, .T. );
#1132 = CYLINDRICAL_SURFACE( '', #2732, 0.175000000000000 );
#1133 = FACE_OUTER_BOUND( '', #2733, .T. );
#1134 = PLANE( '', #2734 );
#1135 = FACE_OUTER_BOUND( '', #2735, .T. );
#1136 = PLANE( '', #2736 );
#1137 = FACE_OUTER_BOUND( '', #2737, .T. );
#1138 = PLANE( '', #2738 );
#1139 = FACE_OUTER_BOUND( '', #2739, .T. );
#1140 = CYLINDRICAL_SURFACE( '', #2740, 0.525000000000000 );
#1141 = FACE_OUTER_BOUND( '', #2741, .T. );
#1142 = CYLINDRICAL_SURFACE( '', #2742, 0.525000000000000 );
#1143 = FACE_OUTER_BOUND( '', #2743, .T. );
#1144 = CYLINDRICAL_SURFACE( '', #2744, 0.175000000000000 );
#1145 = FACE_OUTER_BOUND( '', #2745, .T. );
#1146 = PLANE( '', #2746 );
#1147 = FACE_OUTER_BOUND( '', #2747, .T. );
#1148 = PLANE( '', #2748 );
#1149 = FACE_OUTER_BOUND( '', #2749, .T. );
#1150 = CYLINDRICAL_SURFACE( '', #2750, 0.525000000000000 );
#1151 = FACE_OUTER_BOUND( '', #2751, .T. );
#1152 = PLANE( '', #2752 );
#1153 = FACE_OUTER_BOUND( '', #2753, .T. );
#1154 = PLANE( '', #2754 );
#1155 = FACE_OUTER_BOUND( '', #2755, .T. );
#1156 = PLANE( '', #2756 );
#1157 = FACE_OUTER_BOUND( '', #2757, .T. );
#1158 = CYLINDRICAL_SURFACE( '', #2758, 0.525000000000000 );
#1159 = FACE_OUTER_BOUND( '', #2759, .T. );
#1160 = CYLINDRICAL_SURFACE( '', #2760, 0.175000000000000 );
#1161 = FACE_OUTER_BOUND( '', #2761, .T. );
#1162 = PLANE( '', #2762 );
#1163 = FACE_OUTER_BOUND( '', #2763, .T. );
#1164 = PLANE( '', #2764 );
#1165 = FACE_OUTER_BOUND( '', #2765, .T. );
#1166 = PLANE( '', #2766 );
#1167 = FACE_OUTER_BOUND( '', #2767, .T. );
#1168 = CYLINDRICAL_SURFACE( '', #2768, 0.175000000000000 );
#1169 = FACE_OUTER_BOUND( '', #2769, .T. );
#1170 = PLANE( '', #2770 );
#1171 = FACE_OUTER_BOUND( '', #2771, .T. );
#1172 = CYLINDRICAL_SURFACE( '', #2772, 0.525000000000000 );
#1173 = FACE_OUTER_BOUND( '', #2773, .T. );
#1174 = PLANE( '', #2774 );
#1175 = FACE_OUTER_BOUND( '', #2775, .T. );
#1176 = PLANE( '', #2776 );
#1177 = FACE_OUTER_BOUND( '', #2777, .T. );
#1178 = PLANE( '', #2778 );
#1179 = FACE_OUTER_BOUND( '', #2779, .T. );
#1180 = CYLINDRICAL_SURFACE( '', #2780, 0.525000000000000 );
#1181 = FACE_OUTER_BOUND( '', #2781, .T. );
#1182 = CYLINDRICAL_SURFACE( '', #2782, 0.175000000000000 );
#1183 = FACE_OUTER_BOUND( '', #2783, .T. );
#1184 = PLANE( '', #2784 );
#1185 = FACE_OUTER_BOUND( '', #2785, .T. );
#1186 = PLANE( '', #2786 );
#1187 = FACE_OUTER_BOUND( '', #2787, .T. );
#1188 = PLANE( '', #2788 );
#1189 = FACE_OUTER_BOUND( '', #2789, .T. );
#1190 = CYLINDRICAL_SURFACE( '', #2790, 0.175000000000000 );
#1191 = FACE_OUTER_BOUND( '', #2791, .T. );
#1192 = PLANE( '', #2792 );
#1193 = FACE_OUTER_BOUND( '', #2793, .T. );
#1194 = CYLINDRICAL_SURFACE( '', #2794, 0.525000000000000 );
#1195 = FACE_OUTER_BOUND( '', #2795, .T. );
#1196 = PLANE( '', #2796 );
#1197 = FACE_OUTER_BOUND( '', #2797, .T. );
#1198 = PLANE( '', #2798 );
#1199 = FACE_OUTER_BOUND( '', #2799, .T. );
#1200 = PLANE( '', #2800 );
#1201 = FACE_OUTER_BOUND( '', #2801, .T. );
#1202 = CYLINDRICAL_SURFACE( '', #2802, 0.525000000000000 );
#1203 = FACE_OUTER_BOUND( '', #2803, .T. );
#1204 = CYLINDRICAL_SURFACE( '', #2804, 0.175000000000000 );
#1205 = FACE_OUTER_BOUND( '', #2805, .T. );
#1206 = PLANE( '', #2806 );
#1207 = FACE_OUTER_BOUND( '', #2807, .T. );
#1208 = PLANE( '', #2808 );
#1209 = FACE_OUTER_BOUND( '', #2809, .T. );
#1210 = PLANE( '', #2810 );
#1211 = FACE_OUTER_BOUND( '', #2811, .T. );
#1212 = CYLINDRICAL_SURFACE( '', #2812, 0.175000000000000 );
#1213 = FACE_OUTER_BOUND( '', #2813, .T. );
#1214 = PLANE( '', #2814 );
#1215 = FACE_OUTER_BOUND( '', #2815, .T. );
#1216 = CYLINDRICAL_SURFACE( '', #2816, 0.525000000000000 );
#1217 = FACE_OUTER_BOUND( '', #2817, .T. );
#1218 = PLANE( '', #2818 );
#1219 = FACE_OUTER_BOUND( '', #2819, .T. );
#1220 = PLANE( '', #2820 );
#1221 = FACE_OUTER_BOUND( '', #2821, .T. );
#1222 = PLANE( '', #2822 );
#1223 = FACE_OUTER_BOUND( '', #2823, .T. );
#1224 = CYLINDRICAL_SURFACE( '', #2824, 0.525000000000000 );
#1225 = FACE_OUTER_BOUND( '', #2825, .T. );
#1226 = CYLINDRICAL_SURFACE( '', #2826, 0.175000000000000 );
#1227 = FACE_OUTER_BOUND( '', #2827, .T. );
#1228 = PLANE( '', #2828 );
#1229 = FACE_OUTER_BOUND( '', #2829, .T. );
#1230 = PLANE( '', #2830 );
#1231 = FACE_OUTER_BOUND( '', #2831, .T. );
#1232 = PLANE( '', #2832 );
#1233 = FACE_OUTER_BOUND( '', #2833, .T. );
#1234 = CYLINDRICAL_SURFACE( '', #2834, 0.175000000000000 );
#1235 = FACE_OUTER_BOUND( '', #2835, .T. );
#1236 = PLANE( '', #2836 );
#1237 = FACE_OUTER_BOUND( '', #2837, .T. );
#1238 = CYLINDRICAL_SURFACE( '', #2838, 0.525000000000000 );
#1239 = FACE_OUTER_BOUND( '', #2839, .T. );
#1240 = PLANE( '', #2840 );
#1241 = FACE_OUTER_BOUND( '', #2841, .T. );
#1242 = PLANE( '', #2842 );
#1243 = FACE_OUTER_BOUND( '', #2843, .T. );
#1244 = PLANE( '', #2844 );
#1245 = FACE_OUTER_BOUND( '', #2845, .T. );
#1246 = CYLINDRICAL_SURFACE( '', #2846, 0.525000000000000 );
#1247 = FACE_OUTER_BOUND( '', #2847, .T. );
#1248 = CYLINDRICAL_SURFACE( '', #2848, 0.175000000000000 );
#1249 = FACE_OUTER_BOUND( '', #2849, .T. );
#1250 = PLANE( '', #2850 );
#1251 = FACE_OUTER_BOUND( '', #2851, .T. );
#1252 = PLANE( '', #2852 );
#1253 = FACE_OUTER_BOUND( '', #2853, .T. );
#1254 = PLANE( '', #2854 );
#1255 = FACE_OUTER_BOUND( '', #2855, .T. );
#1256 = CYLINDRICAL_SURFACE( '', #2856, 0.175000000000000 );
#1257 = FACE_OUTER_BOUND( '', #2857, .T. );
#1258 = PLANE( '', #2858 );
#1259 = FACE_OUTER_BOUND( '', #2859, .T. );
#1260 = CYLINDRICAL_SURFACE( '', #2860, 0.525000000000000 );
#1261 = FACE_OUTER_BOUND( '', #2861, .T. );
#1262 = PLANE( '', #2862 );
#1263 = FACE_OUTER_BOUND( '', #2863, .T. );
#1264 = PLANE( '', #2864 );
#1265 = FACE_OUTER_BOUND( '', #2865, .T. );
#1266 = PLANE( '', #2866 );
#1267 = FACE_OUTER_BOUND( '', #2867, .T. );
#1268 = CYLINDRICAL_SURFACE( '', #2868, 0.525000000000000 );
#1269 = FACE_OUTER_BOUND( '', #2869, .T. );
#1270 = CYLINDRICAL_SURFACE( '', #2870, 0.175000000000000 );
#1271 = FACE_OUTER_BOUND( '', #2871, .T. );
#1272 = PLANE( '', #2872 );
#1273 = FACE_OUTER_BOUND( '', #2873, .T. );
#1274 = PLANE( '', #2874 );
#1275 = FACE_OUTER_BOUND( '', #2875, .T. );
#1276 = PLANE( '', #2876 );
#1277 = FACE_OUTER_BOUND( '', #2877, .T. );
#1278 = CYLINDRICAL_SURFACE( '', #2878, 0.175000000000000 );
#1279 = FACE_OUTER_BOUND( '', #2879, .T. );
#1280 = PLANE( '', #2880 );
#1281 = FACE_OUTER_BOUND( '', #2881, .T. );
#1282 = PLANE( '', #2882 );
#1283 = FACE_OUTER_BOUND( '', #2883, .T. );
#1284 = PLANE( '', #2884 );
#1285 = FACE_OUTER_BOUND( '', #2885, .T. );
#1286 = PLANE( '', #2886 );
#1287 = FACE_OUTER_BOUND( '', #2887, .T. );
#1288 = PLANE( '', #2888 );
#1289 = FACE_OUTER_BOUND( '', #2889, .T. );
#1290 = PLANE( '', #2890 );
#1291 = FACE_OUTER_BOUND( '', #2891, .T. );
#1292 = PLANE( '', #2892 );
#1293 = FACE_OUTER_BOUND( '', #2893, .T. );
#1294 = PLANE( '', #2894 );
#1295 = FACE_OUTER_BOUND( '', #2895, .T. );
#1296 = PLANE( '', #2896 );
#1297 = FACE_OUTER_BOUND( '', #2897, .T. );
#1298 = CYLINDRICAL_SURFACE( '', #2898, 0.100000000000000 );
#1299 = FACE_OUTER_BOUND( '', #2899, .T. );
#1300 = PLANE( '', #2900 );
#1301 = FACE_OUTER_BOUND( '', #2901, .T. );
#1302 = CYLINDRICAL_SURFACE( '', #2902, 0.100000000000000 );
#1303 = FACE_OUTER_BOUND( '', #2903, .T. );
#1304 = CYLINDRICAL_SURFACE( '', #2904, 0.100000000000000 );
#1305 = FACE_OUTER_BOUND( '', #2905, .T. );
#1306 = PLANE( '', #2906 );
#1307 = FACE_OUTER_BOUND( '', #2907, .T. );
#1308 = PLANE( '', #2908 );
#1309 = FACE_OUTER_BOUND( '', #2909, .T. );
#1310 = PLANE( '', #2910 );
#1311 = FACE_OUTER_BOUND( '', #2911, .T. );
#1312 = PLANE( '', #2912 );
#1313 = FACE_OUTER_BOUND( '', #2913, .T. );
#1314 = PLANE( '', #2914 );
#1315 = FACE_OUTER_BOUND( '', #2915, .T. );
#1316 = PLANE( '', #2916 );
#1317 = FACE_OUTER_BOUND( '', #2917, .T. );
#1318 = PLANE( '', #2918 );
#1319 = FACE_OUTER_BOUND( '', #2919, .T. );
#1320 = PLANE( '', #2920 );
#1321 = FACE_OUTER_BOUND( '', #2921, .T. );
#1322 = PLANE( '', #2922 );
#1323 = FACE_OUTER_BOUND( '', #2923, .T. );
#1324 = CYLINDRICAL_SURFACE( '', #2924, 0.100000000000000 );
#1325 = FACE_OUTER_BOUND( '', #2925, .T. );
#1326 = ( B_SPLINE_SURFACE( 3, 2, ( ( #2927, #2928, #2929 ), ( #2930, #2931, #2932 ), ( #2933, #2934, #2935 ), ( #2936, #2937, #2938 ), ( #2939, #2940, #2941 ), ( #2942, #2943, #2944 ) ), .UNSPECIFIED., .F., .F., .F. )B_SPLINE_SURFACE_WITH_KNOTS( ( 4, 2, 4 ), ( 3, 3 ), ( 1.57079632679490, 2.35619449019234, 3.14159265358979 ), ( 0.000000000000000, 1.00000000000000 ), .UNSPECIFIED. )RATIONAL_B_SPLINE_SURFACE( ( ( 1.00000000000000, 0.707106781186549, 1.00000000000000 ), ( 1.00000000000000, 0.781964487631981, 1.00000000000000 ), ( 1.00000000000000, 0.843943377706413, 1.00000000000000 ), ( 1.00000000000000, 0.928182148858950, 1.00000000000000 ), ( 1.00000000000000, 0.950513193481133, 1.00000000000000 ), ( 1.00000000000000, 0.950369663829740, 1.00000000000000 ) ) )BOUNDED_SURFACE(  )REPRESENTATION_ITEM( '' )GEOMETRIC_REPRESENTATION_ITEM(  )SURFACE(  ) );
#1327 = FACE_OUTER_BOUND( '', #2951, .T. );
#1328 = CYLINDRICAL_SURFACE( '', #2952, 0.100000000000000 );
#1329 = FACE_OUTER_BOUND( '', #2953, .T. );
#1330 = ( B_SPLINE_SURFACE( 3, 2, ( ( #2955, #2956, #2957 ), ( #2958, #2959, #2960 ), ( #2961, #2962, #2963 ), ( #2964, #2965, #2966 ), ( #2967, #2968, #2969 ), ( #2970, #2971, #2972 ) ), .UNSPECIFIED., .F., .F., .F. )B_SPLINE_SURFACE_WITH_KNOTS( ( 4, 2, 4 ), ( 3, 3 ), ( 1.06392418142613E-016, 0.785398163397448, 1.57079632679490 ), ( 0.000000000000000, 1.00000000000000 ), .UNSPECIFIED. )RATIONAL_B_SPLINE_SURFACE( ( ( 1.00000000000000, 0.950369663829741, 1.00000000000000 ), ( 1.00000000000000, 0.950513193481143, 1.00000000000000 ), ( 1.00000000000000, 0.928182148858937, 1.00000000000000 ), ( 1.00000000000000, 0.843943377706424, 1.00000000000000 ), ( 1.00000000000000, 0.781964487631969, 1.00000000000000 ), ( 1.00000000000000, 0.707106781186546, 1.00000000000000 ) ) )BOUNDED_SURFACE(  )REPRESENTATION_ITEM( '' )GEOMETRIC_REPRESENTATION_ITEM(  )SURFACE(  ) );
#1331 = FACE_OUTER_BOUND( '', #2979, .T. );
#1332 = CYLINDRICAL_SURFACE( '', #2980, 0.100000000000000 );
#1333 = FACE_OUTER_BOUND( '', #2981, .T. );
#1334 = CYLINDRICAL_SURFACE( '', #2982, 0.100000000000000 );
#1335 = FACE_OUTER_BOUND( '', #2983, .T. );
#1336 = CYLINDRICAL_SURFACE( '', #2984, 0.100000000000000 );
#1337 = FACE_OUTER_BOUND( '', #2985, .T. );
#1338 = ( B_SPLINE_SURFACE( 3, 2, ( ( #2987, #2988, #2989 ), ( #2990, #2991, #2992 ), ( #2993, #2994, #2995 ), ( #2996, #2997, #2998 ), ( #2999, #3000, #3001 ), ( #3002, #3003, #3004 ) ), .UNSPECIFIED., .F., .F., .F. )B_SPLINE_SURFACE_WITH_KNOTS( ( 4, 2, 4 ), ( 3, 3 ), ( -8.88178419700125E-016, 0.785398163397448, 1.57079632679490 ), ( 0.000000000000000, 1.00000000000000 ), .UNSPECIFIED. )RATIONAL_B_SPLINE_SURFACE( ( ( 1.00000000000000, 0.950369663829741, 1.00000000000000 ), ( 1.00000000000000, 0.950513193481156, 1.00000000000000 ), ( 1.00000000000000, 0.928182148858920, 1.00000000000000 ), ( 1.00000000000000, 0.843943377706441, 1.00000000000000 ), ( 1.00000000000000, 0.781964487631960, 1.00000000000000 ), ( 1.00000000000000, 0.707106781186546, 1.00000000000000 ) ) )BOUNDED_SURFACE(  )REPRESENTATION_ITEM( '' )GEOMETRIC_REPRESENTATION_ITEM(  )SURFACE(  ) );
#1339 = FACE_OUTER_BOUND( '', #3011, .T. );
#1340 = CYLINDRICAL_SURFACE( '', #3012, 0.100000000000000 );
#1341 = FACE_OUTER_BOUND( '', #3013, .T. );
#1342 = CYLINDRICAL_SURFACE( '', #3014, 0.100000000000000 );
#1343 = FACE_OUTER_BOUND( '', #3015, .T. );
#1344 = CYLINDRICAL_SURFACE( '', #3016, 0.100000000000000 );
#1345 = FACE_OUTER_BOUND( '', #3017, .T. );
#1346 = CYLINDRICAL_SURFACE( '', #3018, 0.100000000000000 );
#1347 = FACE_OUTER_BOUND( '', #3019, .T. );
#1348 = SPHERICAL_SURFACE( '', #3020, 0.100000000000000 );
#1349 = FACE_OUTER_BOUND( '', #3021, .T. );
#1350 = ( B_SPLINE_SURFACE( 3, 2, ( ( #3023, #3024, #3025 ), ( #3026, #3027, #3028 ), ( #3029, #3030, #3031 ), ( #3032, #3033, #3034 ), ( #3035, #3036, #3037 ), ( #3038, #3039, #3040 ) ), .UNSPECIFIED., .F., .F., .F. )B_SPLINE_SURFACE_WITH_KNOTS( ( 4, 2, 4 ), ( 3, 3 ), ( 1.57079632679490, 2.35619449019235, 3.14159265358979 ), ( 0.000000000000000, 1.00000000000000 ), .UNSPECIFIED. )RATIONAL_B_SPLINE_SURFACE( ( ( 1.00000000000000, 0.707106781186546, 1.00000000000000 ), ( 1.00000000000000, 0.781964487631957, 1.00000000000000 ), ( 1.00000000000000, 0.843943377706440, 1.00000000000000 ), ( 1.00000000000000, 0.928182148858920, 1.00000000000000 ), ( 1.00000000000000, 0.950513193481156, 1.00000000000000 ), ( 1.00000000000000, 0.950369663829741, 1.00000000000000 ) ) )BOUNDED_SURFACE(  )REPRESENTATION_ITEM( '' )GEOMETRIC_REPRESENTATION_ITEM(  )SURFACE(  ) );
#1351 = FACE_OUTER_BOUND( '', #3047, .T. );
#1352 = CYLINDRICAL_SURFACE( '', #3048, 0.100000000000000 );
#1353 = FACE_OUTER_BOUND( '', #3049, .T. );
#1354 = SPHERICAL_SURFACE( '', #3050, 0.100000000000000 );
#1355 = FACE_OUTER_BOUND( '', #3051, .T. );
#1356 = CYLINDRICAL_SURFACE( '', #3052, 0.100000000000000 );
#1357 = FACE_OUTER_BOUND( '', #3053, .T. );
#1358 = CYLINDRICAL_SURFACE( '', #3054, 0.100000000000000 );
#1359 = FACE_OUTER_BOUND( '', #3055, .T. );
#1360 = CYLINDRICAL_SURFACE( '', #3056, 0.100000000000000 );
#1361 = FACE_OUTER_BOUND( '', #3057, .T. );
#1362 = CYLINDRICAL_SURFACE( '', #3058, 0.100000000000000 );
#1363 = FACE_OUTER_BOUND( '', #3059, .T. );
#1364 = CYLINDRICAL_SURFACE( '', #3060, 0.100000000000000 );
#1365 = FACE_OUTER_BOUND( '', #3061, .T. );
#1366 = PLANE( '', #3062 );
#1367 = FACE_OUTER_BOUND( '', #3063, .T. );
#1368 = PLANE( '', #3064 );
#1369 = FACE_OUTER_BOUND( '', #3065, .T. );
#1370 = PLANE( '', #3066 );
#1371 = FACE_OUTER_BOUND( '', #3067, .T. );
#1372 = PLANE( '', #3068 );
#1373 = FACE_OUTER_BOUND( '', #3069, .T. );
#1374 = SPHERICAL_SURFACE( '', #3070, 0.100000000000000 );
#1375 = FACE_OUTER_BOUND( '', #3071, .T. );
#1376 = CYLINDRICAL_SURFACE( '', #3072, 0.100000000000000 );
#1377 = FACE_OUTER_BOUND( '', #3073, .T. );
#1378 = CYLINDRICAL_SURFACE( '', #3074, 0.100000000000000 );
#1379 = FACE_OUTER_BOUND( '', #3075, .T. );
#1380 = CYLINDRICAL_SURFACE( '', #3076, 0.100000000000000 );
#1381 = FACE_OUTER_BOUND( '', #3077, .T. );
#1382 = PLANE( '', #3078 );
#1383 = FACE_OUTER_BOUND( '', #3079, .T. );
#1384 = PLANE( '', #3080 );
#1385 = FACE_OUTER_BOUND( '', #3081, .T. );
#1386 = CYLINDRICAL_SURFACE( '', #3082, 0.100000000000000 );
#1387 = FACE_OUTER_BOUND( '', #3083, .T. );
#1388 = SPHERICAL_SURFACE( '', #3084, 0.100000000000000 );
#1389 = FACE_OUTER_BOUND( '', #3085, .T. );
#1390 = PLANE( '', #3086 );
#1391 = FACE_OUTER_BOUND( '', #3087, .T. );
#1392 = PLANE( '', #3088 );
#1393 = FACE_OUTER_BOUND( '', #3089, .T. );
#1394 = PLANE( '', #3090 );
#1395 = FACE_OUTER_BOUND( '', #3091, .T. );
#1396 = PLANE( '', #3092 );
#1397 = FACE_OUTER_BOUND( '', #3093, .T. );
#1398 = PLANE( '', #3094 );
#1399 = FACE_OUTER_BOUND( '', #3095, .T. );
#1400 = PLANE( '', #3096 );
#1401 = FACE_OUTER_BOUND( '', #3097, .T. );
#1402 = PLANE( '', #3098 );
#1403 = FACE_BOUND( '', #3099, .T. );
#1404 = FACE_OUTER_BOUND( '', #3100, .T. );
#1405 = PLANE( '', #3101 );
#1406 = FACE_OUTER_BOUND( '', #3102, .T. );
#1407 = PLANE( '', #3103 );
#1408 = FACE_OUTER_BOUND( '', #3104, .T. );
#1409 = CYLINDRICAL_SURFACE( '', #3105, 0.100000000000000 );
#1410 = FACE_OUTER_BOUND( '', #3106, .T. );
#1411 = PLANE( '', #3107 );
#1412 = FACE_OUTER_BOUND( '', #3108, .T. );
#1413 = PLANE( '', #3109 );
#1414 = FACE_OUTER_BOUND( '', #3110, .T. );
#1415 = PLANE( '', #3111 );
#1416 = FACE_OUTER_BOUND( '', #3112, .T. );
#1417 = PLANE( '', #3113 );
#1418 = FACE_OUTER_BOUND( '', #3114, .T. );
#1419 = PLANE( '', #3115 );
#1420 = FACE_OUTER_BOUND( '', #3116, .T. );
#1421 = PLANE( '', #3117 );
#1422 = FACE_OUTER_BOUND( '', #3118, .T. );
#1423 = PLANE( '', #3119 );
#1424 = FACE_OUTER_BOUND( '', #3120, .T. );
#1425 = SPHERICAL_SURFACE( '', #3121, 0.100000000000000 );
#1426 = FACE_OUTER_BOUND( '', #3122, .T. );
#1427 = CYLINDRICAL_SURFACE( '', #3123, 0.175000000000000 );
#1428 = FACE_OUTER_BOUND( '', #3124, .T. );
#1429 = CYLINDRICAL_SURFACE( '', #3125, 0.525000000000000 );
#1430 = FACE_OUTER_BOUND( '', #3126, .T. );
#1431 = PLANE( '', #3127 );
#1432 = FACE_OUTER_BOUND( '', #3128, .T. );
#1433 = PLANE( '', #3129 );
#1434 = FACE_OUTER_BOUND( '', #3130, .T. );
#1435 = CYLINDRICAL_SURFACE( '', #3131, 0.525000000000000 );
#1436 = FACE_OUTER_BOUND( '', #3132, .T. );
#1437 = PLANE( '', #3133 );
#1438 = FACE_OUTER_BOUND( '', #3134, .T. );
#1439 = CYLINDRICAL_SURFACE( '', #3135, 0.100000000000000 );
#1440 = FACE_OUTER_BOUND( '', #3136, .T. );
#1441 = CYLINDRICAL_SURFACE( '', #3137, 0.100000000000000 );
#1442 = FACE_OUTER_BOUND( '', #3138, .T. );
#1443 = CYLINDRICAL_SURFACE( '', #3139, 0.100000000000000 );
#1444 = FACE_OUTER_BOUND( '', #3140, .T. );
#1445 = ( B_SPLINE_SURFACE( 3, 2, ( ( #3142, #3143, #3144 ), ( #3145, #3146, #3147 ), ( #3148, #3149, #3150 ), ( #3151, #3152, #3153 ), ( #3154, #3155, #3156 ), ( #3157, #3158, #3159 ) ), .UNSPECIFIED., .F., .F., .F. )B_SPLINE_SURFACE_WITH_KNOTS( ( 4, 2, 4 ), ( 3, 3 ), ( 4.71238898038469, 5.49778714378214, 6.28318530717959 ), ( 0.000000000000000, 1.00000000000000 ), .UNSPECIFIED. )RATIONAL_B_SPLINE_SURFACE( ( ( 1.00000000000000, 0.707106781186547, 1.00000000000000 ), ( 1.00000000000000, 0.781964487631951, 1.00000000000000 ), ( 1.00000000000000, 0.843943377706449, 1.00000000000000 ), ( 1.00000000000000, 0.928182148858911, 1.00000000000000 ), ( 1.00000000000000, 0.950513193481162, 1.00000000000000 ), ( 1.00000000000000, 0.950369663829741, 1.00000000000000 ) ) )BOUNDED_SURFACE(  )REPRESENTATION_ITEM( '' )GEOMETRIC_REPRESENTATION_ITEM(  )SURFACE(  ) );
#1446 = FACE_OUTER_BOUND( '', #3166, .T. );
#1447 = CYLINDRICAL_SURFACE( '', #3167, 0.100000000000000 );
#1448 = FACE_OUTER_BOUND( '', #3168, .T. );
#1449 = CYLINDRICAL_SURFACE( '', #3169, 0.100000000000000 );
#1450 = FACE_OUTER_BOUND( '', #3170, .T. );
#1451 = ( B_SPLINE_SURFACE( 3, 2, ( ( #3172, #3173, #3174 ), ( #3175, #3176, #3177 ), ( #3178, #3179, #3180 ), ( #3181, #3182, #3183 ), ( #3184, #3185, #3186 ), ( #3187, #3188, #3189 ) ), .UNSPECIFIED., .F., .F., .F. )B_SPLINE_SURFACE_WITH_KNOTS( ( 4, 2, 4 ), ( 3, 3 ), ( 1.57079632679490, 2.35619449019235, 3.14159265358979 ), ( 0.000000000000000, 1.00000000000000 ), .UNSPECIFIED. )RATIONAL_B_SPLINE_SURFACE( ( ( 1.00000000000000, 0.707106781186546, 1.00000000000000 ), ( 1.00000000000000, 0.781964487631946, 1.00000000000000 ), ( 1.00000000000000, 0.843943377706457, 1.00000000000000 ), ( 1.00000000000000, 0.928182148858905, 1.00000000000000 ), ( 1.00000000000000, 0.950513193481168, 1.00000000000000 ), ( 1.00000000000000, 0.950369663829741, 1.00000000000000 ) ) )BOUNDED_SURFACE(  )REPRESENTATION_ITEM( '' )GEOMETRIC_REPRESENTATION_ITEM(  )SURFACE(  ) );
#1452 = FACE_OUTER_BOUND( '', #3196, .T. );
#1453 = SPHERICAL_SURFACE( '', #3197, 0.100000000000000 );
#1454 = FACE_OUTER_BOUND( '', #3198, .T. );
#1455 = CYLINDRICAL_SURFACE( '', #3199, 0.100000000000000 );
#1456 = FACE_OUTER_BOUND( '', #3200, .T. );
#1457 = CYLINDRICAL_SURFACE( '', #3201, 0.100000000000000 );
#1458 = FACE_OUTER_BOUND( '', #3202, .T. );
#1459 = CYLINDRICAL_SURFACE( '', #3203, 0.100000000000000 );
#1460 = FACE_OUTER_BOUND( '', #3204, .T. );
#1461 = CYLINDRICAL_SURFACE( '', #3205, 0.100000000000000 );
#1462 = FACE_OUTER_BOUND( '', #3206, .T. );
#1463 = CYLINDRICAL_SURFACE( '', #3207, 0.100000000000000 );
#1464 = FACE_OUTER_BOUND( '', #3208, .T. );
#1465 = ( B_SPLINE_SURFACE( 3, 2, ( ( #3210, #3211, #3212 ), ( #3213, #3214, #3215 ), ( #3216, #3217, #3218 ), ( #3219, #3220, #3221 ), ( #3222, #3223, #3224 ), ( #3225, #3226, #3227 ) ), .UNSPECIFIED., .F., .F., .F. )B_SPLINE_SURFACE_WITH_KNOTS( ( 4, 2, 4 ), ( 3, 3 ), ( 3.14159265358979, 3.92699081698724, 4.71238898038469 ), ( 0.000000000000000, 1.00000000000000 ), .UNSPECIFIED. )RATIONAL_B_SPLINE_SURFACE( ( ( 1.00000000000000, 0.950369663829740, 1.00000000000000 ), ( 1.00000000000000, 0.950513193481193, 1.00000000000000 ), ( 1.00000000000000, 0.928182148858870, 1.00000000000000 ), ( 1.00000000000000, 0.843943377706495, 1.00000000000000 ), ( 1.00000000000000, 0.781964487631922, 1.00000000000000 ), ( 1.00000000000000, 0.707106781186549, 1.00000000000000 ) ) )BOUNDED_SURFACE(  )REPRESENTATION_ITEM( '' )GEOMETRIC_REPRESENTATION_ITEM(  )SURFACE(  ) );
#1466 = FACE_OUTER_BOUND( '', #3234, .T. );
#1467 = SPHERICAL_SURFACE( '', #3235, 0.100000000000000 );
#1468 = FACE_OUTER_BOUND( '', #3236, .T. );
#1469 = CYLINDRICAL_SURFACE( '', #3237, 0.100000000000000 );
#1470 = FACE_OUTER_BOUND( '', #3238, .T. );
#1471 = SPHERICAL_SURFACE( '', #3239, 0.100000000000000 );
#1472 = FACE_OUTER_BOUND( '', #3240, .T. );
#1473 = CYLINDRICAL_SURFACE( '', #3241, 0.100000000000000 );
#1474 = FACE_OUTER_BOUND( '', #3242, .T. );
#1475 = CYLINDRICAL_SURFACE( '', #3243, 0.100000000000000 );
#1476 = FACE_OUTER_BOUND( '', #3244, .T. );
#1477 = CYLINDRICAL_SURFACE( '', #3245, 0.100000000000000 );
#1478 = FILL_AREA_STYLE( '', ( #3246 ) );
#1479 = EDGE_CURVE( '', #3247, #3248, #3249, .T. );
#1480 = EDGE_CURVE( '', #3250, #3247, #3251, .T. );
#1481 = EDGE_CURVE( '', #3250, #3252, #3253, .T. );
#1482 = EDGE_CURVE( '', #3252, #3248, #3254, .T. );
#1483 = FILL_AREA_STYLE( '', ( #3255 ) );
#1484 = EDGE_CURVE( '', #3256, #3256, #3257, .T. );
#1485 = EDGE_CURVE( '', #3258, #3259, #3260, .T. );
#1486 = EDGE_CURVE( '', #3259, #3261, #3262, .F. );
#1487 = EDGE_CURVE( '', #3263, #3261, #3264, .T. );
#1488 = EDGE_CURVE( '', #3263, #3258, #3265, .T. );
#1489 = FILL_AREA_STYLE( '', ( #3266 ) );
#1490 = EDGE_CURVE( '', #3267, #3268, #3269, .T. );
#1491 = EDGE_CURVE( '', #3270, #3267, #3271, .T. );
#1492 = EDGE_CURVE( '', #3270, #3272, #3273, .T. );
#1493 = EDGE_CURVE( '', #3272, #3263, #3274, .F. );
#1494 = EDGE_CURVE( '', #3261, #3268, #3275, .F. );
#1495 = FILL_AREA_STYLE( '', ( #3276 ) );
#1496 = EDGE_CURVE( '', #3277, #3278, #3279, .T. );
#1497 = EDGE_CURVE( '', #3280, #3277, #3281, .T. );
#1498 = EDGE_CURVE( '', #3280, #3282, #3283, .T. );
#1499 = EDGE_CURVE( '', #3282, #3278, #3284, .T. );
#1500 = FILL_AREA_STYLE( '', ( #3285 ) );
#1501 = EDGE_CURVE( '', #3286, #3247, #3287, .T. );
#1502 = EDGE_CURVE( '', #3286, #3259, #3288, .F. );
#1503 = EDGE_CURVE( '', #3258, #3289, #3290, .F. );
#1504 = EDGE_CURVE( '', #3289, #3250, #3291, .T. );
#1505 = FILL_AREA_STYLE( '', ( #3292 ) );
#1506 = EDGE_CURVE( '', #3289, #3272, #3293, .F. );
#1507 = FILL_AREA_STYLE( '', ( #3294 ) );
#1508 = EDGE_CURVE( '', #3268, #3286, #3295, .T. );
#1509 = EDGE_CURVE( '', #3248, #3296, #3297, .T. );
#1510 = EDGE_CURVE( '', #3296, #3277, #3298, .T. );
#1511 = EDGE_CURVE( '', #3278, #3267, #3299, .T. );
#1512 = FILL_AREA_STYLE( '', ( #3300 ) );
#1513 = EDGE_CURVE( '', #3301, #3301, #3302, .T. );
#1514 = FILL_AREA_STYLE( '', ( #3303 ) );
#1515 = FILL_AREA_STYLE( '', ( #3304 ) );
#1516 = EDGE_CURVE( '', #3252, #3305, #3306, .T. );
#1517 = EDGE_CURVE( '', #3305, #3296, #3307, .T. );
#1518 = FILL_AREA_STYLE( '', ( #3308 ) );
#1519 = EDGE_CURVE( '', #3305, #3280, #3309, .T. );
#1520 = FILL_AREA_STYLE( '', ( #3310 ) );
#1521 = EDGE_CURVE( '', #3282, #3270, #3311, .T. );
#1522 = FILL_AREA_STYLE( '', ( #3312 ) );
#1523 = FILL_AREA_STYLE( '', ( #3313 ) );
#1524 = EDGE_LOOP( '', ( #3314, #3315, #3316, #3317 ) );
#1525 = AXIS2_PLACEMENT_3D( '', #3318, #3319, #3320 );
#1526 = EDGE_LOOP( '', ( #3321, #3322, #3323 ) );
#1527 = AXIS2_PLACEMENT_3D( '', #3324, #3325, #3326 );
#1528 = EDGE_LOOP( '', ( #3327, #3328, #3329, #3330, #3331 ) );
#1529 = AXIS2_PLACEMENT_3D( '', #3332, #3333, #3334 );
#1530 = EDGE_LOOP( '', ( #3335, #3336, #3337, #3338, #3339, #3340, #3341, #3342, #3343, #3344, #3345, #3346, #3347, #3348, #3349, #3350, #3351, #3352, #3353, #3354, #3355, #3356, #3357, #3358, #3359, #3360 ) );
#1531 = AXIS2_PLACEMENT_3D( '', #3361, #3362, #3363 );
#1532 = EDGE_LOOP( '', ( #3364, #3365, #3366, #3367 ) );
#1533 = AXIS2_PLACEMENT_3D( '', #3368, #3369, #3370 );
#1534 = EDGE_LOOP( '', ( #3371 ) );
#1535 = EDGE_LOOP( '', ( #3372, #3373, #3374, #3375, #3376, #3377, #3378, #3379, #3380, #3381, #3382, #3383 ) );
#1536 = AXIS2_PLACEMENT_3D( '', #3384, #3385, #3386 );
#1537 = EDGE_LOOP( '', ( #3387, #3388, #3389, #3390 ) );
#1538 = AXIS2_PLACEMENT_3D( '', #3391, #3392, #3393 );
#1539 = EDGE_LOOP( '', ( #3394, #3395, #3396, #3397, #3398, #3399, #3400, #3401, #3402, #3403, #3404, #3405, #3406, #3407, #3408, #3409, #3410, #3411, #3412, #3413, #3414, #3415, #3416, #3417, #3418, #3419, #3420, #3421, #3422, #3423, #3424, #3425 ) );
#1540 = EDGE_LOOP( '', ( #3426 ) );
#1541 = AXIS2_PLACEMENT_3D( '', #3427, #3428, #3429 );
#1542 = EDGE_LOOP( '', ( #3430 ) );
#1543 = EDGE_LOOP( '', ( #3431 ) );
#1544 = AXIS2_PLACEMENT_3D( '', #3432, #3433, #3434 );
#1545 = EDGE_LOOP( '', ( #3435, #3436, #3437, #3438 ) );
#1546 = EDGE_LOOP( '', ( #3439 ) );
#1547 = AXIS2_PLACEMENT_3D( '', #3440, #3441, #3442 );
#1548 = EDGE_LOOP( '', ( #3443, #3444, #3445, #3446 ) );
#1549 = AXIS2_PLACEMENT_3D( '', #3447, #3448, #3449 );
#1550 = EDGE_LOOP( '', ( #3450, #3451, #3452, #3453 ) );
#1551 = AXIS2_PLACEMENT_3D( '', #3454, #3455, #3456 );
#1552 = EDGE_LOOP( '', ( #3457, #3458, #3459, #3460 ) );
#1553 = AXIS2_PLACEMENT_3D( '', #3461, #3462, #3463 );
#1554 = EDGE_LOOP( '', ( #3464, #3465, #3466, #3467 ) );
#1555 = AXIS2_PLACEMENT_3D( '', #3468, #3469, #3470 );
#1556 = EDGE_LOOP( '', ( #3471, #3472, #3473, #3474 ) );
#1557 = AXIS2_PLACEMENT_3D( '', #3475, #3476, #3477 );
#1558 = EDGE_LOOP( '', ( #3478, #3479, #3480 ) );
#1559 = AXIS2_PLACEMENT_3D( '', #3481, #3482, #3483 );
#1560 = EDGE_LOOP( '', ( #3484, #3485, #3486, #3487 ) );
#1561 = AXIS2_PLACEMENT_3D( '', #3488, #3489, #3490 );
#1562 = EDGE_LOOP( '', ( #3491, #3492, #3493, #3494 ) );
#1563 = AXIS2_PLACEMENT_3D( '', #3495, #3496, #3497 );
#1564 = EDGE_LOOP( '', ( #3498, #3499, #3500, #3501 ) );
#1565 = AXIS2_PLACEMENT_3D( '', #3502, #3503, #3504 );
#1566 = EDGE_LOOP( '', ( #3505, #3506, #3507, #3508, #3509, #3510, #3511, #3512, #3513, #3514, #3515, #3516, #3517, #3518, #3519, #3520, #3521, #3522, #3523, #3524, #3525, #3526, #3527, #3528, #3529, #3530, #3531, #3532, #3533, #3534, #3535, #3536, #3537, #3538 ) );
#1567 = EDGE_LOOP( '', ( #3539, #3540, #3541, #3542 ) );
#1568 = EDGE_LOOP( '', ( #3543, #3544, #3545, #3546 ) );
#1569 = EDGE_LOOP( '', ( #3547, #3548, #3549, #3550 ) );
#1570 = EDGE_LOOP( '', ( #3551, #3552, #3553, #3554 ) );
#1571 = EDGE_LOOP( '', ( #3555, #3556, #3557, #3558 ) );
#1572 = EDGE_LOOP( '', ( #3559, #3560, #3561, #3562 ) );
#1573 = AXIS2_PLACEMENT_3D( '', #3563, #3564, #3565 );
#1574 = EDGE_LOOP( '', ( #3566, #3567, #3568, #3569 ) );
#1575 = AXIS2_PLACEMENT_3D( '', #3570, #3571, #3572 );
#1576 = EDGE_LOOP( '', ( #3573, #3574, #3575, #3576 ) );
#1577 = AXIS2_PLACEMENT_3D( '', #3577, #3578, #3579 );
#1578 = EDGE_LOOP( '', ( #3580, #3581, #3582 ) );
#1579 = AXIS2_PLACEMENT_3D( '', #3583, #3584, #3585 );
#1580 = EDGE_LOOP( '', ( #3586, #3587, #3588, #3589 ) );
#1581 = AXIS2_PLACEMENT_3D( '', #3590, #3591, #3592 );
#1582 = EDGE_LOOP( '', ( #3593, #3594, #3595, #3596 ) );
#1583 = AXIS2_PLACEMENT_3D( '', #3597, #3598, #3599 );
#1584 = EDGE_LOOP( '', ( #3600, #3601, #3602 ) );
#1585 = AXIS2_PLACEMENT_3D( '', #3603, #3604, #3605 );
#1586 = EDGE_LOOP( '', ( #3606, #3607, #3608 ) );
#1587 = AXIS2_PLACEMENT_3D( '', #3609, #3610, #3611 );
#1588 = EDGE_LOOP( '', ( #3612, #3613, #3614, #3615 ) );
#1589 = AXIS2_PLACEMENT_3D( '', #3616, #3617, #3618 );
#1590 = EDGE_LOOP( '', ( #3619, #3620, #3621, #3622 ) );
#1591 = AXIS2_PLACEMENT_3D( '', #3623, #3624, #3625 );
#1592 = EDGE_LOOP( '', ( #3626, #3627, #3628, #3629 ) );
#1593 = AXIS2_PLACEMENT_3D( '', #3630, #3631, #3632 );
#1594 = EDGE_LOOP( '', ( #3633, #3634, #3635, #3636 ) );
#1595 = AXIS2_PLACEMENT_3D( '', #3637, #3638, #3639 );
#1596 = EDGE_LOOP( '', ( #3640, #3641, #3642, #3643 ) );
#1597 = AXIS2_PLACEMENT_3D( '', #3644, #3645, #3646 );
#1598 = EDGE_LOOP( '', ( #3647, #3648, #3649, #3650 ) );
#1599 = AXIS2_PLACEMENT_3D( '', #3651, #3652, #3653 );
#1600 = EDGE_LOOP( '', ( #3654, #3655, #3656 ) );
#1601 = AXIS2_PLACEMENT_3D( '', #3657, #3658, #3659 );
#1602 = EDGE_LOOP( '', ( #3660, #3661, #3662, #3663 ) );
#1603 = AXIS2_PLACEMENT_3D( '', #3664, #3665, #3666 );
#1604 = EDGE_LOOP( '', ( #3667, #3668, #3669, #3670 ) );
#1605 = AXIS2_PLACEMENT_3D( '', #3671, #3672, #3673 );
#1606 = EDGE_LOOP( '', ( #3674, #3675, #3676 ) );
#1607 = AXIS2_PLACEMENT_3D( '', #3677, #3678, #3679 );
#1608 = EDGE_LOOP( '', ( #3680, #3681, #3682, #3683 ) );
#1610 = CARTESIAN_POINT( '', ( -3.95000000000000, -4.80546432034307, 0.500000000000000 ) );
#1611 = CARTESIAN_POINT( '', ( -4.05000000000000, -4.80546432034307, 0.500000000000000 ) );
#1612 = CARTESIAN_POINT( '', ( -4.05000000000000, -4.80546432034307, 0.400000000000000 ) );
#1613 = CARTESIAN_POINT( '', ( -3.95000000033928, -4.71667482230164, 0.500000000000000 ) );
#1614 = CARTESIAN_POINT( '', ( -4.03074031796819, -4.73881381073913, 0.500000000000000 ) );
#1615 = CARTESIAN_POINT( '', ( -4.05000000000000, -4.73220015360544, 0.421170906325221 ) );
#1616 = CARTESIAN_POINT( '', ( -3.97155469921921, -4.62892758311195, 0.500000000000000 ) );
#1617 = CARTESIAN_POINT( '', ( -4.03161224553251, -4.65402109312661, 0.500000000000000 ) );
#1618 = CARTESIAN_POINT( '', ( -4.06077734960962, -4.65979600103818, 0.442093297172159 ) );
#1619 = CARTESIAN_POINT( '', ( -4.04560258830617, -4.50371209619361, 0.500000000000000 ) );
#1620 = CARTESIAN_POINT( '', ( -4.07361348956577, -4.53742232576821, 0.500000000000000 ) );
#1621 = CARTESIAN_POINT( '', ( -4.09780129415307, -4.55647512960705, 0.471949591018296 ) );
#1622 = CARTESIAN_POINT( '', ( -4.09749311717828, -4.46726295515884, 0.500000000000000 ) );
#1623 = CARTESIAN_POINT( '', ( -4.11200247330042, -4.50000000302613, 0.500000000000000 ) );
#1624 = CARTESIAN_POINT( '', ( -4.12374655861520, -4.52639932055130, 0.480640498262376 ) );
#1625 = CARTESIAN_POINT( '', ( -4.15000000000000, -4.46726295238419, 0.500000000000000 ) );
#1626 = CARTESIAN_POINT( '', ( -4.15000000000000, -4.49999999999999, 0.500000000000000 ) );
#1627 = CARTESIAN_POINT( '', ( -4.15000000000000, -4.52639931874694, 0.480640499585571 ) );
#1634 = EDGE_LOOP( '', ( #3684, #3685, #3686 ) );
#1635 = AXIS2_PLACEMENT_3D( '', #3687, #3688, #3689 );
#1636 = EDGE_LOOP( '', ( #3690, #3691, #3692, #3693 ) );
#1637 = AXIS2_PLACEMENT_3D( '', #3694, #3695, #3696 );
#1638 = EDGE_LOOP( '', ( #3697, #3698, #3699, #3700, #3701, #3702, #3703, #3704, #3705, #3706, #3707, #3708, #3709, #3710, #3711, #3712, #3713, #3714, #3715, #3716, #3717, #3718, #3719, #3720, #3721, #3722 ) );
#1639 = AXIS2_PLACEMENT_3D( '', #3723, #3724, #3725 );
#1640 = EDGE_LOOP( '', ( #3726, #3727, #3728, #3729 ) );
#1642 = CARTESIAN_POINT( '', ( -5.85000000000000, -4.46726295238419, 0.500000000000000 ) );
#1643 = CARTESIAN_POINT( '', ( -5.85000000000000, -4.49999999999999, 0.500000000000000 ) );
#1644 = CARTESIAN_POINT( '', ( -5.85000000000000, -4.52639931874694, 0.480640499585571 ) );
#1645 = CARTESIAN_POINT( '', ( -5.90250688282170, -4.46726295515884, 0.500000000000000 ) );
#1646 = CARTESIAN_POINT( '', ( -5.88799752669953, -4.50000000302622, 0.500000000000000 ) );
#1647 = CARTESIAN_POINT( '', ( -5.87625344138481, -4.52639932055130, 0.480640498262378 ) );
#1648 = CARTESIAN_POINT( '', ( -5.95439741169386, -4.50371209619361, 0.500000000000000 ) );
#1649 = CARTESIAN_POINT( '', ( -5.92638651043429, -4.53742232576815, 0.500000000000030 ) );
#1650 = CARTESIAN_POINT( '', ( -5.90219870584692, -4.55647512960702, 0.471949591018302 ) );
#1651 = CARTESIAN_POINT( '', ( -6.02844530078076, -4.62892758311195, 0.500000000000000 ) );
#1652 = CARTESIAN_POINT( '', ( -5.96838775446742, -4.65402109312667, 0.499999999999967 ) );
#1653 = CARTESIAN_POINT( '', ( -5.93922265039039, -4.65979600103821, 0.442093297172155 ) );
#1654 = CARTESIAN_POINT( '', ( -6.04999999966072, -4.71667482230164, 0.500000000000000 ) );
#1655 = CARTESIAN_POINT( '', ( -5.96925968203158, -4.73881381073900, 0.500000000000153 ) );
#1656 = CARTESIAN_POINT( '', ( -5.95000000000000, -4.73220015360543, 0.421170906325236 ) );
#1657 = CARTESIAN_POINT( '', ( -6.05000000000000, -4.80546432034307, 0.500000000000000 ) );
#1658 = CARTESIAN_POINT( '', ( -5.95000000000000, -4.80546432034307, 0.500000000000000 ) );
#1659 = CARTESIAN_POINT( '', ( -5.95000000000000, -4.80546432034307, 0.400000000000001 ) );
#1666 = EDGE_LOOP( '', ( #3730, #3731, #3732, #3733 ) );
#1667 = AXIS2_PLACEMENT_3D( '', #3734, #3735, #3736 );
#1668 = EDGE_LOOP( '', ( #3737, #3738, #3739, #3740 ) );
#1670 = CARTESIAN_POINT( '', ( -4.05000000000000, -5.90000000000000, -0.402659498415081 ) );
#1671 = CARTESIAN_POINT( '', ( -4.05000000000000, -6.00000000000000, -0.402659498415081 ) );
#1672 = CARTESIAN_POINT( '', ( -3.95000000000000, -6.00000000000000, -0.402659498415081 ) );
#1673 = CARTESIAN_POINT( '', ( -4.05000000000000, -5.91552532205921, -0.446600864485650 ) );
#1674 = CARTESIAN_POINT( '', ( -4.03547569341354, -6.00000000000000, -0.443767717355592 ) );
#1675 = CARTESIAN_POINT( '', ( -3.95000000086041, -6.00000000000000, -0.467771758197923 ) );
#1676 = CARTESIAN_POINT( '', ( -4.06077737042710, -5.93086843023694, -0.490026510055418 ) );
#1677 = CARTESIAN_POINT( '', ( -4.03751042886120, -6.00000000000000, -0.497789140891393 ) );
#1678 = CARTESIAN_POINT( '', ( -3.97155474085418, -6.00000000000000, -0.532119824014899 ) );
#1679 = CARTESIAN_POINT( '', ( -4.09780127333560, -5.95276302110273, -0.551994836930046 ) );
#1680 = CARTESIAN_POINT( '', ( -4.07781320782134, -6.00000000000000, -0.574883245896571 ) );
#1681 = CARTESIAN_POINT( '', ( -4.04560254667120, -6.00000000000000, -0.623944411161020 ) );
#1682 = CARTESIAN_POINT( '', ( -4.12374657422013, -5.95913636539246, -0.570033334621138 ) );
#1683 = CARTESIAN_POINT( '', ( -4.11392384704680, -6.00000000000000, -0.599999997639659 ) );
#1684 = CARTESIAN_POINT( '', ( -4.09749314843328, -6.00000000000000, -0.650673832883522 ) );
#1685 = CARTESIAN_POINT( '', ( -4.15000000000000, -5.95913636636275, -0.570033335332687 ) );
#1686 = CARTESIAN_POINT( '', ( -4.15000000000000, -6.00000000000000, -0.600000000000003 ) );
#1687 = CARTESIAN_POINT( '', ( -4.15000000000000, -6.00000000000000, -0.650673834918258 ) );
#1694 = EDGE_LOOP( '', ( #3741, #3742, #3743, #3744 ) );
#1695 = AXIS2_PLACEMENT_3D( '', #3745, #3746, #3747 );
#1696 = EDGE_LOOP( '', ( #3748, #3749, #3750, #3751 ) );
#1697 = AXIS2_PLACEMENT_3D( '', #3752, #3753, #3754 );
#1698 = EDGE_LOOP( '', ( #3755, #3756, #3757, #3758 ) );
#1699 = AXIS2_PLACEMENT_3D( '', #3759, #3760, #3761 );
#1700 = EDGE_LOOP( '', ( #3762, #3763, #3764, #3765 ) );
#1702 = CARTESIAN_POINT( '', ( -5.85000000000000, -5.95913636636275, -0.570033335332688 ) );
#1703 = CARTESIAN_POINT( '', ( -5.85000000000000, -6.00000000000000, -0.600000000000003 ) );
#1704 = CARTESIAN_POINT( '', ( -5.85000000000000, -6.00000000000000, -0.650673834918258 ) );
#1705 = CARTESIAN_POINT( '', ( -5.87625342577987, -5.95913636539241, -0.570033334621107 ) );
#1706 = CARTESIAN_POINT( '', ( -5.88607615295320, -6.00000000000000, -0.599999997639671 ) );
#1707 = CARTESIAN_POINT( '', ( -5.90250685156672, -6.00000000000000, -0.650673832883522 ) );
#1708 = CARTESIAN_POINT( '', ( -5.90219872666440, -5.95276302110271, -0.551994836930041 ) );
#1709 = CARTESIAN_POINT( '', ( -5.92218679217866, -6.00000000000000, -0.574883245896570 ) );
#1710 = CARTESIAN_POINT( '', ( -5.95439745332880, -6.00000000000000, -0.623944411161020 ) );
#1711 = CARTESIAN_POINT( '', ( -5.93922262957291, -5.93086843023696, -0.490026510055421 ) );
#1712 = CARTESIAN_POINT( '', ( -5.96248957113880, -6.00000000000000, -0.497789140891398 ) );
#1713 = CARTESIAN_POINT( '', ( -6.02844525914582, -6.00000000000000, -0.532119824014899 ) );
#1714 = CARTESIAN_POINT( '', ( -5.95000000000000, -5.91552532205921, -0.446600864485643 ) );
#1715 = CARTESIAN_POINT( '', ( -5.96452430658646, -6.00000000000003, -0.443767717355590 ) );
#1716 = CARTESIAN_POINT( '', ( -6.04999999913959, -6.00000000000000, -0.467771758197924 ) );
#1717 = CARTESIAN_POINT( '', ( -5.95000000000000, -5.90000000000000, -0.402659498415080 ) );
#1718 = CARTESIAN_POINT( '', ( -5.95000000000000, -6.00000000000000, -0.402659498415080 ) );
#1719 = CARTESIAN_POINT( '', ( -6.05000000000000, -6.00000000000000, -0.402659498415081 ) );
#1726 = EDGE_LOOP( '', ( #3766, #3767, #3768 ) );
#1727 = AXIS2_PLACEMENT_3D( '', #3769, #3770, #3771 );
#1728 = EDGE_LOOP( '', ( #3772, #3773, #3774, #3775 ) );
#1729 = AXIS2_PLACEMENT_3D( '', #3776, #3777, #3778 );
#1730 = EDGE_LOOP( '', ( #3779, #3780, #3781, #3782 ) );
#1732 = CARTESIAN_POINT( '', ( 4.15000000000000, -4.46726295238419, 0.500000000000000 ) );
#1733 = CARTESIAN_POINT( '', ( 4.15000000000000, -4.49999999999999, 0.500000000000000 ) );
#1734 = CARTESIAN_POINT( '', ( 4.15000000000000, -4.52639931874694, 0.480640499585571 ) );
#1735 = CARTESIAN_POINT( '', ( 4.09749311717830, -4.46726295515884, 0.500000000000000 ) );
#1736 = CARTESIAN_POINT( '', ( 4.11200247330042, -4.50000000302613, 0.500000000000000 ) );
#1737 = CARTESIAN_POINT( '', ( 4.12374655861520, -4.52639932055130, 0.480640498262376 ) );
#1738 = CARTESIAN_POINT( '', ( 4.04560258830614, -4.50371209619361, 0.500000000000000 ) );
#1739 = CARTESIAN_POINT( '', ( 4.07361348956577, -4.53742232576824, 0.500000000000000 ) );
#1740 = CARTESIAN_POINT( '', ( 4.09780129415307, -4.55647512960705, 0.471949591018293 ) );
#1741 = CARTESIAN_POINT( '', ( 3.97155469921924, -4.62892758311195, 0.500000000000000 ) );
#1742 = CARTESIAN_POINT( '', ( 4.03161224553251, -4.65402109312657, 0.500000000000000 ) );
#1743 = CARTESIAN_POINT( '', ( 4.06077734960962, -4.65979600103818, 0.442093297172164 ) );
#1744 = CARTESIAN_POINT( '', ( 3.95000000033928, -4.71667482230164, 0.500000000000000 ) );
#1745 = CARTESIAN_POINT( '', ( 4.03074031796841, -4.73881381073908, 0.500000000000000 ) );
#1746 = CARTESIAN_POINT( '', ( 4.05000000000000, -4.73220015360544, 0.421170906325222 ) );
#1747 = CARTESIAN_POINT( '', ( 3.95000000000000, -4.80546432034307, 0.500000000000000 ) );
#1748 = CARTESIAN_POINT( '', ( 4.05000000000000, -4.80546432034307, 0.500000000000000 ) );
#1749 = CARTESIAN_POINT( '', ( 4.05000000000000, -4.80546432034307, 0.400000000000000 ) );
#1756 = EDGE_LOOP( '', ( #3783, #3784, #3785, #3786 ) );
#1757 = AXIS2_PLACEMENT_3D( '', #3787, #3788, #3789 );
#1758 = EDGE_LOOP( '', ( #3790, #3791, #3792, #3793 ) );
#1760 = CARTESIAN_POINT( '', ( 4.15000000000000, -5.95913636636275, -0.570033335332687 ) );
#1761 = CARTESIAN_POINT( '', ( 4.15000000000000, -6.00000000000000, -0.600000000000003 ) );
#1762 = CARTESIAN_POINT( '', ( 4.15000000000000, -6.00000000000000, -0.650673834918257 ) );
#1763 = CARTESIAN_POINT( '', ( 4.12374657422013, -5.95913636539246, -0.570033334621142 ) );
#1764 = CARTESIAN_POINT( '', ( 4.11392384704680, -6.00000000000000, -0.599999997639670 ) );
#1765 = CARTESIAN_POINT( '', ( 4.09749314843327, -6.00000000000000, -0.650673832883533 ) );
#1766 = CARTESIAN_POINT( '', ( 4.09780127333560, -5.95276302110273, -0.551994836930046 ) );
#1767 = CARTESIAN_POINT( '', ( 4.07781320782134, -6.00000000000000, -0.574883245896568 ) );
#1768 = CARTESIAN_POINT( '', ( 4.04560254667120, -6.00000000000000, -0.623944411161020 ) );
#1769 = CARTESIAN_POINT( '', ( 4.06077737042710, -5.93086843023694, -0.490026510055418 ) );
#1770 = CARTESIAN_POINT( '', ( 4.03751042886120, -6.00000000000000, -0.497789140891396 ) );
#1771 = CARTESIAN_POINT( '', ( 3.97155474085418, -6.00000000000000, -0.532119824014899 ) );
#1772 = CARTESIAN_POINT( '', ( 4.05000000000000, -5.91552532205921, -0.446600864485650 ) );
#1773 = CARTESIAN_POINT( '', ( 4.03547569341354, -6.00000000000000, -0.443767717355588 ) );
#1774 = CARTESIAN_POINT( '', ( 3.95000000086041, -6.00000000000000, -0.467771758197923 ) );
#1775 = CARTESIAN_POINT( '', ( 4.05000000000000, -5.90000000000000, -0.402659498415082 ) );
#1776 = CARTESIAN_POINT( '', ( 4.05000000000000, -6.00000000000000, -0.402659498415082 ) );
#1777 = CARTESIAN_POINT( '', ( 3.95000000000000, -6.00000000000000, -0.402659498415081 ) );
#1784 = EDGE_LOOP( '', ( #3794, #3795, #3796, #3797 ) );
#1785 = AXIS2_PLACEMENT_3D( '', #3798, #3799, #3800 );
#1786 = EDGE_LOOP( '', ( #3801, #3802, #3803, #3804 ) );
#1787 = AXIS2_PLACEMENT_3D( '', #3805, #3806, #3807 );
#1788 = EDGE_LOOP( '', ( #3808, #3809, #3810, #3811 ) );
#1790 = CARTESIAN_POINT( '', ( 6.05000000000000, -4.80546432034307, 0.500000000000000 ) );
#1791 = CARTESIAN_POINT( '', ( 5.95000000000000, -4.80546432034307, 0.500000000000000 ) );
#1792 = CARTESIAN_POINT( '', ( 5.95000000000000, -4.80546432034307, 0.400000000000000 ) );
#1793 = CARTESIAN_POINT( '', ( 6.04999999966072, -4.71667482230164, 0.500000000000000 ) );
#1794 = CARTESIAN_POINT( '', ( 5.96925968203182, -4.73881381073912, 0.500000000000140 ) );
#1795 = CARTESIAN_POINT( '', ( 5.95000000000000, -4.73220015360543, 0.421170906325233 ) );
#1796 = CARTESIAN_POINT( '', ( 6.02844530078079, -4.62892758311195, 0.500000000000000 ) );
#1797 = CARTESIAN_POINT( '', ( 5.96838775446746, -4.65402109312661, 0.499999999999984 ) );
#1798 = CARTESIAN_POINT( '', ( 5.93922265039038, -4.65979600103818, 0.442093297172157 ) );
#1799 = CARTESIAN_POINT( '', ( 5.95439741169383, -4.50371209619361, 0.500000000000000 ) );
#1800 = CARTESIAN_POINT( '', ( 5.92638651043426, -4.53742232576821, 0.500000000000015 ) );
#1801 = CARTESIAN_POINT( '', ( 5.90219870584693, -4.55647512960704, 0.471949591018299 ) );
#1802 = CARTESIAN_POINT( '', ( 5.90250688282172, -4.46726295515884, 0.500000000000000 ) );
#1803 = CARTESIAN_POINT( '', ( 5.88799752669956, -4.50000000302622, 0.500000000000000 ) );
#1804 = CARTESIAN_POINT( '', ( 5.87625344138480, -4.52639932055129, 0.480640498262380 ) );
#1805 = CARTESIAN_POINT( '', ( 5.85000000000000, -4.46726295238419, 0.500000000000000 ) );
#1806 = CARTESIAN_POINT( '', ( 5.85000000000000, -4.49999999999999, 0.500000000000000 ) );
#1807 = CARTESIAN_POINT( '', ( 5.85000000000000, -4.52639931874694, 0.480640499585571 ) );
#1814 = EDGE_LOOP( '', ( #3812, #3813, #3814, #3815 ) );
#1815 = AXIS2_PLACEMENT_3D( '', #3816, #3817, #3818 );
#1816 = EDGE_LOOP( '', ( #3819, #3820, #3821, #3822 ) );
#1818 = CARTESIAN_POINT( '', ( 5.95000000000000, -5.90000000000000, -0.402659498415081 ) );
#1819 = CARTESIAN_POINT( '', ( 5.95000000000000, -6.00000000000000, -0.402659498415081 ) );
#1820 = CARTESIAN_POINT( '', ( 6.05000000000000, -6.00000000000000, -0.402659498415081 ) );
#1821 = CARTESIAN_POINT( '', ( 5.95000000000000, -5.91552532205921, -0.446600864485651 ) );
#1822 = CARTESIAN_POINT( '', ( 5.96452430658646, -6.00000000000003, -0.443767717355597 ) );
#1823 = CARTESIAN_POINT( '', ( 6.04999999913959, -6.00000000000000, -0.467771758197923 ) );
#1824 = CARTESIAN_POINT( '', ( 5.93922262957290, -5.93086843023694, -0.490026510055417 ) );
#1825 = CARTESIAN_POINT( '', ( 5.96248957113878, -6.00000000000000, -0.497789140891394 ) );
#1826 = CARTESIAN_POINT( '', ( 6.02844525914582, -6.00000000000000, -0.532119824014899 ) );
#1827 = CARTESIAN_POINT( '', ( 5.90219872666440, -5.95276302110273, -0.551994836930046 ) );
#1828 = CARTESIAN_POINT( '', ( 5.92218679217868, -6.00000000000000, -0.574883245896572 ) );
#1829 = CARTESIAN_POINT( '', ( 5.95439745332880, -6.00000000000000, -0.623944411161020 ) );
#1830 = CARTESIAN_POINT( '', ( 5.87625342577987, -5.95913636539246, -0.570033334621138 ) );
#1831 = CARTESIAN_POINT( '', ( 5.88607615295318, -6.00000000000000, -0.599999997639659 ) );
#1832 = CARTESIAN_POINT( '', ( 5.90250685156672, -6.00000000000000, -0.650673832883522 ) );
#1833 = CARTESIAN_POINT( '', ( 5.85000000000000, -5.95913636636275, -0.570033335332687 ) );
#1834 = CARTESIAN_POINT( '', ( 5.85000000000000, -6.00000000000000, -0.600000000000003 ) );
#1835 = CARTESIAN_POINT( '', ( 5.85000000000000, -6.00000000000000, -0.650673834918258 ) );
#1842 = EDGE_LOOP( '', ( #3823, #3824, #3825, #3826 ) );
#1843 = AXIS2_PLACEMENT_3D( '', #3827, #3828, #3829 );
#1844 = EDGE_LOOP( '', ( #3830, #3831, #3832, #3833 ) );
#1845 = AXIS2_PLACEMENT_3D( '', #3834, #3835, #3836 );
#1846 = EDGE_LOOP( '', ( #3837, #3838, #3839, #3840 ) );
#1848 = CARTESIAN_POINT( '', ( 1.65000000000000, -4.46726295238419, 0.500000000000000 ) );
#1849 = CARTESIAN_POINT( '', ( 1.65000000000000, -4.49999999999999, 0.500000000000000 ) );
#1850 = CARTESIAN_POINT( '', ( 1.65000000000000, -4.52639931874694, 0.480640499585571 ) );
#1851 = CARTESIAN_POINT( '', ( 1.59749311717829, -4.46726295515884, 0.500000000000000 ) );
#1852 = CARTESIAN_POINT( '', ( 1.61200247330040, -4.50000000302613, 0.500000000000000 ) );
#1853 = CARTESIAN_POINT( '', ( 1.62374655861520, -4.52639932055130, 0.480640498262376 ) );
#1854 = CARTESIAN_POINT( '', ( 1.54560258830616, -4.50371209619361, 0.500000000000000 ) );
#1855 = CARTESIAN_POINT( '', ( 1.57361348956579, -4.53742232576821, 0.500000000000000 ) );
#1856 = CARTESIAN_POINT( '', ( 1.59780129415308, -4.55647512960704, 0.471949591018289 ) );
#1857 = CARTESIAN_POINT( '', ( 1.47155469921922, -4.62892758311195, 0.500000000000000 ) );
#1858 = CARTESIAN_POINT( '', ( 1.53161224553249, -4.65402109312661, 0.500000000000000 ) );
#1859 = CARTESIAN_POINT( '', ( 1.56077734960961, -4.65979600103819, 0.442093297172167 ) );
#1860 = CARTESIAN_POINT( '', ( 1.45000000033935, -4.71667482230164, 0.500000000000000 ) );
#1861 = CARTESIAN_POINT( '', ( 1.53074031796831, -4.73881381073910, 0.500000000000035 ) );
#1862 = CARTESIAN_POINT( '', ( 1.55000000000000, -4.73220015360545, 0.421170906325263 ) );
#1863 = CARTESIAN_POINT( '', ( 1.45000000000000, -4.80546432034307, 0.500000000000000 ) );
#1864 = CARTESIAN_POINT( '', ( 1.55000000000000, -4.80546432034307, 0.500000000000000 ) );
#1865 = CARTESIAN_POINT( '', ( 1.55000000000000, -4.80546432034307, 0.400000000000000 ) );
#1872 = EDGE_LOOP( '', ( #3841, #3842, #3843, #3844 ) );
#1873 = AXIS2_PLACEMENT_3D( '', #3845, #3846, #3847 );
#1874 = EDGE_LOOP( '', ( #3848, #3849, #3850, #3851 ) );
#1876 = CARTESIAN_POINT( '', ( 1.65000000000000, -5.95913636636275, -0.570033335332687 ) );
#1877 = CARTESIAN_POINT( '', ( 1.65000000000000, -6.00000000000000, -0.600000000000003 ) );
#1878 = CARTESIAN_POINT( '', ( 1.65000000000000, -6.00000000000000, -0.650673834918258 ) );
#1879 = CARTESIAN_POINT( '', ( 1.62374657422014, -5.95913636539246, -0.570033334621138 ) );
#1880 = CARTESIAN_POINT( '', ( 1.61392384704679, -6.00000000000000, -0.599999997639659 ) );
#1881 = CARTESIAN_POINT( '', ( 1.59749314843328, -6.00000000000000, -0.650673832883522 ) );
#1882 = CARTESIAN_POINT( '', ( 1.59780127333559, -5.95276302110273, -0.551994836930046 ) );
#1883 = CARTESIAN_POINT( '', ( 1.57781320782135, -6.00000000000000, -0.574883245896571 ) );
#1884 = CARTESIAN_POINT( '', ( 1.54560254667120, -6.00000000000000, -0.623944411161023 ) );
#1885 = CARTESIAN_POINT( '', ( 1.56077737042710, -5.93086843023694, -0.490026510055418 ) );
#1886 = CARTESIAN_POINT( '', ( 1.53751042886119, -6.00000000000000, -0.497789140891393 ) );
#1887 = CARTESIAN_POINT( '', ( 1.47155474085418, -6.00000000000000, -0.532119824014896 ) );
#1888 = CARTESIAN_POINT( '', ( 1.55000000000000, -5.91552532205921, -0.446600864485651 ) );
#1889 = CARTESIAN_POINT( '', ( 1.53547569341357, -6.00000000000000, -0.443767717355598 ) );
#1890 = CARTESIAN_POINT( '', ( 1.45000000086044, -6.00000000000000, -0.467771758197926 ) );
#1891 = CARTESIAN_POINT( '', ( 1.55000000000000, -5.90000000000000, -0.402659498415081 ) );
#1892 = CARTESIAN_POINT( '', ( 1.55000000000000, -6.00000000000000, -0.402659498415081 ) );
#1893 = CARTESIAN_POINT( '', ( 1.45000000000000, -6.00000000000000, -0.402659498415081 ) );
#1900 = EDGE_LOOP( '', ( #3852, #3853, #3854, #3855 ) );
#1901 = AXIS2_PLACEMENT_3D( '', #3856, #3857, #3858 );
#1902 = EDGE_LOOP( '', ( #3859, #3860, #3861, #3862, #3863 ) );
#1903 = AXIS2_PLACEMENT_3D( '', #3864, #3865, #3866 );
#1904 = EDGE_LOOP( '', ( #3867, #3868, #3869, #3870 ) );
#1906 = CARTESIAN_POINT( '', ( 3.55000000000000, -4.80546432034307, 0.500000000000000 ) );
#1907 = CARTESIAN_POINT( '', ( 3.45000000000000, -4.80546432034307, 0.500000000000000 ) );
#1908 = CARTESIAN_POINT( '', ( 3.45000000000000, -4.80546432034307, 0.400000000000000 ) );
#1909 = CARTESIAN_POINT( '', ( 3.54999999966065, -4.71667482230164, 0.500000000000000 ) );
#1910 = CARTESIAN_POINT( '', ( 3.46925968203160, -4.73881381073907, 0.499999999999948 ) );
#1911 = CARTESIAN_POINT( '', ( 3.45000000000000, -4.73220015360544, 0.421170906325234 ) );
#1912 = CARTESIAN_POINT( '', ( 3.52844530078077, -4.62892758311195, 0.500000000000000 ) );
#1913 = CARTESIAN_POINT( '', ( 3.46838775446749, -4.65402109312661, 0.500000000000000 ) );
#1914 = CARTESIAN_POINT( '', ( 3.43922265039038, -4.65979600103818, 0.442093297172160 ) );
#1915 = CARTESIAN_POINT( '', ( 3.45439741169385, -4.50371209619361, 0.500000000000000 ) );
#1916 = CARTESIAN_POINT( '', ( 3.42638651043423, -4.53742232576821, 0.500000000000000 ) );
#1917 = CARTESIAN_POINT( '', ( 3.40219870584693, -4.55647512960705, 0.471949591018297 ) );
#1918 = CARTESIAN_POINT( '', ( 3.40250688282171, -4.46726295515884, 0.500000000000000 ) );
#1919 = CARTESIAN_POINT( '', ( 3.38799752669959, -4.50000000302622, 0.500000000000000 ) );
#1920 = CARTESIAN_POINT( '', ( 3.37625344138480, -4.52639932055130, 0.480640498262378 ) );
#1921 = CARTESIAN_POINT( '', ( 3.35000000000000, -4.46726295238419, 0.500000000000000 ) );
#1922 = CARTESIAN_POINT( '', ( 3.35000000000000, -4.49999999999999, 0.500000000000000 ) );
#1923 = CARTESIAN_POINT( '', ( 3.35000000000000, -4.52639931874694, 0.480640499585571 ) );
#1930 = EDGE_LOOP( '', ( #3871, #3872, #3873, #3874 ) );
#1931 = AXIS2_PLACEMENT_3D( '', #3875, #3876, #3877 );
#1932 = EDGE_LOOP( '', ( #3878, #3879, #3880, #3881 ) );
#1934 = CARTESIAN_POINT( '', ( 3.45000000000000, -5.90000000000000, -0.402659498415081 ) );
#1935 = CARTESIAN_POINT( '', ( 3.45000000000000, -6.00000000000000, -0.402659498415081 ) );
#1936 = CARTESIAN_POINT( '', ( 3.55000000000000, -6.00000000000000, -0.402659498415082 ) );
#1937 = CARTESIAN_POINT( '', ( 3.45000000000000, -5.91552532205919, -0.446600864485662 ) );
#1938 = CARTESIAN_POINT( '', ( 3.46452430658636, -6.00000000000000, -0.443767717355621 ) );
#1939 = CARTESIAN_POINT( '', ( 3.54999999913955, -6.00000000000000, -0.467771758197926 ) );
#1940 = CARTESIAN_POINT( '', ( 3.43922262957291, -5.93086843023694, -0.490026510055416 ) );
#1941 = CARTESIAN_POINT( '', ( 3.46248957113882, -6.00000000000000, -0.497789140891393 ) );
#1942 = CARTESIAN_POINT( '', ( 3.52844525914582, -6.00000000000000, -0.532119824014896 ) );
#1943 = CARTESIAN_POINT( '', ( 3.40219872666440, -5.95276302110273, -0.551994836930048 ) );
#1944 = CARTESIAN_POINT( '', ( 3.42218679217865, -6.00000000000000, -0.574883245896571 ) );
#1945 = CARTESIAN_POINT( '', ( 3.45439745332880, -6.00000000000000, -0.623944411161023 ) );
#1946 = CARTESIAN_POINT( '', ( 3.37625342577987, -5.95913636539245, -0.570033334621138 ) );
#1947 = CARTESIAN_POINT( '', ( 3.38607615295321, -6.00000000000000, -0.599999997639657 ) );
#1948 = CARTESIAN_POINT( '', ( 3.40250685156672, -6.00000000000000, -0.650673832883519 ) );
#1949 = CARTESIAN_POINT( '', ( 3.35000000000000, -5.95913636636275, -0.570033335332688 ) );
#1950 = CARTESIAN_POINT( '', ( 3.35000000000000, -6.00000000000000, -0.600000000000004 ) );
#1951 = CARTESIAN_POINT( '', ( 3.35000000000000, -6.00000000000000, -0.650673834918258 ) );
#1958 = EDGE_LOOP( '', ( #3882, #3883, #3884, #3885 ) );
#1959 = AXIS2_PLACEMENT_3D( '', #3886, #3887, #3888 );
#1960 = EDGE_LOOP( '', ( #3889, #3890, #3891, #3892 ) );
#1961 = AXIS2_PLACEMENT_3D( '', #3893, #3894, #3895 );
#1962 = EDGE_LOOP( '', ( #3896, #3897, #3898, #3899 ) );
#1964 = CARTESIAN_POINT( '', ( 1.05000000000000, -4.80546432034307, 0.500000000000000 ) );
#1965 = CARTESIAN_POINT( '', ( 0.950000000000000, -4.80546432034307, 0.500000000000000 ) );
#1966 = CARTESIAN_POINT( '', ( 0.950000000000000, -4.80546432034307, 0.400000000000000 ) );
#1967 = CARTESIAN_POINT( '', ( 1.04999999966068, -4.71667482230164, 0.500000000000000 ) );
#1968 = CARTESIAN_POINT( '', ( 0.969259682031710, -4.73881381073910, 0.500000000000000 ) );
#1969 = CARTESIAN_POINT( '', ( 0.950000000000000, -4.73220015360545, 0.421170906325266 ) );
#1970 = CARTESIAN_POINT( '', ( 1.02844530078078, -4.62892758311195, 0.500000000000000 ) );
#1971 = CARTESIAN_POINT( '', ( 0.968387754467501, -4.65402109312661, 0.500000000000000 ) );
#1972 = CARTESIAN_POINT( '', ( 0.939222650390384, -4.65979600103819, 0.442093297172166 ) );
#1973 = CARTESIAN_POINT( '', ( 0.954397411693840, -4.50371209619361, 0.500000000000000 ) );
#1974 = CARTESIAN_POINT( '', ( 0.926386510434215, -4.53742232576821, 0.500000000000000 ) );
#1975 = CARTESIAN_POINT( '', ( 0.902198705846926, -4.55647512960704, 0.471949591018290 ) );
#1976 = CARTESIAN_POINT( '', ( 0.902506882821715, -4.46726295515884, 0.500000000000000 ) );
#1977 = CARTESIAN_POINT( '', ( 0.887997526699595, -4.50000000302613, 0.500000000000000 ) );
#1978 = CARTESIAN_POINT( '', ( 0.876253441384804, -4.52639932055130, 0.480640498262378 ) );
#1979 = CARTESIAN_POINT( '', ( 0.850000000000000, -4.46726295238419, 0.500000000000000 ) );
#1980 = CARTESIAN_POINT( '', ( 0.850000000000000, -4.49999999999999, 0.500000000000000 ) );
#1981 = CARTESIAN_POINT( '', ( 0.850000000000001, -4.52639931874694, 0.480640499585571 ) );
#1988 = EDGE_LOOP( '', ( #3900, #3901, #3902, #3903, #3904 ) );
#1989 = AXIS2_PLACEMENT_3D( '', #3905, #3906, #3907 );
#1990 = EDGE_LOOP( '', ( #3908, #3909, #3910 ) );
#1991 = AXIS2_PLACEMENT_3D( '', #3911, #3912, #3913 );
#1992 = EDGE_LOOP( '', ( #3914, #3915, #3916, #3917 ) );
#1993 = AXIS2_PLACEMENT_3D( '', #3918, #3919, #3920 );
#1994 = EDGE_LOOP( '', ( #3921, #3922, #3923, #3924 ) );
#1995 = AXIS2_PLACEMENT_3D( '', #3925, #3926, #3927 );
#1996 = EDGE_LOOP( '', ( #3928, #3929, #3930, #3931 ) );
#1997 = AXIS2_PLACEMENT_3D( '', #3932, #3933, #3934 );
#1998 = EDGE_LOOP( '', ( #3935, #3936, #3937, #3938 ) );
#2000 = CARTESIAN_POINT( '', ( 0.950000000000000, -5.90000000000000, -0.402659498415081 ) );
#2001 = CARTESIAN_POINT( '', ( 0.950000000000000, -6.00000000000000, -0.402659498415081 ) );
#2002 = CARTESIAN_POINT( '', ( 1.05000000000000, -6.00000000000000, -0.402659498415081 ) );
#2003 = CARTESIAN_POINT( '', ( 0.950000000000000, -5.91552532205921, -0.446600864485652 ) );
#2004 = CARTESIAN_POINT( '', ( 0.964524306586418, -6.00000000000000, -0.443767717355606 ) );
#2005 = CARTESIAN_POINT( '', ( 1.04999999913955, -6.00000000000000, -0.467771758197926 ) );
#2006 = CARTESIAN_POINT( '', ( 0.939222629572904, -5.93086843023694, -0.490026510055416 ) );
#2007 = CARTESIAN_POINT( '', ( 0.962489571138805, -6.00000000000000, -0.497789140891389 ) );
#2008 = CARTESIAN_POINT( '', ( 1.02844525914582, -6.00000000000000, -0.532119824014896 ) );
#2009 = CARTESIAN_POINT( '', ( 0.902198726664405, -5.95276302110273, -0.551994836930047 ) );
#2010 = CARTESIAN_POINT( '', ( 0.922186792178660, -6.00000000000000, -0.574883245896574 ) );
#2011 = CARTESIAN_POINT( '', ( 0.954397453328803, -6.00000000000000, -0.623944411161023 ) );
#2012 = CARTESIAN_POINT( '', ( 0.876253425779865, -5.95913636539246, -0.570033334621138 ) );
#2013 = CARTESIAN_POINT( '', ( 0.886076152953202, -6.00000000000000, -0.599999997639659 ) );
#2014 = CARTESIAN_POINT( '', ( 0.902506851566717, -6.00000000000000, -0.650673832883522 ) );
#2015 = CARTESIAN_POINT( '', ( 0.850000000000000, -5.95913636636275, -0.570033335332687 ) );
#2016 = CARTESIAN_POINT( '', ( 0.850000000000000, -6.00000000000000, -0.600000000000003 ) );
#2017 = CARTESIAN_POINT( '', ( 0.849999999999999, -6.00000000000000, -0.650673834918258 ) );
#2024 = EDGE_LOOP( '', ( #3939, #3940, #3941, #3942 ) );
#2026 = CARTESIAN_POINT( '', ( -0.850000000000000, -4.46726295238419, 0.500000000000000 ) );
#2027 = CARTESIAN_POINT( '', ( -0.850000000000000, -4.49999999999999, 0.500000000000000 ) );
#2028 = CARTESIAN_POINT( '', ( -0.850000000000000, -4.52639931874694, 0.480640499585571 ) );
#2029 = CARTESIAN_POINT( '', ( -0.902506882821708, -4.46726295515884, 0.500000000000000 ) );
#2030 = CARTESIAN_POINT( '', ( -0.887997526699582, -4.50000000302622, 0.500000000000000 ) );
#2031 = CARTESIAN_POINT( '', ( -0.876253441384809, -4.52639932055130, 0.480640498262378 ) );
#2032 = CARTESIAN_POINT( '', ( -0.954397411693848, -4.50371209619361, 0.500000000000000 ) );
#2033 = CARTESIAN_POINT( '', ( -0.926386510434231, -4.53742232576818, 0.500000000000000 ) );
#2034 = CARTESIAN_POINT( '', ( -0.902198705846921, -4.55647512960702, 0.471949591018302 ) );
#2035 = CARTESIAN_POINT( '', ( -1.02844530078077, -4.62892758311195, 0.500000000000000 ) );
#2036 = CARTESIAN_POINT( '', ( -0.968387754467486, -4.65402109312664, 0.500000000000000 ) );
#2037 = CARTESIAN_POINT( '', ( -0.939222650390390, -4.65979600103821, 0.442093297172155 ) );
#2038 = CARTESIAN_POINT( '', ( -1.04999999966068, -4.71667482230164, 0.500000000000000 ) );
#2039 = CARTESIAN_POINT( '', ( -0.969259682031689, -4.73881381073907, 0.500000000000000 ) );
#2040 = CARTESIAN_POINT( '', ( -0.950000000000000, -4.73220015360542, 0.421170906325239 ) );
#2041 = CARTESIAN_POINT( '', ( -1.05000000000000, -4.80546432034307, 0.500000000000000 ) );
#2042 = CARTESIAN_POINT( '', ( -0.950000000000001, -4.80546432034307, 0.500000000000000 ) );
#2043 = CARTESIAN_POINT( '', ( -0.950000000000000, -4.80546432034307, 0.400000000000001 ) );
#2050 = EDGE_LOOP( '', ( #3943, #3944, #3945, #3946, #3947 ) );
#2051 = AXIS2_PLACEMENT_3D( '', #3948, #3949, #3950 );
#2052 = EDGE_LOOP( '', ( #3951, #3952, #3953, #3954 ) );
#2053 = AXIS2_PLACEMENT_3D( '', #3955, #3956, #3957 );
#2054 = EDGE_LOOP( '', ( #3958, #3959, #3960, #3961 ) );
#2056 = CARTESIAN_POINT( '', ( -0.850000000000000, -5.95913636636275, -0.570033335332688 ) );
#2057 = CARTESIAN_POINT( '', ( -0.850000000000000, -6.00000000000000, -0.600000000000003 ) );
#2058 = CARTESIAN_POINT( '', ( -0.850000000000000, -6.00000000000000, -0.650673834918258 ) );
#2059 = CARTESIAN_POINT( '', ( -0.876253425779874, -5.95913636539246, -0.570033334621140 ) );
#2060 = CARTESIAN_POINT( '', ( -0.886076152953210, -6.00000000000000, -0.599999997639654 ) );
#2061 = CARTESIAN_POINT( '', ( -0.902506851566723, -6.00000000000000, -0.650673832883522 ) );
#2062 = CARTESIAN_POINT( '', ( -0.902198726664396, -5.95276302110271, -0.551994836930041 ) );
#2063 = CARTESIAN_POINT( '', ( -0.922186792178647, -6.00000000000000, -0.574883245896573 ) );
#2064 = CARTESIAN_POINT( '', ( -0.954397453328796, -6.00000000000000, -0.623944411161023 ) );
#2065 = CARTESIAN_POINT( '', ( -0.939222629572914, -5.93086843023696, -0.490026510055421 ) );
#2066 = CARTESIAN_POINT( '', ( -0.962489571138817, -6.00000000000000, -0.497789140891396 ) );
#2067 = CARTESIAN_POINT( '', ( -1.02844525914582, -6.00000000000000, -0.532119824014896 ) );
#2068 = CARTESIAN_POINT( '', ( -0.950000000000000, -5.91552532205921, -0.446600864485643 ) );
#2069 = CARTESIAN_POINT( '', ( -0.964524306586408, -6.00000000000000, -0.443767717355607 ) );
#2070 = CARTESIAN_POINT( '', ( -1.04999999913955, -6.00000000000000, -0.467771758197926 ) );
#2071 = CARTESIAN_POINT( '', ( -0.950000000000000, -5.90000000000000, -0.402659498415080 ) );
#2072 = CARTESIAN_POINT( '', ( -0.950000000000001, -6.00000000000000, -0.402659498415080 ) );
#2073 = CARTESIAN_POINT( '', ( -1.05000000000000, -6.00000000000000, -0.402659498415081 ) );
#2080 = EDGE_LOOP( '', ( #3962, #3963, #3964 ) );
#2081 = AXIS2_PLACEMENT_3D( '', #3965, #3966, #3967 );
#2082 = EDGE_LOOP( '', ( #3968, #3969, #3970, #3971 ) );
#2083 = AXIS2_PLACEMENT_3D( '', #3972, #3973, #3974 );
#2084 = EDGE_LOOP( '', ( #3975, #3976, #3977 ) );
#2085 = AXIS2_PLACEMENT_3D( '', #3978, #3979, #3980 );
#2086 = EDGE_LOOP( '', ( #3981, #3982, #3983 ) );
#2087 = AXIS2_PLACEMENT_3D( '', #3984, #3985, #3986 );
#2088 = EDGE_LOOP( '', ( #3987, #3988, #3989 ) );
#2089 = AXIS2_PLACEMENT_3D( '', #3990, #3991, #3992 );
#2090 = EDGE_LOOP( '', ( #3993, #3994, #3995, #3996 ) );
#2091 = AXIS2_PLACEMENT_3D( '', #3997, #3998, #3999 );
#2092 = EDGE_LOOP( '', ( #4000, #4001, #4002, #4003 ) );
#2093 = AXIS2_PLACEMENT_3D( '', #4004, #4005, #4006 );
#2094 = EDGE_LOOP( '', ( #4007, #4008, #4009, #4010 ) );
#2096 = CARTESIAN_POINT( '', ( -3.35000000000000, -5.95913636636275, -0.570033335332688 ) );
#2097 = CARTESIAN_POINT( '', ( -3.35000000000000, -6.00000000000000, -0.600000000000003 ) );
#2098 = CARTESIAN_POINT( '', ( -3.35000000000000, -6.00000000000000, -0.650673834918258 ) );
#2099 = CARTESIAN_POINT( '', ( -3.37625342577987, -5.95913636539246, -0.570033334621139 ) );
#2100 = CARTESIAN_POINT( '', ( -3.38607615295321, -6.00000000000000, -0.599999997639654 ) );
#2101 = CARTESIAN_POINT( '', ( -3.40250685156672, -6.00000000000000, -0.650673832883522 ) );
#2102 = CARTESIAN_POINT( '', ( -3.40219872666440, -5.95276302110271, -0.551994836930041 ) );
#2103 = CARTESIAN_POINT( '', ( -3.42218679217865, -6.00000000000000, -0.574883245896574 ) );
#2104 = CARTESIAN_POINT( '', ( -3.45439745332880, -6.00000000000000, -0.623944411161023 ) );
#2105 = CARTESIAN_POINT( '', ( -3.43922262957291, -5.93086843023696, -0.490026510055421 ) );
#2106 = CARTESIAN_POINT( '', ( -3.46248957113882, -6.00000000000000, -0.497789140891396 ) );
#2107 = CARTESIAN_POINT( '', ( -3.52844525914582, -6.00000000000000, -0.532119824014896 ) );
#2108 = CARTESIAN_POINT( '', ( -3.45000000000000, -5.91552532205921, -0.446600864485642 ) );
#2109 = CARTESIAN_POINT( '', ( -3.46452430658639, -6.00000000000000, -0.443767717355613 ) );
#2110 = CARTESIAN_POINT( '', ( -3.54999999913955, -6.00000000000000, -0.467771758197926 ) );
#2111 = CARTESIAN_POINT( '', ( -3.45000000000000, -5.90000000000000, -0.402659498415080 ) );
#2112 = CARTESIAN_POINT( '', ( -3.45000000000000, -6.00000000000000, -0.402659498415080 ) );
#2113 = CARTESIAN_POINT( '', ( -3.55000000000000, -6.00000000000000, -0.402659498415081 ) );
#2120 = EDGE_LOOP( '', ( #4011, #4012, #4013, #4014 ) );
#2122 = CARTESIAN_POINT( '', ( -3.35000000000000, -4.46726295238419, 0.500000000000000 ) );
#2123 = CARTESIAN_POINT( '', ( -3.35000000000000, -4.49999999999999, 0.500000000000000 ) );
#2124 = CARTESIAN_POINT( '', ( -3.35000000000000, -4.52639931874694, 0.480640499585571 ) );
#2125 = CARTESIAN_POINT( '', ( -3.40250688282172, -4.46726295515884, 0.500000000000000 ) );
#2126 = CARTESIAN_POINT( '', ( -3.38799752669957, -4.50000000302622, 0.500000000000000 ) );
#2127 = CARTESIAN_POINT( '', ( -3.37625344138481, -4.52639932055130, 0.480640498262378 ) );
#2128 = CARTESIAN_POINT( '', ( -3.45439741169383, -4.50371209619361, 0.500000000000000 ) );
#2129 = CARTESIAN_POINT( '', ( -3.42638651043424, -4.53742232576818, 0.500000000000008 ) );
#2130 = CARTESIAN_POINT( '', ( -3.40219870584692, -4.55647512960701, 0.471949591018300 ) );
#2131 = CARTESIAN_POINT( '', ( -3.52844530078079, -4.62892758311195, 0.500000000000000 ) );
#2132 = CARTESIAN_POINT( '', ( -3.46838775446747, -4.65402109312664, 0.499999999999992 ) );
#2133 = CARTESIAN_POINT( '', ( -3.43922265039039, -4.65979600103821, 0.442093297172157 ) );
#2134 = CARTESIAN_POINT( '', ( -3.54999999966065, -4.71667482230164, 0.500000000000000 ) );
#2135 = CARTESIAN_POINT( '', ( -3.46925968203167, -4.73881381073906, 0.499999999999948 ) );
#2136 = CARTESIAN_POINT( '', ( -3.45000000000000, -4.73220015360542, 0.421170906325245 ) );
#2137 = CARTESIAN_POINT( '', ( -3.55000000000000, -4.80546432034307, 0.500000000000000 ) );
#2138 = CARTESIAN_POINT( '', ( -3.45000000000000, -4.80546432034307, 0.500000000000000 ) );
#2139 = CARTESIAN_POINT( '', ( -3.45000000000000, -4.80546432034307, 0.400000000000001 ) );
#2146 = EDGE_LOOP( '', ( #4015, #4016, #4017, #4018 ) );
#2147 = AXIS2_PLACEMENT_3D( '', #4019, #4020, #4021 );
#2148 = EDGE_LOOP( '', ( #4022, #4023, #4024, #4025 ) );
#2149 = AXIS2_PLACEMENT_3D( '', #4026, #4027, #4028 );
#2150 = EDGE_LOOP( '', ( #4029, #4030, #4031, #4032, #4033 ) );
#2151 = AXIS2_PLACEMENT_3D( '', #4034, #4035, #4036 );
#2152 = EDGE_LOOP( '', ( #4037, #4038, #4039, #4040 ) );
#2154 = CARTESIAN_POINT( '', ( -1.55000000000000, -5.90000000000000, -0.402659498415081 ) );
#2155 = CARTESIAN_POINT( '', ( -1.55000000000000, -6.00000000000000, -0.402659498415081 ) );
#2156 = CARTESIAN_POINT( '', ( -1.45000000000000, -6.00000000000000, -0.402659498415081 ) );
#2157 = CARTESIAN_POINT( '', ( -1.55000000000000, -5.91552532205921, -0.446600864485653 ) );
#2158 = CARTESIAN_POINT( '', ( -1.53547569341357, -6.00000000000000, -0.443767717355596 ) );
#2159 = CARTESIAN_POINT( '', ( -1.45000000086044, -6.00000000000000, -0.467771758197923 ) );
#2160 = CARTESIAN_POINT( '', ( -1.56077737042709, -5.93086843023694, -0.490026510055415 ) );
#2161 = CARTESIAN_POINT( '', ( -1.53751042886118, -6.00000000000000, -0.497789140891392 ) );
#2162 = CARTESIAN_POINT( '', ( -1.47155474085418, -6.00000000000000, -0.532119824014899 ) );
#2163 = CARTESIAN_POINT( '', ( -1.59780127333560, -5.95276302110273, -0.551994836930048 ) );
#2164 = CARTESIAN_POINT( '', ( -1.57781320782135, -6.00000000000000, -0.574883245896571 ) );
#2165 = CARTESIAN_POINT( '', ( -1.54560254667120, -6.00000000000000, -0.623944411161020 ) );
#2166 = CARTESIAN_POINT( '', ( -1.62374657422013, -5.95913636539246, -0.570033334621138 ) );
#2167 = CARTESIAN_POINT( '', ( -1.61392384704679, -6.00000000000000, -0.599999997639659 ) );
#2168 = CARTESIAN_POINT( '', ( -1.59749314843328, -6.00000000000000, -0.650673832883522 ) );
#2169 = CARTESIAN_POINT( '', ( -1.65000000000000, -5.95913636636275, -0.570033335332687 ) );
#2170 = CARTESIAN_POINT( '', ( -1.65000000000000, -6.00000000000000, -0.600000000000003 ) );
#2171 = CARTESIAN_POINT( '', ( -1.65000000000000, -6.00000000000000, -0.650673834918258 ) );
#2178 = EDGE_LOOP( '', ( #4041, #4042, #4043, #4044 ) );
#2180 = CARTESIAN_POINT( '', ( -1.45000000000000, -4.80546432034307, 0.500000000000000 ) );
#2181 = CARTESIAN_POINT( '', ( -1.55000000000000, -4.80546432034307, 0.500000000000000 ) );
#2182 = CARTESIAN_POINT( '', ( -1.55000000000000, -4.80546432034307, 0.400000000000000 ) );
#2183 = CARTESIAN_POINT( '', ( -1.45000000033935, -4.71667482230164, 0.500000000000000 ) );
#2184 = CARTESIAN_POINT( '', ( -1.53074031796834, -4.73881381073909, 0.500000000000035 ) );
#2185 = CARTESIAN_POINT( '', ( -1.55000000000000, -4.73220015360543, 0.421170906325221 ) );
#2186 = CARTESIAN_POINT( '', ( -1.47155469921923, -4.62892758311195, 0.500000000000000 ) );
#2187 = CARTESIAN_POINT( '', ( -1.53161224553249, -4.65402109312661, 0.500000000000004 ) );
#2188 = CARTESIAN_POINT( '', ( -1.56077734960962, -4.65979600103819, 0.442093297172164 ) );
#2189 = CARTESIAN_POINT( '', ( -1.54560258830615, -4.50371209619361, 0.500000000000000 ) );
#2190 = CARTESIAN_POINT( '', ( -1.57361348956579, -4.53742232576821, 0.499999999999996 ) );
#2191 = CARTESIAN_POINT( '', ( -1.59780129415307, -4.55647512960704, 0.471949591018292 ) );
#2192 = CARTESIAN_POINT( '', ( -1.59749311717829, -4.46726295515884, 0.500000000000000 ) );
#2193 = CARTESIAN_POINT( '', ( -1.61200247330040, -4.50000000302613, 0.500000000000000 ) );
#2194 = CARTESIAN_POINT( '', ( -1.62374655861520, -4.52639932055130, 0.480640498262376 ) );
#2195 = CARTESIAN_POINT( '', ( -1.65000000000000, -4.46726295238419, 0.500000000000000 ) );
#2196 = CARTESIAN_POINT( '', ( -1.65000000000000, -4.49999999999999, 0.500000000000000 ) );
#2197 = CARTESIAN_POINT( '', ( -1.65000000000000, -4.52639931874694, 0.480640499585571 ) );
#2204 = EDGE_LOOP( '', ( #4045, #4046, #4047, #4048 ) );
#2205 = AXIS2_PLACEMENT_3D( '', #4049, #4050, #4051 );
#2206 = EDGE_LOOP( '', ( #4052, #4053, #4054, #4055 ) );
#2207 = AXIS2_PLACEMENT_3D( '', #4056, #4057, #4058 );
#2208 = EDGE_LOOP( '', ( #4059, #4060, #4061, #4062, #4063 ) );
#2209 = AXIS2_PLACEMENT_3D( '', #4064, #4065, #4066 );
#2210 = EDGE_LOOP( '', ( #4067, #4068, #4069 ) );
#2211 = AXIS2_PLACEMENT_3D( '', #4070, #4071, #4072 );
#2212 = EDGE_LOOP( '', ( #4073, #4074, #4075 ) );
#2213 = AXIS2_PLACEMENT_3D( '', #4076, #4077, #4078 );
#2214 = EDGE_LOOP( '', ( #4079, #4080, #4081, #4082 ) );
#2215 = AXIS2_PLACEMENT_3D( '', #4083, #4084, #4085 );
#2216 = EDGE_LOOP( '', ( #4086, #4087, #4088, #4089 ) );
#2217 = AXIS2_PLACEMENT_3D( '', #4090, #4091, #4092 );
#2218 = EDGE_LOOP( '', ( #4093, #4094, #4095, #4096 ) );
#2219 = AXIS2_PLACEMENT_3D( '', #4097, #4098, #4099 );
#2220 = EDGE_LOOP( '', ( #4100, #4101, #4102, #4103 ) );
#2222 = CARTESIAN_POINT( '', ( -4.15000000000000, 4.46726295238419, 0.500000000000000 ) );
#2223 = CARTESIAN_POINT( '', ( -4.15000000000000, 4.49999999999999, 0.500000000000000 ) );
#2224 = CARTESIAN_POINT( '', ( -4.15000000000000, 4.52639931874694, 0.480640499585571 ) );
#2225 = CARTESIAN_POINT( '', ( -4.09749311717830, 4.46726295515884, 0.500000000000000 ) );
#2226 = CARTESIAN_POINT( '', ( -4.11200247330042, 4.50000000302613, 0.500000000000000 ) );
#2227 = CARTESIAN_POINT( '', ( -4.12374655861519, 4.52639932055130, 0.480640498262376 ) );
#2228 = CARTESIAN_POINT( '', ( -4.04560258830614, 4.50371209619361, 0.500000000000000 ) );
#2229 = CARTESIAN_POINT( '', ( -4.07361348956577, 4.53742232576818, 0.500000000000000 ) );
#2230 = CARTESIAN_POINT( '', ( -4.09780129415308, 4.55647512960702, 0.471949591018300 ) );
#2231 = CARTESIAN_POINT( '', ( -3.97155469921924, 4.62892758311195, 0.500000000000000 ) );
#2232 = CARTESIAN_POINT( '', ( -4.03161224553251, 4.65402109312664, 0.500000000000000 ) );
#2233 = CARTESIAN_POINT( '', ( -4.06077734960961, 4.65979600103821, 0.442093297172156 ) );
#2234 = CARTESIAN_POINT( '', ( -3.95000000033928, 4.71667482230164, 0.500000000000000 ) );
#2235 = CARTESIAN_POINT( '', ( -4.03074031796831, 4.73881381073907, 0.500000000000000 ) );
#2236 = CARTESIAN_POINT( '', ( -4.05000000000000, 4.73220015360542, 0.421170906325229 ) );
#2237 = CARTESIAN_POINT( '', ( -3.95000000000000, 4.80546432034307, 0.500000000000000 ) );
#2238 = CARTESIAN_POINT( '', ( -4.05000000000000, 4.80546432034307, 0.500000000000000 ) );
#2239 = CARTESIAN_POINT( '', ( -4.05000000000000, 4.80546432034307, 0.400000000000000 ) );
#2246 = EDGE_LOOP( '', ( #4104, #4105, #4106, #4107 ) );
#2248 = CARTESIAN_POINT( '', ( -3.95000000000000, 6.00000000000000, -0.402659498415081 ) );
#2249 = CARTESIAN_POINT( '', ( -4.05000000000000, 6.00000000000000, -0.402659498415081 ) );
#2250 = CARTESIAN_POINT( '', ( -4.05000000000000, 5.90000000000000, -0.402659498415081 ) );
#2251 = CARTESIAN_POINT( '', ( -3.95000000086041, 6.00000000000000, -0.467771758197922 ) );
#2252 = CARTESIAN_POINT( '', ( -4.03547569341354, 6.00000000000000, -0.443767717355588 ) );
#2253 = CARTESIAN_POINT( '', ( -4.05000000000000, 5.91552532205921, -0.446600864485651 ) );
#2254 = CARTESIAN_POINT( '', ( -3.97155474085418, 6.00000000000000, -0.532119824014900 ) );
#2255 = CARTESIAN_POINT( '', ( -4.03751042886120, 6.00000000000000, -0.497789140891396 ) );
#2256 = CARTESIAN_POINT( '', ( -4.06077737042710, 5.93086843023694, -0.490026510055418 ) );
#2257 = CARTESIAN_POINT( '', ( -4.04560254667120, 6.00000000000000, -0.623944411161020 ) );
#2258 = CARTESIAN_POINT( '', ( -4.07781320782134, 6.00000000000000, -0.574883245896569 ) );
#2259 = CARTESIAN_POINT( '', ( -4.09780127333560, 5.95276302110273, -0.551994836930046 ) );
#2260 = CARTESIAN_POINT( '', ( -4.09749314843328, 6.00000000000000, -0.650673832883522 ) );
#2261 = CARTESIAN_POINT( '', ( -4.11392384704680, 6.00000000000000, -0.599999997639659 ) );
#2262 = CARTESIAN_POINT( '', ( -4.12374657422013, 5.95913636539246, -0.570033334621138 ) );
#2263 = CARTESIAN_POINT( '', ( -4.15000000000000, 6.00000000000000, -0.650673834918258 ) );
#2264 = CARTESIAN_POINT( '', ( -4.15000000000000, 6.00000000000000, -0.600000000000003 ) );
#2265 = CARTESIAN_POINT( '', ( -4.15000000000000, 5.95913636636275, -0.570033335332687 ) );
#2272 = EDGE_LOOP( '', ( #4108, #4109, #4110, #4111 ) );
#2273 = AXIS2_PLACEMENT_3D( '', #4112, #4113, #4114 );
#2274 = EDGE_LOOP( '', ( #4115, #4116, #4117, #4118 ) );
#2275 = AXIS2_PLACEMENT_3D( '', #4119, #4120, #4121 );
#2276 = EDGE_LOOP( '', ( #4122, #4123, #4124, #4125, #4126, #4127, #4128, #4129, #4130, #4131, #4132, #4133, #4134, #4135, #4136, #4137, #4138, #4139, #4140, #4141, #4142, #4143, #4144, #4145, #4146, #4147, #4148, #4149, #4150, #4151, #4152, #4153, #4154, #4155 ) );
#2277 = EDGE_LOOP( '', ( #4156, #4157, #4158, #4159 ) );
#2278 = EDGE_LOOP( '', ( #4160, #4161, #4162, #4163 ) );
#2279 = EDGE_LOOP( '', ( #4164, #4165, #4166, #4167 ) );
#2280 = EDGE_LOOP( '', ( #4168, #4169, #4170, #4171 ) );
#2281 = EDGE_LOOP( '', ( #4172, #4173, #4174, #4175 ) );
#2282 = EDGE_LOOP( '', ( #4176, #4177, #4178, #4179 ) );
#2283 = AXIS2_PLACEMENT_3D( '', #4180, #4181, #4182 );
#2284 = EDGE_LOOP( '', ( #4183, #4184, #4185, #4186, #4187, #4188 ) );
#2285 = AXIS2_PLACEMENT_3D( '', #4189, #4190, #4191 );
#2286 = EDGE_LOOP( '', ( #4192 ) );
#2287 = EDGE_LOOP( '', ( #4193 ) );
#2288 = AXIS2_PLACEMENT_3D( '', #4194, #4195, #4196 );
#2289 = EDGE_LOOP( '', ( #4197, #4198, #4199, #4200 ) );
#2291 = CARTESIAN_POINT( '', ( -5.85000000000000, 6.00000000000000, -0.650673834918258 ) );
#2292 = CARTESIAN_POINT( '', ( -5.85000000000000, 6.00000000000000, -0.600000000000003 ) );
#2293 = CARTESIAN_POINT( '', ( -5.85000000000000, 5.95913636636275, -0.570033335332687 ) );
#2294 = CARTESIAN_POINT( '', ( -5.90250685156672, 6.00000000000000, -0.650673832883522 ) );
#2295 = CARTESIAN_POINT( '', ( -5.88607615295320, 6.00000000000000, -0.599999997639659 ) );
#2296 = CARTESIAN_POINT( '', ( -5.87625342577987, 5.95913636539246, -0.570033334621138 ) );
#2297 = CARTESIAN_POINT( '', ( -5.95439745332880, 6.00000000000000, -0.623944411161020 ) );
#2298 = CARTESIAN_POINT( '', ( -5.92218679217866, 6.00000000000000, -0.574883245896568 ) );
#2299 = CARTESIAN_POINT( '', ( -5.90219872666440, 5.95276302110273, -0.551994836930046 ) );
#2300 = CARTESIAN_POINT( '', ( -6.02844525914582, 6.00000000000000, -0.532119824014899 ) );
#2301 = CARTESIAN_POINT( '', ( -5.96248957113881, 6.00000000000000, -0.497789140891396 ) );
#2302 = CARTESIAN_POINT( '', ( -5.93922262957290, 5.93086843023694, -0.490026510055418 ) );
#2303 = CARTESIAN_POINT( '', ( -6.04999999913959, 6.00000000000000, -0.467771758197924 ) );
#2304 = CARTESIAN_POINT( '', ( -5.96452430658646, 6.00000000000003, -0.443767717355589 ) );
#2305 = CARTESIAN_POINT( '', ( -5.95000000000000, 5.91552532205921, -0.446600864485650 ) );
#2306 = CARTESIAN_POINT( '', ( -6.05000000000000, 6.00000000000000, -0.402659498415081 ) );
#2307 = CARTESIAN_POINT( '', ( -5.95000000000000, 6.00000000000000, -0.402659498415081 ) );
#2308 = CARTESIAN_POINT( '', ( -5.95000000000000, 5.90000000000000, -0.402659498415081 ) );
#2315 = EDGE_LOOP( '', ( #4201, #4202, #4203, #4204 ) );
#2317 = CARTESIAN_POINT( '', ( 4.15000000000000, 6.00000000000000, -0.650673834918257 ) );
#2318 = CARTESIAN_POINT( '', ( 4.15000000000000, 6.00000000000000, -0.600000000000003 ) );
#2319 = CARTESIAN_POINT( '', ( 4.15000000000000, 5.95913636636275, -0.570033335332687 ) );
#2320 = CARTESIAN_POINT( '', ( 4.09749314843328, 6.00000000000000, -0.650673832883533 ) );
#2321 = CARTESIAN_POINT( '', ( 4.11392384704680, 6.00000000000000, -0.599999997639670 ) );
#2322 = CARTESIAN_POINT( '', ( 4.12374657422013, 5.95913636539246, -0.570033334621142 ) );
#2323 = CARTESIAN_POINT( '', ( 4.04560254667120, 6.00000000000000, -0.623944411161020 ) );
#2324 = CARTESIAN_POINT( '', ( 4.07781320782134, 6.00000000000000, -0.574883245896571 ) );
#2325 = CARTESIAN_POINT( '', ( 4.09780127333560, 5.95276302110273, -0.551994836930048 ) );
#2326 = CARTESIAN_POINT( '', ( 3.97155474085418, 6.00000000000000, -0.532119824014899 ) );
#2327 = CARTESIAN_POINT( '', ( 4.03751042886119, 6.00000000000000, -0.497789140891392 ) );
#2328 = CARTESIAN_POINT( '', ( 4.06077737042709, 5.93086843023694, -0.490026510055416 ) );
#2329 = CARTESIAN_POINT( '', ( 3.95000000086041, 6.00000000000000, -0.467771758197923 ) );
#2330 = CARTESIAN_POINT( '', ( 4.03547569341357, 6.00000000000000, -0.443767717355598 ) );
#2331 = CARTESIAN_POINT( '', ( 4.05000000000000, 5.91552532205919, -0.446600864485661 ) );
#2332 = CARTESIAN_POINT( '', ( 3.95000000000000, 6.00000000000000, -0.402659498415081 ) );
#2333 = CARTESIAN_POINT( '', ( 4.05000000000000, 6.00000000000000, -0.402659498415081 ) );
#2334 = CARTESIAN_POINT( '', ( 4.05000000000000, 5.90000000000000, -0.402659498415081 ) );
#2341 = EDGE_LOOP( '', ( #4205, #4206, #4207, #4208 ) );
#2343 = CARTESIAN_POINT( '', ( 6.05000000000000, 6.00000000000000, -0.402659498415080 ) );
#2344 = CARTESIAN_POINT( '', ( 5.95000000000000, 6.00000000000000, -0.402659498415080 ) );
#2345 = CARTESIAN_POINT( '', ( 5.95000000000000, 5.90000000000000, -0.402659498415080 ) );
#2346 = CARTESIAN_POINT( '', ( 6.04999999913959, 6.00000000000000, -0.467771758197923 ) );
#2347 = CARTESIAN_POINT( '', ( 5.96452430658646, 6.00000000000003, -0.443767717355598 ) );
#2348 = CARTESIAN_POINT( '', ( 5.95000000000000, 5.91552532205921, -0.446600864485641 ) );
#2349 = CARTESIAN_POINT( '', ( 6.02844525914582, 6.00000000000000, -0.532119824014898 ) );
#2350 = CARTESIAN_POINT( '', ( 5.96248957113878, 5.99999999999997, -0.497789140891396 ) );
#2351 = CARTESIAN_POINT( '', ( 5.93922262957291, 5.93086843023696, -0.490026510055421 ) );
#2352 = CARTESIAN_POINT( '', ( 5.95439745332880, 6.00000000000000, -0.623944411161019 ) );
#2353 = CARTESIAN_POINT( '', ( 5.92218679217868, 6.00000000000002, -0.574883245896574 ) );
#2354 = CARTESIAN_POINT( '', ( 5.90219872666440, 5.95276302110271, -0.551994836930041 ) );
#2355 = CARTESIAN_POINT( '', ( 5.90250685156672, 6.00000000000000, -0.650673832883533 ) );
#2356 = CARTESIAN_POINT( '', ( 5.88607615295318, 6.00000000000000, -0.599999997639676 ) );
#2357 = CARTESIAN_POINT( '', ( 5.87625342577987, 5.95913636539242, -0.570033334621109 ) );
#2358 = CARTESIAN_POINT( '', ( 5.85000000000000, 6.00000000000000, -0.650673834918257 ) );
#2359 = CARTESIAN_POINT( '', ( 5.85000000000000, 6.00000000000000, -0.600000000000003 ) );
#2360 = CARTESIAN_POINT( '', ( 5.85000000000000, 5.95913636636275, -0.570033335332687 ) );
#2367 = EDGE_LOOP( '', ( #4209, #4210, #4211, #4212 ) );
#2369 = CARTESIAN_POINT( '', ( 1.65000000000000, 6.00000000000000, -0.650673834918258 ) );
#2370 = CARTESIAN_POINT( '', ( 1.65000000000000, 6.00000000000000, -0.600000000000003 ) );
#2371 = CARTESIAN_POINT( '', ( 1.65000000000000, 5.95913636636275, -0.570033335332687 ) );
#2372 = CARTESIAN_POINT( '', ( 1.59749314843328, 6.00000000000000, -0.650673832883522 ) );
#2373 = CARTESIAN_POINT( '', ( 1.61392384704679, 6.00000000000000, -0.599999997639662 ) );
#2374 = CARTESIAN_POINT( '', ( 1.62374657422013, 5.95913636539246, -0.570033334621139 ) );
#2375 = CARTESIAN_POINT( '', ( 1.54560254667120, 6.00000000000000, -0.623944411161020 ) );
#2376 = CARTESIAN_POINT( '', ( 1.57781320782135, 6.00000000000000, -0.574883245896572 ) );
#2377 = CARTESIAN_POINT( '', ( 1.59780127333560, 5.95276302110273, -0.551994836930048 ) );
#2378 = CARTESIAN_POINT( '', ( 1.47155474085418, 6.00000000000000, -0.532119824014899 ) );
#2379 = CARTESIAN_POINT( '', ( 1.53751042886119, 6.00000000000000, -0.497789140891393 ) );
#2380 = CARTESIAN_POINT( '', ( 1.56077737042709, 5.93086843023694, -0.490026510055416 ) );
#2381 = CARTESIAN_POINT( '', ( 1.45000000086044, 6.00000000000000, -0.467771758197923 ) );
#2382 = CARTESIAN_POINT( '', ( 1.53547569341359, 6.00000000000000, -0.443767717355605 ) );
#2383 = CARTESIAN_POINT( '', ( 1.55000000000000, 5.91552532205922, -0.446600864485652 ) );
#2384 = CARTESIAN_POINT( '', ( 1.45000000000000, 6.00000000000000, -0.402659498415081 ) );
#2385 = CARTESIAN_POINT( '', ( 1.55000000000000, 6.00000000000000, -0.402659498415081 ) );
#2386 = CARTESIAN_POINT( '', ( 1.55000000000000, 5.90000000000000, -0.402659498415081 ) );
#2393 = EDGE_LOOP( '', ( #4213, #4214, #4215, #4216 ) );
#2395 = CARTESIAN_POINT( '', ( 3.55000000000000, 6.00000000000000, -0.402659498415082 ) );
#2396 = CARTESIAN_POINT( '', ( 3.45000000000000, 6.00000000000000, -0.402659498415081 ) );
#2397 = CARTESIAN_POINT( '', ( 3.45000000000000, 5.90000000000000, -0.402659498415081 ) );
#2398 = CARTESIAN_POINT( '', ( 3.54999999913955, 6.00000000000000, -0.467771758197925 ) );
#2399 = CARTESIAN_POINT( '', ( 3.46452430658636, 6.00000000000000, -0.443767717355623 ) );
#2400 = CARTESIAN_POINT( '', ( 3.45000000000000, 5.91552532205919, -0.446600864485654 ) );
#2401 = CARTESIAN_POINT( '', ( 3.52844525914582, 6.00000000000000, -0.532119824014897 ) );
#2402 = CARTESIAN_POINT( '', ( 3.46248957113882, 6.00000000000000, -0.497789140891396 ) );
#2403 = CARTESIAN_POINT( '', ( 3.43922262957292, 5.93086843023696, -0.490026510055420 ) );
#2404 = CARTESIAN_POINT( '', ( 3.45439745332880, 6.00000000000000, -0.623944411161024 ) );
#2405 = CARTESIAN_POINT( '', ( 3.42218679217865, 6.00000000000000, -0.574883245896574 ) );
#2406 = CARTESIAN_POINT( '', ( 3.40219872666439, 5.95276302110271, -0.551994836930044 ) );
#2407 = CARTESIAN_POINT( '', ( 3.40250685156672, 6.00000000000000, -0.650673832883519 ) );
#2408 = CARTESIAN_POINT( '', ( 3.38607615295321, 6.00000000000000, -0.599999997639657 ) );
#2409 = CARTESIAN_POINT( '', ( 3.37625342577987, 5.95913636539245, -0.570033334621138 ) );
#2410 = CARTESIAN_POINT( '', ( 3.35000000000000, 6.00000000000000, -0.650673834918258 ) );
#2411 = CARTESIAN_POINT( '', ( 3.35000000000000, 6.00000000000000, -0.600000000000004 ) );
#2412 = CARTESIAN_POINT( '', ( 3.35000000000000, 5.95913636636275, -0.570033335332688 ) );
#2419 = EDGE_LOOP( '', ( #4217, #4218, #4219, #4220 ) );
#2421 = CARTESIAN_POINT( '', ( 1.05000000000000, 6.00000000000000, -0.402659498415081 ) );
#2422 = CARTESIAN_POINT( '', ( 0.950000000000000, 6.00000000000000, -0.402659498415081 ) );
#2423 = CARTESIAN_POINT( '', ( 0.950000000000000, 5.90000000000000, -0.402659498415081 ) );
#2424 = CARTESIAN_POINT( '', ( 1.04999999913955, 6.00000000000000, -0.467771758197926 ) );
#2425 = CARTESIAN_POINT( '', ( 0.964524306586420, 6.00000000000000, -0.443767717355606 ) );
#2426 = CARTESIAN_POINT( '', ( 0.950000000000000, 5.91552532205922, -0.446600864485654 ) );
#2427 = CARTESIAN_POINT( '', ( 1.02844525914582, 6.00000000000000, -0.532119824014896 ) );
#2428 = CARTESIAN_POINT( '', ( 0.962489571138811, 6.00000000000000, -0.497789140891386 ) );
#2429 = CARTESIAN_POINT( '', ( 0.939222629572907, 5.93086843023694, -0.490026510055414 ) );
#2430 = CARTESIAN_POINT( '', ( 0.954397453328796, 6.00000000000000, -0.623944411161024 ) );
#2431 = CARTESIAN_POINT( '', ( 0.922186792178654, 6.00000000000000, -0.574883245896578 ) );
#2432 = CARTESIAN_POINT( '', ( 0.902198726664402, 5.95276302110273, -0.551994836930051 ) );
#2433 = CARTESIAN_POINT( '', ( 0.902506851566722, 6.00000000000000, -0.650673832883522 ) );
#2434 = CARTESIAN_POINT( '', ( 0.886076152953207, 6.00000000000000, -0.599999997639659 ) );
#2435 = CARTESIAN_POINT( '', ( 0.876253425779869, 5.95913636539246, -0.570033334621138 ) );
#2436 = CARTESIAN_POINT( '', ( 0.850000000000000, 6.00000000000000, -0.650673834918258 ) );
#2437 = CARTESIAN_POINT( '', ( 0.850000000000000, 6.00000000000000, -0.600000000000003 ) );
#2438 = CARTESIAN_POINT( '', ( 0.850000000000000, 5.95913636636275, -0.570033335332687 ) );
#2445 = EDGE_LOOP( '', ( #4221, #4222, #4223, #4224 ) );
#2447 = CARTESIAN_POINT( '', ( -0.850000000000000, 6.00000000000000, -0.650673834918258 ) );
#2448 = CARTESIAN_POINT( '', ( -0.850000000000001, 6.00000000000000, -0.600000000000003 ) );
#2449 = CARTESIAN_POINT( '', ( -0.850000000000001, 5.95913636636275, -0.570033335332688 ) );
#2450 = CARTESIAN_POINT( '', ( -0.902506851566722, 6.00000000000000, -0.650673832883522 ) );
#2451 = CARTESIAN_POINT( '', ( -0.886076152953212, 6.00000000000000, -0.599999997639671 ) );
#2452 = CARTESIAN_POINT( '', ( -0.876253425779872, 5.95913636539241, -0.570033334621107 ) );
#2453 = CARTESIAN_POINT( '', ( -0.954397453328796, 6.00000000000000, -0.623944411161020 ) );
#2454 = CARTESIAN_POINT( '', ( -0.922186792178647, 6.00000000000000, -0.574883245896567 ) );
#2455 = CARTESIAN_POINT( '', ( -0.902198726664399, 5.95276302110271, -0.551994836930037 ) );
#2456 = CARTESIAN_POINT( '', ( -1.02844525914582, 6.00000000000000, -0.532119824014899 ) );
#2457 = CARTESIAN_POINT( '', ( -0.962489571138817, 6.00000000000000, -0.497789140891402 ) );
#2458 = CARTESIAN_POINT( '', ( -0.939222629572912, 5.93086843023696, -0.490026510055425 ) );
#2459 = CARTESIAN_POINT( '', ( -1.04999999913955, 6.00000000000000, -0.467771758197922 ) );
#2460 = CARTESIAN_POINT( '', ( -0.964524306586418, 6.00000000000000, -0.443767717355599 ) );
#2461 = CARTESIAN_POINT( '', ( -0.950000000000000, 5.91552532205921, -0.446600864485638 ) );
#2462 = CARTESIAN_POINT( '', ( -1.05000000000000, 6.00000000000000, -0.402659498415081 ) );
#2463 = CARTESIAN_POINT( '', ( -0.950000000000001, 6.00000000000000, -0.402659498415080 ) );
#2464 = CARTESIAN_POINT( '', ( -0.950000000000000, 5.90000000000000, -0.402659498415080 ) );
#2471 = EDGE_LOOP( '', ( #4225, #4226, #4227, #4228 ) );
#2473 = CARTESIAN_POINT( '', ( -3.35000000000000, 6.00000000000000, -0.650673834918257 ) );
#2474 = CARTESIAN_POINT( '', ( -3.35000000000000, 6.00000000000000, -0.600000000000003 ) );
#2475 = CARTESIAN_POINT( '', ( -3.35000000000000, 5.95913636636275, -0.570033335332687 ) );
#2476 = CARTESIAN_POINT( '', ( -3.40250685156671, 6.00000000000000, -0.650673832883533 ) );
#2477 = CARTESIAN_POINT( '', ( -3.38607615295321, 6.00000000000000, -0.599999997639676 ) );
#2478 = CARTESIAN_POINT( '', ( -3.37625342577987, 5.95913636539242, -0.570033334621109 ) );
#2479 = CARTESIAN_POINT( '', ( -3.45439745332881, 6.00000000000000, -0.623944411161020 ) );
#2480 = CARTESIAN_POINT( '', ( -3.42218679217865, 6.00000000000000, -0.574883245896567 ) );
#2481 = CARTESIAN_POINT( '', ( -3.40219872666440, 5.95276302110271, -0.551994836930041 ) );
#2482 = CARTESIAN_POINT( '', ( -3.52844525914581, 6.00000000000000, -0.532119824014899 ) );
#2483 = CARTESIAN_POINT( '', ( -3.46248957113882, 6.00000000000000, -0.497789140891402 ) );
#2484 = CARTESIAN_POINT( '', ( -3.43922262957291, 5.93086843023696, -0.490026510055421 ) );
#2485 = CARTESIAN_POINT( '', ( -3.54999999913955, 6.00000000000000, -0.467771758197922 ) );
#2486 = CARTESIAN_POINT( '', ( -3.46452430658639, 5.99999999999992, -0.443767717355609 ) );
#2487 = CARTESIAN_POINT( '', ( -3.45000000000000, 5.91552532205921, -0.446600864485641 ) );
#2488 = CARTESIAN_POINT( '', ( -3.55000000000000, 6.00000000000000, -0.402659498415081 ) );
#2489 = CARTESIAN_POINT( '', ( -3.45000000000000, 6.00000000000000, -0.402659498415080 ) );
#2490 = CARTESIAN_POINT( '', ( -3.45000000000000, 5.90000000000000, -0.402659498415080 ) );
#2497 = EDGE_LOOP( '', ( #4229, #4230, #4231, #4232 ) );
#2498 = AXIS2_PLACEMENT_3D( '', #4233, #4234, #4235 );
#2499 = EDGE_LOOP( '', ( #4236, #4237, #4238, #4239 ) );
#2501 = CARTESIAN_POINT( '', ( -3.55000000000000, 4.80546432034307, 0.500000000000000 ) );
#2502 = CARTESIAN_POINT( '', ( -3.45000000000000, 4.80546432034307, 0.500000000000000 ) );
#2503 = CARTESIAN_POINT( '', ( -3.45000000000000, 4.80546432034307, 0.400000000000001 ) );
#2504 = CARTESIAN_POINT( '', ( -3.54999999966065, 4.71667482230164, 0.500000000000000 ) );
#2505 = CARTESIAN_POINT( '', ( -3.46925968203161, 4.73881381073905, 0.499999999999948 ) );
#2506 = CARTESIAN_POINT( '', ( -3.45000000000000, 4.73220015360542, 0.421170906325249 ) );
#2507 = CARTESIAN_POINT( '', ( -3.52844530078077, 4.62892758311195, 0.500000000000000 ) );
#2508 = CARTESIAN_POINT( '', ( -3.46838775446747, 4.65402109312664, 0.500000000000000 ) );
#2509 = CARTESIAN_POINT( '', ( -3.43922265039039, 4.65979600103821, 0.442093297172154 ) );
#2510 = CARTESIAN_POINT( '', ( -3.45439741169385, 4.50371209619361, 0.500000000000000 ) );
#2511 = CARTESIAN_POINT( '', ( -3.42638651043424, 4.53742232576818, 0.500000000000000 ) );
#2512 = CARTESIAN_POINT( '', ( -3.40219870584692, 4.55647512960702, 0.471949591018303 ) );
#2513 = CARTESIAN_POINT( '', ( -3.40250688282171, 4.46726295515884, 0.500000000000000 ) );
#2514 = CARTESIAN_POINT( '', ( -3.38799752669957, 4.50000000302622, 0.500000000000000 ) );
#2515 = CARTESIAN_POINT( '', ( -3.37625344138480, 4.52639932055130, 0.480640498262378 ) );
#2516 = CARTESIAN_POINT( '', ( -3.35000000000000, 4.46726295238419, 0.500000000000000 ) );
#2517 = CARTESIAN_POINT( '', ( -3.35000000000000, 4.49999999999999, 0.500000000000000 ) );
#2518 = CARTESIAN_POINT( '', ( -3.35000000000000, 4.52639931874694, 0.480640499585571 ) );
#2525 = EDGE_LOOP( '', ( #4240, #4241, #4242, #4243 ) );
#2526 = AXIS2_PLACEMENT_3D( '', #4244, #4245, #4246 );
#2527 = EDGE_LOOP( '', ( #4247, #4248, #4249, #4250 ) );
#2528 = AXIS2_PLACEMENT_3D( '', #4251, #4252, #4253 );
#2529 = EDGE_LOOP( '', ( #4254, #4255, #4256, #4257 ) );
#2531 = CARTESIAN_POINT( '', ( -1.45000000000000, 6.00000000000000, -0.402659498415081 ) );
#2532 = CARTESIAN_POINT( '', ( -1.55000000000000, 6.00000000000000, -0.402659498415081 ) );
#2533 = CARTESIAN_POINT( '', ( -1.55000000000000, 5.90000000000000, -0.402659498415081 ) );
#2534 = CARTESIAN_POINT( '', ( -1.45000000086044, 6.00000000000000, -0.467771758197922 ) );
#2535 = CARTESIAN_POINT( '', ( -1.53547569341359, 6.00000000000000, -0.443767717355601 ) );
#2536 = CARTESIAN_POINT( '', ( -1.55000000000000, 5.91552532205921, -0.446600864485650 ) );
#2537 = CARTESIAN_POINT( '', ( -1.47155474085418, 6.00000000000000, -0.532119824014900 ) );
#2538 = CARTESIAN_POINT( '', ( -1.53751042886118, 6.00000000000000, -0.497789140891396 ) );
#2539 = CARTESIAN_POINT( '', ( -1.56077737042710, 5.93086843023694, -0.490026510055418 ) );
#2540 = CARTESIAN_POINT( '', ( -1.54560254667120, 6.00000000000000, -0.623944411161020 ) );
#2541 = CARTESIAN_POINT( '', ( -1.57781320782135, 6.00000000000000, -0.574883245896568 ) );
#2542 = CARTESIAN_POINT( '', ( -1.59780127333560, 5.95276302110273, -0.551994836930046 ) );
#2543 = CARTESIAN_POINT( '', ( -1.59749314843328, 6.00000000000000, -0.650673832883522 ) );
#2544 = CARTESIAN_POINT( '', ( -1.61392384704679, 6.00000000000000, -0.599999997639659 ) );
#2545 = CARTESIAN_POINT( '', ( -1.62374657422013, 5.95913636539246, -0.570033334621138 ) );
#2546 = CARTESIAN_POINT( '', ( -1.65000000000000, 6.00000000000000, -0.650673834918258 ) );
#2547 = CARTESIAN_POINT( '', ( -1.65000000000000, 6.00000000000000, -0.600000000000003 ) );
#2548 = CARTESIAN_POINT( '', ( -1.65000000000000, 5.95913636636275, -0.570033335332687 ) );
#2555 = EDGE_LOOP( '', ( #4258, #4259, #4260, #4261 ) );
#2557 = CARTESIAN_POINT( '', ( -1.65000000000000, 4.46726295238419, 0.500000000000000 ) );
#2558 = CARTESIAN_POINT( '', ( -1.65000000000000, 4.49999999999999, 0.500000000000000 ) );
#2559 = CARTESIAN_POINT( '', ( -1.65000000000000, 4.52639931874694, 0.480640499585571 ) );
#2560 = CARTESIAN_POINT( '', ( -1.59749311717829, 4.46726295515884, 0.500000000000000 ) );
#2561 = CARTESIAN_POINT( '', ( -1.61200247330040, 4.50000000302613, 0.500000000000000 ) );
#2562 = CARTESIAN_POINT( '', ( -1.62374655861520, 4.52639932055130, 0.480640498262376 ) );
#2563 = CARTESIAN_POINT( '', ( -1.54560258830616, 4.50371209619361, 0.500000000000000 ) );
#2564 = CARTESIAN_POINT( '', ( -1.57361348956579, 4.53742232576821, 0.500000000000000 ) );
#2565 = CARTESIAN_POINT( '', ( -1.59780129415308, 4.55647512960704, 0.471949591018288 ) );
#2566 = CARTESIAN_POINT( '', ( -1.47155469921922, 4.62892758311195, 0.500000000000000 ) );
#2567 = CARTESIAN_POINT( '', ( -1.53161224553250, 4.65402109312661, 0.500000000000000 ) );
#2568 = CARTESIAN_POINT( '', ( -1.56077734960961, 4.65979600103819, 0.442093297172167 ) );
#2569 = CARTESIAN_POINT( '', ( -1.45000000033935, 4.71667482230164, 0.500000000000000 ) );
#2570 = CARTESIAN_POINT( '', ( -1.53074031796834, 4.73881381073909, 0.500000000000035 ) );
#2571 = CARTESIAN_POINT( '', ( -1.55000000000000, 4.73220015360543, 0.421170906325226 ) );
#2572 = CARTESIAN_POINT( '', ( -1.45000000000000, 4.80546432034307, 0.500000000000000 ) );
#2573 = CARTESIAN_POINT( '', ( -1.55000000000000, 4.80546432034307, 0.500000000000000 ) );
#2574 = CARTESIAN_POINT( '', ( -1.55000000000000, 4.80546432034307, 0.400000000000000 ) );
#2581 = EDGE_LOOP( '', ( #4262, #4263, #4264, #4265 ) );
#2582 = AXIS2_PLACEMENT_3D( '', #4266, #4267, #4268 );
#2583 = EDGE_LOOP( '', ( #4269, #4270, #4271, #4272 ) );
#2584 = AXIS2_PLACEMENT_3D( '', #4273, #4274, #4275 );
#2585 = EDGE_LOOP( '', ( #4276, #4277, #4278, #4279, #4280 ) );
#2586 = AXIS2_PLACEMENT_3D( '', #4281, #4282, #4283 );
#2587 = EDGE_LOOP( '', ( #4284, #4285, #4286 ) );
#2588 = AXIS2_PLACEMENT_3D( '', #4287, #4288, #4289 );
#2589 = EDGE_LOOP( '', ( #4290, #4291, #4292, #4293 ) );
#2590 = AXIS2_PLACEMENT_3D( '', #4294, #4295, #4296 );
#2591 = EDGE_LOOP( '', ( #4297, #4298, #4299, #4300 ) );
#2592 = AXIS2_PLACEMENT_3D( '', #4301, #4302, #4303 );
#2593 = EDGE_LOOP( '', ( #4304, #4305, #4306 ) );
#2594 = AXIS2_PLACEMENT_3D( '', #4307, #4308, #4309 );
#2595 = EDGE_LOOP( '', ( #4310, #4311, #4312 ) );
#2596 = AXIS2_PLACEMENT_3D( '', #4313, #4314, #4315 );
#2597 = EDGE_LOOP( '', ( #4316, #4317, #4318, #4319 ) );
#2598 = AXIS2_PLACEMENT_3D( '', #4320, #4321, #4322 );
#2599 = EDGE_LOOP( '', ( #4323, #4324, #4325 ) );
#2600 = AXIS2_PLACEMENT_3D( '', #4326, #4327, #4328 );
#2601 = EDGE_LOOP( '', ( #4329, #4330, #4331, #4332, #4333, #4334 ) );
#2602 = AXIS2_PLACEMENT_3D( '', #4335, #4336, #4337 );
#2603 = EDGE_LOOP( '', ( #4338, #4339, #4340, #4341 ) );
#2604 = AXIS2_PLACEMENT_3D( '', #4342, #4343, #4344 );
#2605 = EDGE_LOOP( '', ( #4345, #4346, #4347, #4348 ) );
#2606 = AXIS2_PLACEMENT_3D( '', #4349, #4350, #4351 );
#2607 = EDGE_LOOP( '', ( #4352, #4353, #4354, #4355 ) );
#2608 = AXIS2_PLACEMENT_3D( '', #4356, #4357, #4358 );
#2609 = EDGE_LOOP( '', ( #4359, #4360 ) );
#2610 = AXIS2_PLACEMENT_3D( '', #4361, #4362, #4363 );
#2611 = EDGE_LOOP( '', ( #4364, #4365, #4366, #4367 ) );
#2612 = AXIS2_PLACEMENT_3D( '', #4368, #4369, #4370 );
#2613 = EDGE_LOOP( '', ( #4371, #4372, #4373, #4374 ) );
#2614 = AXIS2_PLACEMENT_3D( '', #4375, #4376, #4377 );
#2615 = EDGE_LOOP( '', ( #4378, #4379, #4380, #4381 ) );
#2616 = AXIS2_PLACEMENT_3D( '', #4382, #4383, #4384 );
#2617 = EDGE_LOOP( '', ( #4385, #4386, #4387, #4388 ) );
#2618 = AXIS2_PLACEMENT_3D( '', #4389, #4390, #4391 );
#2619 = EDGE_LOOP( '', ( #4392, #4393, #4394, #4395 ) );
#2620 = AXIS2_PLACEMENT_3D( '', #4396, #4397, #4398 );
#2621 = EDGE_LOOP( '', ( #4399, #4400, #4401, #4402 ) );
#2622 = AXIS2_PLACEMENT_3D( '', #4403, #4404, #4405 );
#2623 = EDGE_LOOP( '', ( #4406, #4407, #4408, #4409 ) );
#2624 = AXIS2_PLACEMENT_3D( '', #4410, #4411, #4412 );
#2625 = EDGE_LOOP( '', ( #4413, #4414, #4415, #4416 ) );
#2626 = AXIS2_PLACEMENT_3D( '', #4417, #4418, #4419 );
#2627 = EDGE_LOOP( '', ( #4420, #4421, #4422, #4423 ) );
#2628 = AXIS2_PLACEMENT_3D( '', #4424, #4425, #4426 );
#2629 = EDGE_LOOP( '', ( #4427, #4428, #4429, #4430 ) );
#2630 = AXIS2_PLACEMENT_3D( '', #4431, #4432, #4433 );
#2631 = EDGE_LOOP( '', ( #4434, #4435, #4436, #4437 ) );
#2632 = AXIS2_PLACEMENT_3D( '', #4438, #4439, #4440 );
#2633 = EDGE_LOOP( '', ( #4441, #4442, #4443, #4444 ) );
#2634 = AXIS2_PLACEMENT_3D( '', #4445, #4446, #4447 );
#2635 = EDGE_LOOP( '', ( #4448, #4449, #4450, #4451, #4452, #4453, #4454, #4455, #4456, #4457 ) );
#2636 = AXIS2_PLACEMENT_3D( '', #4458, #4459, #4460 );
#2637 = EDGE_LOOP( '', ( #4461, #4462, #4463, #4464 ) );
#2638 = AXIS2_PLACEMENT_3D( '', #4465, #4466, #4467 );
#2639 = EDGE_LOOP( '', ( #4468, #4469, #4470, #4471 ) );
#2640 = AXIS2_PLACEMENT_3D( '', #4472, #4473, #4474 );
#2641 = EDGE_LOOP( '', ( #4475, #4476, #4477, #4478 ) );
#2642 = AXIS2_PLACEMENT_3D( '', #4479, #4480, #4481 );
#2643 = EDGE_LOOP( '', ( #4482, #4483, #4484, #4485 ) );
#2644 = AXIS2_PLACEMENT_3D( '', #4486, #4487, #4488 );
#2645 = EDGE_LOOP( '', ( #4489, #4490, #4491, #4492, #4493, #4494, #4495, #4496, #4497, #4498 ) );
#2646 = AXIS2_PLACEMENT_3D( '', #4499, #4500, #4501 );
#2647 = EDGE_LOOP( '', ( #4502, #4503, #4504, #4505 ) );
#2648 = AXIS2_PLACEMENT_3D( '', #4506, #4507, #4508 );
#2649 = EDGE_LOOP( '', ( #4509, #4510, #4511, #4512, #4513, #4514, #4515, #4516, #4517, #4518 ) );
#2650 = AXIS2_PLACEMENT_3D( '', #4519, #4520, #4521 );
#2651 = EDGE_LOOP( '', ( #4522, #4523, #4524, #4525 ) );
#2652 = AXIS2_PLACEMENT_3D( '', #4526, #4527, #4528 );
#2653 = EDGE_LOOP( '', ( #4529, #4530, #4531, #4532 ) );
#2654 = AXIS2_PLACEMENT_3D( '', #4533, #4534, #4535 );
#2655 = EDGE_LOOP( '', ( #4536, #4537, #4538, #4539 ) );
#2656 = AXIS2_PLACEMENT_3D( '', #4540, #4541, #4542 );
#2657 = EDGE_LOOP( '', ( #4543, #4544, #4545, #4546 ) );
#2658 = AXIS2_PLACEMENT_3D( '', #4547, #4548, #4549 );
#2659 = EDGE_LOOP( '', ( #4550, #4551, #4552, #4553 ) );
#2660 = AXIS2_PLACEMENT_3D( '', #4554, #4555, #4556 );
#2661 = EDGE_LOOP( '', ( #4557, #4558, #4559, #4560 ) );
#2662 = AXIS2_PLACEMENT_3D( '', #4561, #4562, #4563 );
#2663 = EDGE_LOOP( '', ( #4564, #4565, #4566, #4567, #4568, #4569, #4570, #4571, #4572, #4573 ) );
#2664 = AXIS2_PLACEMENT_3D( '', #4574, #4575, #4576 );
#2665 = EDGE_LOOP( '', ( #4577, #4578, #4579, #4580 ) );
#2666 = AXIS2_PLACEMENT_3D( '', #4581, #4582, #4583 );
#2667 = EDGE_LOOP( '', ( #4584, #4585, #4586, #4587, #4588, #4589, #4590, #4591, #4592, #4593 ) );
#2668 = AXIS2_PLACEMENT_3D( '', #4594, #4595, #4596 );
#2669 = EDGE_LOOP( '', ( #4597, #4598, #4599, #4600 ) );
#2670 = AXIS2_PLACEMENT_3D( '', #4601, #4602, #4603 );
#2671 = EDGE_LOOP( '', ( #4604, #4605, #4606, #4607 ) );
#2672 = AXIS2_PLACEMENT_3D( '', #4608, #4609, #4610 );
#2673 = EDGE_LOOP( '', ( #4611, #4612, #4613, #4614 ) );
#2674 = AXIS2_PLACEMENT_3D( '', #4615, #4616, #4617 );
#2675 = EDGE_LOOP( '', ( #4618, #4619, #4620, #4621 ) );
#2676 = AXIS2_PLACEMENT_3D( '', #4622, #4623, #4624 );
#2677 = EDGE_LOOP( '', ( #4625, #4626, #4627, #4628 ) );
#2678 = AXIS2_PLACEMENT_3D( '', #4629, #4630, #4631 );
#2679 = EDGE_LOOP( '', ( #4632, #4633, #4634, #4635 ) );
#2680 = AXIS2_PLACEMENT_3D( '', #4636, #4637, #4638 );
#2681 = EDGE_LOOP( '', ( #4639, #4640, #4641, #4642 ) );
#2682 = AXIS2_PLACEMENT_3D( '', #4643, #4644, #4645 );
#2683 = EDGE_LOOP( '', ( #4646, #4647, #4648, #4649 ) );
#2684 = AXIS2_PLACEMENT_3D( '', #4650, #4651, #4652 );
#2685 = EDGE_LOOP( '', ( #4653, #4654, #4655, #4656, #4657, #4658, #4659, #4660, #4661, #4662 ) );
#2686 = AXIS2_PLACEMENT_3D( '', #4663, #4664, #4665 );
#2687 = EDGE_LOOP( '', ( #4666, #4667, #4668, #4669 ) );
#2688 = AXIS2_PLACEMENT_3D( '', #4670, #4671, #4672 );
#2689 = EDGE_LOOP( '', ( #4673, #4674, #4675, #4676, #4677, #4678, #4679, #4680, #4681, #4682 ) );
#2690 = AXIS2_PLACEMENT_3D( '', #4683, #4684, #4685 );
#2691 = EDGE_LOOP( '', ( #4686, #4687, #4688, #4689 ) );
#2692 = AXIS2_PLACEMENT_3D( '', #4690, #4691, #4692 );
#2693 = EDGE_LOOP( '', ( #4693, #4694, #4695, #4696 ) );
#2694 = AXIS2_PLACEMENT_3D( '', #4697, #4698, #4699 );
#2695 = EDGE_LOOP( '', ( #4700, #4701, #4702, #4703 ) );
#2696 = AXIS2_PLACEMENT_3D( '', #4704, #4705, #4706 );
#2697 = EDGE_LOOP( '', ( #4707, #4708, #4709, #4710 ) );
#2698 = AXIS2_PLACEMENT_3D( '', #4711, #4712, #4713 );
#2699 = EDGE_LOOP( '', ( #4714, #4715, #4716, #4717 ) );
#2700 = AXIS2_PLACEMENT_3D( '', #4718, #4719, #4720 );
#2701 = EDGE_LOOP( '', ( #4721, #4722, #4723, #4724 ) );
#2702 = AXIS2_PLACEMENT_3D( '', #4725, #4726, #4727 );
#2703 = EDGE_LOOP( '', ( #4728, #4729, #4730, #4731 ) );
#2704 = AXIS2_PLACEMENT_3D( '', #4732, #4733, #4734 );
#2705 = EDGE_LOOP( '', ( #4735, #4736, #4737, #4738 ) );
#2706 = AXIS2_PLACEMENT_3D( '', #4739, #4740, #4741 );
#2707 = EDGE_LOOP( '', ( #4742, #4743, #4744, #4745, #4746, #4747, #4748, #4749, #4750, #4751 ) );
#2708 = AXIS2_PLACEMENT_3D( '', #4752, #4753, #4754 );
#2709 = EDGE_LOOP( '', ( #4755, #4756, #4757, #4758 ) );
#2710 = AXIS2_PLACEMENT_3D( '', #4759, #4760, #4761 );
#2711 = EDGE_LOOP( '', ( #4762, #4763, #4764, #4765, #4766, #4767, #4768, #4769, #4770, #4771 ) );
#2712 = AXIS2_PLACEMENT_3D( '', #4772, #4773, #4774 );
#2713 = EDGE_LOOP( '', ( #4775, #4776, #4777, #4778 ) );
#2714 = AXIS2_PLACEMENT_3D( '', #4779, #4780, #4781 );
#2715 = EDGE_LOOP( '', ( #4782, #4783, #4784, #4785 ) );
#2716 = AXIS2_PLACEMENT_3D( '', #4786, #4787, #4788 );
#2717 = EDGE_LOOP( '', ( #4789, #4790, #4791, #4792 ) );
#2718 = AXIS2_PLACEMENT_3D( '', #4793, #4794, #4795 );
#2719 = EDGE_LOOP( '', ( #4796, #4797, #4798, #4799 ) );
#2720 = AXIS2_PLACEMENT_3D( '', #4800, #4801, #4802 );
#2721 = EDGE_LOOP( '', ( #4803, #4804, #4805, #4806 ) );
#2722 = AXIS2_PLACEMENT_3D( '', #4807, #4808, #4809 );
#2723 = EDGE_LOOP( '', ( #4810, #4811, #4812, #4813 ) );
#2724 = AXIS2_PLACEMENT_3D( '', #4814, #4815, #4816 );
#2725 = EDGE_LOOP( '', ( #4817, #4818, #4819, #4820 ) );
#2726 = AXIS2_PLACEMENT_3D( '', #4821, #4822, #4823 );
#2727 = EDGE_LOOP( '', ( #4824, #4825, #4826, #4827 ) );
#2728 = AXIS2_PLACEMENT_3D( '', #4828, #4829, #4830 );
#2729 = EDGE_LOOP( '', ( #4831, #4832, #4833, #4834, #4835, #4836, #4837, #4838, #4839, #4840 ) );
#2730 = AXIS2_PLACEMENT_3D( '', #4841, #4842, #4843 );
#2731 = EDGE_LOOP( '', ( #4844, #4845, #4846, #4847 ) );
#2732 = AXIS2_PLACEMENT_3D( '', #4848, #4849, #4850 );
#2733 = EDGE_LOOP( '', ( #4851, #4852, #4853, #4854, #4855, #4856, #4857, #4858, #4859, #4860 ) );
#2734 = AXIS2_PLACEMENT_3D( '', #4861, #4862, #4863 );
#2735 = EDGE_LOOP( '', ( #4864, #4865, #4866, #4867 ) );
#2736 = AXIS2_PLACEMENT_3D( '', #4868, #4869, #4870 );
#2737 = EDGE_LOOP( '', ( #4871, #4872, #4873, #4874 ) );
#2738 = AXIS2_PLACEMENT_3D( '', #4875, #4876, #4877 );
#2739 = EDGE_LOOP( '', ( #4878, #4879, #4880, #4881 ) );
#2740 = AXIS2_PLACEMENT_3D( '', #4882, #4883, #4884 );
#2741 = EDGE_LOOP( '', ( #4885, #4886, #4887, #4888 ) );
#2742 = AXIS2_PLACEMENT_3D( '', #4889, #4890, #4891 );
#2743 = EDGE_LOOP( '', ( #4892, #4893, #4894, #4895 ) );
#2744 = AXIS2_PLACEMENT_3D( '', #4896, #4897, #4898 );
#2745 = EDGE_LOOP( '', ( #4899, #4900, #4901, #4902 ) );
#2746 = AXIS2_PLACEMENT_3D( '', #4903, #4904, #4905 );
#2747 = EDGE_LOOP( '', ( #4906, #4907, #4908, #4909 ) );
#2748 = AXIS2_PLACEMENT_3D( '', #4910, #4911, #4912 );
#2749 = EDGE_LOOP( '', ( #4913, #4914, #4915, #4916 ) );
#2750 = AXIS2_PLACEMENT_3D( '', #4917, #4918, #4919 );
#2751 = EDGE_LOOP( '', ( #4920, #4921, #4922, #4923, #4924, #4925, #4926, #4927, #4928, #4929 ) );
#2752 = AXIS2_PLACEMENT_3D( '', #4930, #4931, #4932 );
#2753 = EDGE_LOOP( '', ( #4933, #4934, #4935, #4936 ) );
#2754 = AXIS2_PLACEMENT_3D( '', #4937, #4938, #4939 );
#2755 = EDGE_LOOP( '', ( #4940, #4941, #4942, #4943, #4944, #4945, #4946, #4947, #4948, #4949 ) );
#2756 = AXIS2_PLACEMENT_3D( '', #4950, #4951, #4952 );
#2757 = EDGE_LOOP( '', ( #4953, #4954, #4955, #4956 ) );
#2758 = AXIS2_PLACEMENT_3D( '', #4957, #4958, #4959 );
#2759 = EDGE_LOOP( '', ( #4960, #4961, #4962, #4963 ) );
#2760 = AXIS2_PLACEMENT_3D( '', #4964, #4965, #4966 );
#2761 = EDGE_LOOP( '', ( #4967, #4968, #4969, #4970 ) );
#2762 = AXIS2_PLACEMENT_3D( '', #4971, #4972, #4973 );
#2763 = EDGE_LOOP( '', ( #4974, #4975, #4976, #4977 ) );
#2764 = AXIS2_PLACEMENT_3D( '', #4978, #4979, #4980 );
#2765 = EDGE_LOOP( '', ( #4981, #4982, #4983, #4984 ) );
#2766 = AXIS2_PLACEMENT_3D( '', #4985, #4986, #4987 );
#2767 = EDGE_LOOP( '', ( #4988, #4989, #4990, #4991 ) );
#2768 = AXIS2_PLACEMENT_3D( '', #4992, #4993, #4994 );
#2769 = EDGE_LOOP( '', ( #4995, #4996, #4997, #4998 ) );
#2770 = AXIS2_PLACEMENT_3D( '', #4999, #5000, #5001 );
#2771 = EDGE_LOOP( '', ( #5002, #5003, #5004, #5005 ) );
#2772 = AXIS2_PLACEMENT_3D( '', #5006, #5007, #5008 );
#2773 = EDGE_LOOP( '', ( #5009, #5010, #5011, #5012, #5013, #5014, #5015, #5016, #5017, #5018 ) );
#2774 = AXIS2_PLACEMENT_3D( '', #5019, #5020, #5021 );
#2775 = EDGE_LOOP( '', ( #5022, #5023, #5024, #5025 ) );
#2776 = AXIS2_PLACEMENT_3D( '', #5026, #5027, #5028 );
#2777 = EDGE_LOOP( '', ( #5029, #5030, #5031, #5032, #5033, #5034, #5035, #5036, #5037, #5038 ) );
#2778 = AXIS2_PLACEMENT_3D( '', #5039, #5040, #5041 );
#2779 = EDGE_LOOP( '', ( #5042, #5043, #5044, #5045 ) );
#2780 = AXIS2_PLACEMENT_3D( '', #5046, #5047, #5048 );
#2781 = EDGE_LOOP( '', ( #5049, #5050, #5051, #5052 ) );
#2782 = AXIS2_PLACEMENT_3D( '', #5053, #5054, #5055 );
#2783 = EDGE_LOOP( '', ( #5056, #5057, #5058, #5059 ) );
#2784 = AXIS2_PLACEMENT_3D( '', #5060, #5061, #5062 );
#2785 = EDGE_LOOP( '', ( #5063, #5064, #5065, #5066 ) );
#2786 = AXIS2_PLACEMENT_3D( '', #5067, #5068, #5069 );
#2787 = EDGE_LOOP( '', ( #5070, #5071, #5072, #5073 ) );
#2788 = AXIS2_PLACEMENT_3D( '', #5074, #5075, #5076 );
#2789 = EDGE_LOOP( '', ( #5077, #5078, #5079, #5080 ) );
#2790 = AXIS2_PLACEMENT_3D( '', #5081, #5082, #5083 );
#2791 = EDGE_LOOP( '', ( #5084, #5085, #5086, #5087 ) );
#2792 = AXIS2_PLACEMENT_3D( '', #5088, #5089, #5090 );
#2793 = EDGE_LOOP( '', ( #5091, #5092, #5093, #5094 ) );
#2794 = AXIS2_PLACEMENT_3D( '', #5095, #5096, #5097 );
#2795 = EDGE_LOOP( '', ( #5098, #5099, #5100, #5101, #5102, #5103, #5104, #5105, #5106, #5107 ) );
#2796 = AXIS2_PLACEMENT_3D( '', #5108, #5109, #5110 );
#2797 = EDGE_LOOP( '', ( #5111, #5112, #5113, #5114 ) );
#2798 = AXIS2_PLACEMENT_3D( '', #5115, #5116, #5117 );
#2799 = EDGE_LOOP( '', ( #5118, #5119, #5120, #5121, #5122, #5123, #5124, #5125, #5126, #5127 ) );
#2800 = AXIS2_PLACEMENT_3D( '', #5128, #5129, #5130 );
#2801 = EDGE_LOOP( '', ( #5131, #5132, #5133, #5134 ) );
#2802 = AXIS2_PLACEMENT_3D( '', #5135, #5136, #5137 );
#2803 = EDGE_LOOP( '', ( #5138, #5139, #5140, #5141 ) );
#2804 = AXIS2_PLACEMENT_3D( '', #5142, #5143, #5144 );
#2805 = EDGE_LOOP( '', ( #5145, #5146, #5147, #5148 ) );
#2806 = AXIS2_PLACEMENT_3D( '', #5149, #5150, #5151 );
#2807 = EDGE_LOOP( '', ( #5152, #5153, #5154, #5155 ) );
#2808 = AXIS2_PLACEMENT_3D( '', #5156, #5157, #5158 );
#2809 = EDGE_LOOP( '', ( #5159, #5160, #5161, #5162 ) );
#2810 = AXIS2_PLACEMENT_3D( '', #5163, #5164, #5165 );
#2811 = EDGE_LOOP( '', ( #5166, #5167, #5168, #5169 ) );
#2812 = AXIS2_PLACEMENT_3D( '', #5170, #5171, #5172 );
#2813 = EDGE_LOOP( '', ( #5173, #5174, #5175, #5176 ) );
#2814 = AXIS2_PLACEMENT_3D( '', #5177, #5178, #5179 );
#2815 = EDGE_LOOP( '', ( #5180, #5181, #5182, #5183 ) );
#2816 = AXIS2_PLACEMENT_3D( '', #5184, #5185, #5186 );
#2817 = EDGE_LOOP( '', ( #5187, #5188, #5189, #5190, #5191, #5192, #5193, #5194, #5195, #5196 ) );
#2818 = AXIS2_PLACEMENT_3D( '', #5197, #5198, #5199 );
#2819 = EDGE_LOOP( '', ( #5200, #5201, #5202, #5203 ) );
#2820 = AXIS2_PLACEMENT_3D( '', #5204, #5205, #5206 );
#2821 = EDGE_LOOP( '', ( #5207, #5208, #5209, #5210, #5211, #5212, #5213, #5214, #5215, #5216 ) );
#2822 = AXIS2_PLACEMENT_3D( '', #5217, #5218, #5219 );
#2823 = EDGE_LOOP( '', ( #5220, #5221, #5222, #5223 ) );
#2824 = AXIS2_PLACEMENT_3D( '', #5224, #5225, #5226 );
#2825 = EDGE_LOOP( '', ( #5227, #5228, #5229, #5230 ) );
#2826 = AXIS2_PLACEMENT_3D( '', #5231, #5232, #5233 );
#2827 = EDGE_LOOP( '', ( #5234, #5235, #5236, #5237 ) );
#2828 = AXIS2_PLACEMENT_3D( '', #5238, #5239, #5240 );
#2829 = EDGE_LOOP( '', ( #5241, #5242, #5243, #5244 ) );
#2830 = AXIS2_PLACEMENT_3D( '', #5245, #5246, #5247 );
#2831 = EDGE_LOOP( '', ( #5248, #5249, #5250, #5251 ) );
#2832 = AXIS2_PLACEMENT_3D( '', #5252, #5253, #5254 );
#2833 = EDGE_LOOP( '', ( #5255, #5256, #5257, #5258 ) );
#2834 = AXIS2_PLACEMENT_3D( '', #5259, #5260, #5261 );
#2835 = EDGE_LOOP( '', ( #5262, #5263, #5264, #5265 ) );
#2836 = AXIS2_PLACEMENT_3D( '', #5266, #5267, #5268 );
#2837 = EDGE_LOOP( '', ( #5269, #5270, #5271, #5272 ) );
#2838 = AXIS2_PLACEMENT_3D( '', #5273, #5274, #5275 );
#2839 = EDGE_LOOP( '', ( #5276, #5277, #5278, #5279, #5280, #5281, #5282, #5283, #5284, #5285 ) );
#2840 = AXIS2_PLACEMENT_3D( '', #5286, #5287, #5288 );
#2841 = EDGE_LOOP( '', ( #5289, #5290, #5291, #5292 ) );
#2842 = AXIS2_PLACEMENT_3D( '', #5293, #5294, #5295 );
#2843 = EDGE_LOOP( '', ( #5296, #5297, #5298, #5299, #5300, #5301, #5302, #5303, #5304, #5305 ) );
#2844 = AXIS2_PLACEMENT_3D( '', #5306, #5307, #5308 );
#2845 = EDGE_LOOP( '', ( #5309, #5310, #5311, #5312 ) );
#2846 = AXIS2_PLACEMENT_3D( '', #5313, #5314, #5315 );
#2847 = EDGE_LOOP( '', ( #5316, #5317, #5318, #5319 ) );
#2848 = AXIS2_PLACEMENT_3D( '', #5320, #5321, #5322 );
#2849 = EDGE_LOOP( '', ( #5323, #5324, #5325, #5326 ) );
#2850 = AXIS2_PLACEMENT_3D( '', #5327, #5328, #5329 );
#2851 = EDGE_LOOP( '', ( #5330, #5331, #5332, #5333 ) );
#2852 = AXIS2_PLACEMENT_3D( '', #5334, #5335, #5336 );
#2853 = EDGE_LOOP( '', ( #5337, #5338, #5339, #5340 ) );
#2854 = AXIS2_PLACEMENT_3D( '', #5341, #5342, #5343 );
#2855 = EDGE_LOOP( '', ( #5344, #5345, #5346, #5347 ) );
#2856 = AXIS2_PLACEMENT_3D( '', #5348, #5349, #5350 );
#2857 = EDGE_LOOP( '', ( #5351, #5352, #5353, #5354 ) );
#2858 = AXIS2_PLACEMENT_3D( '', #5355, #5356, #5357 );
#2859 = EDGE_LOOP( '', ( #5358, #5359, #5360, #5361 ) );
#2860 = AXIS2_PLACEMENT_3D( '', #5362, #5363, #5364 );
#2861 = EDGE_LOOP( '', ( #5365, #5366, #5367, #5368, #5369, #5370, #5371, #5372, #5373, #5374 ) );
#2862 = AXIS2_PLACEMENT_3D( '', #5375, #5376, #5377 );
#2863 = EDGE_LOOP( '', ( #5378, #5379, #5380, #5381 ) );
#2864 = AXIS2_PLACEMENT_3D( '', #5382, #5383, #5384 );
#2865 = EDGE_LOOP( '', ( #5385, #5386, #5387, #5388, #5389, #5390, #5391, #5392, #5393, #5394 ) );
#2866 = AXIS2_PLACEMENT_3D( '', #5395, #5396, #5397 );
#2867 = EDGE_LOOP( '', ( #5398, #5399, #5400, #5401 ) );
#2868 = AXIS2_PLACEMENT_3D( '', #5402, #5403, #5404 );
#2869 = EDGE_LOOP( '', ( #5405, #5406, #5407, #5408 ) );
#2870 = AXIS2_PLACEMENT_3D( '', #5409, #5410, #5411 );
#2871 = EDGE_LOOP( '', ( #5412, #5413, #5414, #5415 ) );
#2872 = AXIS2_PLACEMENT_3D( '', #5416, #5417, #5418 );
#2873 = EDGE_LOOP( '', ( #5419, #5420, #5421, #5422 ) );
#2874 = AXIS2_PLACEMENT_3D( '', #5423, #5424, #5425 );
#2875 = EDGE_LOOP( '', ( #5426, #5427, #5428, #5429 ) );
#2876 = AXIS2_PLACEMENT_3D( '', #5430, #5431, #5432 );
#2877 = EDGE_LOOP( '', ( #5433, #5434, #5435, #5436 ) );
#2878 = AXIS2_PLACEMENT_3D( '', #5437, #5438, #5439 );
#2879 = EDGE_LOOP( '', ( #5440, #5441, #5442, #5443 ) );
#2880 = AXIS2_PLACEMENT_3D( '', #5444, #5445, #5446 );
#2881 = EDGE_LOOP( '', ( #5447, #5448, #5449, #5450 ) );
#2882 = AXIS2_PLACEMENT_3D( '', #5451, #5452, #5453 );
#2883 = EDGE_LOOP( '', ( #5454, #5455, #5456, #5457 ) );
#2884 = AXIS2_PLACEMENT_3D( '', #5458, #5459, #5460 );
#2885 = EDGE_LOOP( '', ( #5461, #5462, #5463, #5464 ) );
#2886 = AXIS2_PLACEMENT_3D( '', #5465, #5466, #5467 );
#2887 = EDGE_LOOP( '', ( #5468, #5469, #5470, #5471, #5472, #5473 ) );
#2888 = AXIS2_PLACEMENT_3D( '', #5474, #5475, #5476 );
#2889 = EDGE_LOOP( '', ( #5477, #5478, #5479, #5480, #5481, #5482, #5483, #5484, #5485, #5486 ) );
#2890 = AXIS2_PLACEMENT_3D( '', #5487, #5488, #5489 );
#2891 = EDGE_LOOP( '', ( #5490, #5491, #5492, #5493, #5494, #5495, #5496, #5497, #5498, #5499 ) );
#2892 = AXIS2_PLACEMENT_3D( '', #5500, #5501, #5502 );
#2893 = EDGE_LOOP( '', ( #5503, #5504, #5505, #5506 ) );
#2894 = AXIS2_PLACEMENT_3D( '', #5507, #5508, #5509 );
#2895 = EDGE_LOOP( '', ( #5510, #5511, #5512, #5513 ) );
#2896 = AXIS2_PLACEMENT_3D( '', #5514, #5515, #5516 );
#2897 = EDGE_LOOP( '', ( #5517, #5518, #5519, #5520 ) );
#2898 = AXIS2_PLACEMENT_3D( '', #5521, #5522, #5523 );
#2899 = EDGE_LOOP( '', ( #5524, #5525, #5526 ) );
#2900 = AXIS2_PLACEMENT_3D( '', #5527, #5528, #5529 );
#2901 = EDGE_LOOP( '', ( #5530, #5531, #5532, #5533 ) );
#2902 = AXIS2_PLACEMENT_3D( '', #5534, #5535, #5536 );
#2903 = EDGE_LOOP( '', ( #5537, #5538, #5539, #5540 ) );
#2904 = AXIS2_PLACEMENT_3D( '', #5541, #5542, #5543 );
#2905 = EDGE_LOOP( '', ( #5544, #5545, #5546, #5547 ) );
#2906 = AXIS2_PLACEMENT_3D( '', #5548, #5549, #5550 );
#2907 = EDGE_LOOP( '', ( #5551, #5552, #5553 ) );
#2908 = AXIS2_PLACEMENT_3D( '', #5554, #5555, #5556 );
#2909 = EDGE_LOOP( '', ( #5557, #5558, #5559, #5560 ) );
#2910 = AXIS2_PLACEMENT_3D( '', #5561, #5562, #5563 );
#2911 = EDGE_LOOP( '', ( #5564, #5565, #5566, #5567 ) );
#2912 = AXIS2_PLACEMENT_3D( '', #5568, #5569, #5570 );
#2913 = EDGE_LOOP( '', ( #5571, #5572, #5573, #5574 ) );
#2914 = AXIS2_PLACEMENT_3D( '', #5575, #5576, #5577 );
#2915 = EDGE_LOOP( '', ( #5578, #5579, #5580, #5581 ) );
#2916 = AXIS2_PLACEMENT_3D( '', #5582, #5583, #5584 );
#2917 = EDGE_LOOP( '', ( #5585, #5586, #5587, #5588 ) );
#2918 = AXIS2_PLACEMENT_3D( '', #5589, #5590, #5591 );
#2919 = EDGE_LOOP( '', ( #5592, #5593, #5594, #5595 ) );
#2920 = AXIS2_PLACEMENT_3D( '', #5596, #5597, #5598 );
#2921 = EDGE_LOOP( '', ( #5599, #5600, #5601, #5602 ) );
#2922 = AXIS2_PLACEMENT_3D( '', #5603, #5604, #5605 );
#2923 = EDGE_LOOP( '', ( #5606, #5607, #5608, #5609 ) );
#2924 = AXIS2_PLACEMENT_3D( '', #5610, #5611, #5612 );
#2925 = EDGE_LOOP( '', ( #5613, #5614, #5615, #5616 ) );
#2927 = CARTESIAN_POINT( '', ( -1.05000000000000, 4.80546432034307, 0.500000000000000 ) );
#2928 = CARTESIAN_POINT( '', ( -0.950000000000000, 4.80546432034307, 0.500000000000000 ) );
#2929 = CARTESIAN_POINT( '', ( -0.950000000000000, 4.80546432034307, 0.400000000000001 ) );
#2930 = CARTESIAN_POINT( '', ( -1.04999999966068, 4.71667482230164, 0.500000000000000 ) );
#2931 = CARTESIAN_POINT( '', ( -0.969259682031679, 4.73881381073909, 0.500000000000000 ) );
#2932 = CARTESIAN_POINT( '', ( -0.950000000000000, 4.73220015360542, 0.421170906325247 ) );
#2933 = CARTESIAN_POINT( '', ( -1.02844530078078, 4.62892758311195, 0.500000000000000 ) );
#2934 = CARTESIAN_POINT( '', ( -0.968387754467493, 4.65402109312661, 0.500000000000000 ) );
#2935 = CARTESIAN_POINT( '', ( -0.939222650390393, 4.65979600103821, 0.442093297172157 ) );
#2936 = CARTESIAN_POINT( '', ( -0.954397411693839, 4.50371209619361, 0.500000000000000 ) );
#2937 = CARTESIAN_POINT( '', ( -0.926386510434223, 4.53742232576821, 0.500000000000000 ) );
#2938 = CARTESIAN_POINT( '', ( -0.902198705846917, 4.55647512960702, 0.471949591018300 ) );
#2939 = CARTESIAN_POINT( '', ( -0.902506882821714, 4.46726295515884, 0.500000000000000 ) );
#2940 = CARTESIAN_POINT( '', ( -0.887997526699588, 4.50000000302622, 0.500000000000000 ) );
#2941 = CARTESIAN_POINT( '', ( -0.876253441384810, 4.52639932055130, 0.480640498262379 ) );
#2942 = CARTESIAN_POINT( '', ( -0.849999999999999, 4.46726295238419, 0.500000000000000 ) );
#2943 = CARTESIAN_POINT( '', ( -0.849999999999999, 4.49999999999999, 0.500000000000000 ) );
#2944 = CARTESIAN_POINT( '', ( -0.849999999999999, 4.52639931874694, 0.480640499585571 ) );
#2951 = EDGE_LOOP( '', ( #5617, #5618, #5619, #5620 ) );
#2952 = AXIS2_PLACEMENT_3D( '', #5621, #5622, #5623 );
#2953 = EDGE_LOOP( '', ( #5624, #5625, #5626, #5627 ) );
#2955 = CARTESIAN_POINT( '', ( 0.850000000000000, 4.46726295238419, 0.500000000000000 ) );
#2956 = CARTESIAN_POINT( '', ( 0.850000000000000, 4.49999999999999, 0.500000000000000 ) );
#2957 = CARTESIAN_POINT( '', ( 0.850000000000001, 4.52639931874694, 0.480640499585571 ) );
#2958 = CARTESIAN_POINT( '', ( 0.902506882821714, 4.46726295515884, 0.500000000000000 ) );
#2959 = CARTESIAN_POINT( '', ( 0.887997526699596, 4.50000000302613, 0.500000000000000 ) );
#2960 = CARTESIAN_POINT( '', ( 0.876253441384807, 4.52639932055130, 0.480640498262376 ) );
#2961 = CARTESIAN_POINT( '', ( 0.954397411693840, 4.50371209619364, 0.500000000000000 ) );
#2962 = CARTESIAN_POINT( '', ( 0.926386510434215, 4.53742232576821, 0.500000000000000 ) );
#2963 = CARTESIAN_POINT( '', ( 0.902198705846922, 4.55647512960704, 0.471949591018287 ) );
#2964 = CARTESIAN_POINT( '', ( 1.02844530078078, 4.62892758311192, 0.500000000000000 ) );
#2965 = CARTESIAN_POINT( '', ( 0.968387754467502, 4.65402109312661, 0.500000000000000 ) );
#2966 = CARTESIAN_POINT( '', ( 0.939222650390388, 4.65979600103819, 0.442093297172169 ) );
#2967 = CARTESIAN_POINT( '', ( 1.04999999966068, 4.71667482230166, 0.500000000000000 ) );
#2968 = CARTESIAN_POINT( '', ( 0.969259682031709, 4.73881381073910, 0.500000000000000 ) );
#2969 = CARTESIAN_POINT( '', ( 0.950000000000000, 4.73220015360545, 0.421170906325262 ) );
#2970 = CARTESIAN_POINT( '', ( 1.05000000000000, 4.80546432034307, 0.500000000000000 ) );
#2971 = CARTESIAN_POINT( '', ( 0.950000000000000, 4.80546432034307, 0.500000000000000 ) );
#2972 = CARTESIAN_POINT( '', ( 0.950000000000000, 4.80546432034307, 0.400000000000000 ) );
#2979 = EDGE_LOOP( '', ( #5628, #5629, #5630, #5631 ) );
#2980 = AXIS2_PLACEMENT_3D( '', #5632, #5633, #5634 );
#2981 = EDGE_LOOP( '', ( #5635, #5636, #5637, #5638 ) );
#2982 = AXIS2_PLACEMENT_3D( '', #5639, #5640, #5641 );
#2983 = EDGE_LOOP( '', ( #5642, #5643, #5644, #5645 ) );
#2984 = AXIS2_PLACEMENT_3D( '', #5646, #5647, #5648 );
#2985 = EDGE_LOOP( '', ( #5649, #5650, #5651, #5652 ) );
#2987 = CARTESIAN_POINT( '', ( 3.35000000000000, 4.46726295238419, 0.500000000000000 ) );
#2988 = CARTESIAN_POINT( '', ( 3.35000000000000, 4.49999999999999, 0.500000000000000 ) );
#2989 = CARTESIAN_POINT( '', ( 3.35000000000000, 4.52639931874694, 0.480640499585571 ) );
#2990 = CARTESIAN_POINT( '', ( 3.40250688282172, 4.46726295515884, 0.500000000000000 ) );
#2991 = CARTESIAN_POINT( '', ( 3.38799752669960, 4.50000000302622, 0.500000000000000 ) );
#2992 = CARTESIAN_POINT( '', ( 3.37625344138480, 4.52639932055129, 0.480640498262380 ) );
#2993 = CARTESIAN_POINT( '', ( 3.45439741169383, 4.50371209619361, 0.500000000000000 ) );
#2994 = CARTESIAN_POINT( '', ( 3.42638651043421, 4.53742232576821, 0.500000000000008 ) );
#2995 = CARTESIAN_POINT( '', ( 3.40219870584693, 4.55647512960704, 0.471949591018291 ) );
#2996 = CARTESIAN_POINT( '', ( 3.52844530078079, 4.62892758311195, 0.500000000000000 ) );
#2997 = CARTESIAN_POINT( '', ( 3.46838775446751, 4.65402109312661, 0.499999999999992 ) );
#2998 = CARTESIAN_POINT( '', ( 3.43922265039038, 4.65979600103819, 0.442093297172165 ) );
#2999 = CARTESIAN_POINT( '', ( 3.54999999966065, 4.71667482230164, 0.500000000000000 ) );
#3000 = CARTESIAN_POINT( '', ( 3.46925968203159, 4.73881381073907, 0.499999999999948 ) );
#3001 = CARTESIAN_POINT( '', ( 3.45000000000000, 4.73220015360544, 0.421170906325233 ) );
#3002 = CARTESIAN_POINT( '', ( 3.55000000000000, 4.80546432034307, 0.500000000000000 ) );
#3003 = CARTESIAN_POINT( '', ( 3.45000000000000, 4.80546432034307, 0.500000000000000 ) );
#3004 = CARTESIAN_POINT( '', ( 3.45000000000000, 4.80546432034307, 0.400000000000000 ) );
#3011 = EDGE_LOOP( '', ( #5653, #5654, #5655, #5656 ) );
#3012 = AXIS2_PLACEMENT_3D( '', #5657, #5658, #5659 );
#3013 = EDGE_LOOP( '', ( #5660, #5661, #5662, #5663 ) );
#3014 = AXIS2_PLACEMENT_3D( '', #5664, #5665, #5666 );
#3015 = EDGE_LOOP( '', ( #5667, #5668, #5669, #5670 ) );
#3016 = AXIS2_PLACEMENT_3D( '', #5671, #5672, #5673 );
#3017 = EDGE_LOOP( '', ( #5674, #5675, #5676, #5677 ) );
#3018 = AXIS2_PLACEMENT_3D( '', #5678, #5679, #5680 );
#3019 = EDGE_LOOP( '', ( #5681, #5682, #5683 ) );
#3020 = AXIS2_PLACEMENT_3D( '', #5684, #5685, #5686 );
#3021 = EDGE_LOOP( '', ( #5687, #5688, #5689, #5690 ) );
#3023 = CARTESIAN_POINT( '', ( 1.45000000000000, 4.80546432034307, 0.500000000000000 ) );
#3024 = CARTESIAN_POINT( '', ( 1.55000000000000, 4.80546432034307, 0.500000000000000 ) );
#3025 = CARTESIAN_POINT( '', ( 1.55000000000000, 4.80546432034307, 0.400000000000000 ) );
#3026 = CARTESIAN_POINT( '', ( 1.45000000033935, 4.71667482230164, 0.500000000000000 ) );
#3027 = CARTESIAN_POINT( '', ( 1.53074031796831, 4.73881381073910, 0.500000000000035 ) );
#3028 = CARTESIAN_POINT( '', ( 1.55000000000000, 4.73220015360545, 0.421170906325266 ) );
#3029 = CARTESIAN_POINT( '', ( 1.47155469921922, 4.62892758311195, 0.500000000000000 ) );
#3030 = CARTESIAN_POINT( '', ( 1.53161224553249, 4.65402109312661, 0.500000000000000 ) );
#3031 = CARTESIAN_POINT( '', ( 1.56077734960961, 4.65979600103819, 0.442093297172167 ) );
#3032 = CARTESIAN_POINT( '', ( 1.54560258830616, 4.50371209619361, 0.500000000000000 ) );
#3033 = CARTESIAN_POINT( '', ( 1.57361348956579, 4.53742232576821, 0.500000000000000 ) );
#3034 = CARTESIAN_POINT( '', ( 1.59780129415308, 4.55647512960704, 0.471949591018289 ) );
#3035 = CARTESIAN_POINT( '', ( 1.59749311717829, 4.46726295515884, 0.500000000000000 ) );
#3036 = CARTESIAN_POINT( '', ( 1.61200247330040, 4.50000000302613, 0.500000000000000 ) );
#3037 = CARTESIAN_POINT( '', ( 1.62374655861520, 4.52639932055130, 0.480640498262376 ) );
#3038 = CARTESIAN_POINT( '', ( 1.65000000000000, 4.46726295238419, 0.500000000000000 ) );
#3039 = CARTESIAN_POINT( '', ( 1.65000000000000, 4.49999999999999, 0.500000000000000 ) );
#3040 = CARTESIAN_POINT( '', ( 1.65000000000000, 4.52639931874694, 0.480640499585571 ) );
#3047 = EDGE_LOOP( '', ( #5691, #5692, #5693, #5694, #5695 ) );
#3048 = AXIS2_PLACEMENT_3D( '', #5696, #5697, #5698 );
#3049 = EDGE_LOOP( '', ( #5699, #5700, #5701 ) );
#3050 = AXIS2_PLACEMENT_3D( '', #5702, #5703, #5704 );
#3051 = EDGE_LOOP( '', ( #5705, #5706, #5707, #5708 ) );
#3052 = AXIS2_PLACEMENT_3D( '', #5709, #5710, #5711 );
#3053 = EDGE_LOOP( '', ( #5712, #5713, #5714, #5715, #5716 ) );
#3054 = AXIS2_PLACEMENT_3D( '', #5717, #5718, #5719 );
#3055 = EDGE_LOOP( '', ( #5720, #5721, #5722, #5723 ) );
#3056 = AXIS2_PLACEMENT_3D( '', #5724, #5725, #5726 );
#3057 = EDGE_LOOP( '', ( #5727, #5728, #5729, #5730 ) );
#3058 = AXIS2_PLACEMENT_3D( '', #5731, #5732, #5733 );
#3059 = EDGE_LOOP( '', ( #5734, #5735, #5736, #5737, #5738 ) );
#3060 = AXIS2_PLACEMENT_3D( '', #5739, #5740, #5741 );
#3061 = EDGE_LOOP( '', ( #5742, #5743, #5744, #5745, #5746, #5747 ) );
#3062 = AXIS2_PLACEMENT_3D( '', #5748, #5749, #5750 );
#3063 = EDGE_LOOP( '', ( #5751, #5752, #5753, #5754 ) );
#3064 = AXIS2_PLACEMENT_3D( '', #5755, #5756, #5757 );
#3065 = EDGE_LOOP( '', ( #5758, #5759, #5760, #5761 ) );
#3066 = AXIS2_PLACEMENT_3D( '', #5762, #5763, #5764 );
#3067 = EDGE_LOOP( '', ( #5765, #5766, #5767, #5768 ) );
#3068 = AXIS2_PLACEMENT_3D( '', #5769, #5770, #5771 );
#3069 = EDGE_LOOP( '', ( #5772, #5773, #5774 ) );
#3070 = AXIS2_PLACEMENT_3D( '', #5775, #5776, #5777 );
#3071 = EDGE_LOOP( '', ( #5778, #5779, #5780, #5781 ) );
#3072 = AXIS2_PLACEMENT_3D( '', #5782, #5783, #5784 );
#3073 = EDGE_LOOP( '', ( #5785, #5786, #5787, #5788 ) );
#3074 = AXIS2_PLACEMENT_3D( '', #5789, #5790, #5791 );
#3075 = EDGE_LOOP( '', ( #5792, #5793, #5794, #5795, #5796 ) );
#3076 = AXIS2_PLACEMENT_3D( '', #5797, #5798, #5799 );
#3077 = EDGE_LOOP( '', ( #5800, #5801, #5802 ) );
#3078 = AXIS2_PLACEMENT_3D( '', #5803, #5804, #5805 );
#3079 = EDGE_LOOP( '', ( #5806, #5807, #5808 ) );
#3080 = AXIS2_PLACEMENT_3D( '', #5809, #5810, #5811 );
#3081 = EDGE_LOOP( '', ( #5812, #5813, #5814, #5815 ) );
#3082 = AXIS2_PLACEMENT_3D( '', #5816, #5817, #5818 );
#3083 = EDGE_LOOP( '', ( #5819, #5820, #5821 ) );
#3084 = AXIS2_PLACEMENT_3D( '', #5822, #5823, #5824 );
#3085 = EDGE_LOOP( '', ( #5825, #5826, #5827, #5828 ) );
#3086 = AXIS2_PLACEMENT_3D( '', #5829, #5830, #5831 );
#3087 = EDGE_LOOP( '', ( #5832, #5833, #5834 ) );
#3088 = AXIS2_PLACEMENT_3D( '', #5835, #5836, #5837 );
#3089 = EDGE_LOOP( '', ( #5838, #5839, #5840 ) );
#3090 = AXIS2_PLACEMENT_3D( '', #5841, #5842, #5843 );
#3091 = EDGE_LOOP( '', ( #5844, #5845, #5846 ) );
#3092 = AXIS2_PLACEMENT_3D( '', #5847, #5848, #5849 );
#3093 = EDGE_LOOP( '', ( #5850, #5851, #5852 ) );
#3094 = AXIS2_PLACEMENT_3D( '', #5853, #5854, #5855 );
#3095 = EDGE_LOOP( '', ( #5856, #5857, #5858 ) );
#3096 = AXIS2_PLACEMENT_3D( '', #5859, #5860, #5861 );
#3097 = EDGE_LOOP( '', ( #5862, #5863 ) );
#3098 = AXIS2_PLACEMENT_3D( '', #5864, #5865, #5866 );
#3099 = EDGE_LOOP( '', ( #5867 ) );
#3100 = EDGE_LOOP( '', ( #5868, #5869, #5870, #5871 ) );
#3101 = AXIS2_PLACEMENT_3D( '', #5872, #5873, #5874 );
#3102 = EDGE_LOOP( '', ( #5875, #5876, #5877, #5878 ) );
#3103 = AXIS2_PLACEMENT_3D( '', #5879, #5880, #5881 );
#3104 = EDGE_LOOP( '', ( #5882, #5883, #5884, #5885 ) );
#3105 = AXIS2_PLACEMENT_3D( '', #5886, #5887, #5888 );
#3106 = EDGE_LOOP( '', ( #5889, #5890, #5891 ) );
#3107 = AXIS2_PLACEMENT_3D( '', #5892, #5893, #5894 );
#3108 = EDGE_LOOP( '', ( #5895, #5896, #5897 ) );
#3109 = AXIS2_PLACEMENT_3D( '', #5898, #5899, #5900 );
#3110 = EDGE_LOOP( '', ( #5901, #5902, #5903 ) );
#3111 = AXIS2_PLACEMENT_3D( '', #5904, #5905, #5906 );
#3112 = EDGE_LOOP( '', ( #5907, #5908, #5909 ) );
#3113 = AXIS2_PLACEMENT_3D( '', #5910, #5911, #5912 );
#3114 = EDGE_LOOP( '', ( #5913, #5914, #5915 ) );
#3115 = AXIS2_PLACEMENT_3D( '', #5916, #5917, #5918 );
#3116 = EDGE_LOOP( '', ( #5919, #5920, #5921 ) );
#3117 = AXIS2_PLACEMENT_3D( '', #5922, #5923, #5924 );
#3118 = EDGE_LOOP( '', ( #5925, #5926, #5927 ) );
#3119 = AXIS2_PLACEMENT_3D( '', #5928, #5929, #5930 );
#3120 = EDGE_LOOP( '', ( #5931, #5932, #5933 ) );
#3121 = AXIS2_PLACEMENT_3D( '', #5934, #5935, #5936 );
#3122 = EDGE_LOOP( '', ( #5937, #5938, #5939, #5940 ) );
#3123 = AXIS2_PLACEMENT_3D( '', #5941, #5942, #5943 );
#3124 = EDGE_LOOP( '', ( #5944, #5945, #5946, #5947 ) );
#3125 = AXIS2_PLACEMENT_3D( '', #5948, #5949, #5950 );
#3126 = EDGE_LOOP( '', ( #5951, #5952, #5953, #5954 ) );
#3127 = AXIS2_PLACEMENT_3D( '', #5955, #5956, #5957 );
#3128 = EDGE_LOOP( '', ( #5958, #5959, #5960, #5961 ) );
#3129 = AXIS2_PLACEMENT_3D( '', #5962, #5963, #5964 );
#3130 = EDGE_LOOP( '', ( #5965, #5966, #5967, #5968 ) );
#3131 = AXIS2_PLACEMENT_3D( '', #5969, #5970, #5971 );
#3132 = EDGE_LOOP( '', ( #5972, #5973, #5974, #5975, #5976, #5977, #5978, #5979, #5980, #5981 ) );
#3133 = AXIS2_PLACEMENT_3D( '', #5982, #5983, #5984 );
#3134 = EDGE_LOOP( '', ( #5985, #5986, #5987, #5988 ) );
#3135 = AXIS2_PLACEMENT_3D( '', #5989, #5990, #5991 );
#3136 = EDGE_LOOP( '', ( #5992, #5993, #5994, #5995 ) );
#3137 = AXIS2_PLACEMENT_3D( '', #5996, #5997, #5998 );
#3138 = EDGE_LOOP( '', ( #5999, #6000, #6001, #6002 ) );
#3139 = AXIS2_PLACEMENT_3D( '', #6003, #6004, #6005 );
#3140 = EDGE_LOOP( '', ( #6006, #6007, #6008, #6009 ) );
#3142 = CARTESIAN_POINT( '', ( -6.05000000000000, 4.80546432034307, 0.500000000000000 ) );
#3143 = CARTESIAN_POINT( '', ( -5.95000000000000, 4.80546432034307, 0.500000000000000 ) );
#3144 = CARTESIAN_POINT( '', ( -5.95000000000000, 4.80546432034307, 0.400000000000000 ) );
#3145 = CARTESIAN_POINT( '', ( -6.04999999966072, 4.71667482230165, 0.500000000000000 ) );
#3146 = CARTESIAN_POINT( '', ( -5.96925968203170, 4.73881381073908, 0.500000000000140 ) );
#3147 = CARTESIAN_POINT( '', ( -5.95000000000000, 4.73220015360542, 0.421170906325240 ) );
#3148 = CARTESIAN_POINT( '', ( -6.02844530078078, 4.62892758311195, 0.500000000000000 ) );
#3149 = CARTESIAN_POINT( '', ( -5.96838775446749, 4.65402109312663, 0.499999999999984 ) );
#3150 = CARTESIAN_POINT( '', ( -5.93922265039040, 4.65979600103821, 0.442093297172164 ) );
#3151 = CARTESIAN_POINT( '', ( -5.95439741169384, 4.50371209619362, 0.500000000000000 ) );
#3152 = CARTESIAN_POINT( '', ( -5.92638651043423, 4.53742232576819, 0.500000000000015 ) );
#3153 = CARTESIAN_POINT( '', ( -5.90219870584691, 4.55647512960702, 0.471949591018292 ) );
#3154 = CARTESIAN_POINT( '', ( -5.90250688282172, 4.46726295515884, 0.500000000000000 ) );
#3155 = CARTESIAN_POINT( '', ( -5.88799752669958, 4.50000000302622, 0.500000000000000 ) );
#3156 = CARTESIAN_POINT( '', ( -5.87625344138482, 4.52639932055129, 0.480640498262380 ) );
#3157 = CARTESIAN_POINT( '', ( -5.85000000000000, 4.46726295238419, 0.500000000000000 ) );
#3158 = CARTESIAN_POINT( '', ( -5.85000000000000, 4.49999999999999, 0.500000000000000 ) );
#3159 = CARTESIAN_POINT( '', ( -5.85000000000000, 4.52639931874694, 0.480640499585571 ) );
#3166 = EDGE_LOOP( '', ( #6010, #6011, #6012, #6013 ) );
#3167 = AXIS2_PLACEMENT_3D( '', #6014, #6015, #6016 );
#3168 = EDGE_LOOP( '', ( #6017, #6018, #6019, #6020 ) );
#3169 = AXIS2_PLACEMENT_3D( '', #6021, #6022, #6023 );
#3170 = EDGE_LOOP( '', ( #6024, #6025, #6026, #6027 ) );
#3172 = CARTESIAN_POINT( '', ( 3.95000000000000, 4.80546432034307, 0.500000000000000 ) );
#3173 = CARTESIAN_POINT( '', ( 4.05000000000000, 4.80546432034307, 0.500000000000000 ) );
#3174 = CARTESIAN_POINT( '', ( 4.05000000000000, 4.80546432034307, 0.400000000000000 ) );
#3175 = CARTESIAN_POINT( '', ( 3.95000000033928, 4.71667482230164, 0.500000000000000 ) );
#3176 = CARTESIAN_POINT( '', ( 4.03074031796842, 4.73881381073908, 0.500000000000000 ) );
#3177 = CARTESIAN_POINT( '', ( 4.05000000000000, 4.73220015360544, 0.421170906325220 ) );
#3178 = CARTESIAN_POINT( '', ( 3.97155469921924, 4.62892758311195, 0.500000000000000 ) );
#3179 = CARTESIAN_POINT( '', ( 4.03161224553251, 4.65402109312657, 0.500000000000000 ) );
#3180 = CARTESIAN_POINT( '', ( 4.06077734960962, 4.65979600103818, 0.442093297172164 ) );
#3181 = CARTESIAN_POINT( '', ( 4.04560258830614, 4.50371209619361, 0.500000000000000 ) );
#3182 = CARTESIAN_POINT( '', ( 4.07361348956577, 4.53742232576824, 0.500000000000000 ) );
#3183 = CARTESIAN_POINT( '', ( 4.09780129415307, 4.55647512960705, 0.471949591018293 ) );
#3184 = CARTESIAN_POINT( '', ( 4.09749311717830, 4.46726295515884, 0.500000000000000 ) );
#3185 = CARTESIAN_POINT( '', ( 4.11200247330041, 4.50000000302613, 0.500000000000000 ) );
#3186 = CARTESIAN_POINT( '', ( 4.12374655861520, 4.52639932055130, 0.480640498262376 ) );
#3187 = CARTESIAN_POINT( '', ( 4.15000000000000, 4.46726295238419, 0.500000000000000 ) );
#3188 = CARTESIAN_POINT( '', ( 4.15000000000000, 4.49999999999999, 0.500000000000000 ) );
#3189 = CARTESIAN_POINT( '', ( 4.15000000000000, 4.52639931874694, 0.480640499585571 ) );
#3196 = EDGE_LOOP( '', ( #6028, #6029, #6030 ) );
#3197 = AXIS2_PLACEMENT_3D( '', #6031, #6032, #6033 );
#3198 = EDGE_LOOP( '', ( #6034, #6035, #6036, #6037 ) );
#3199 = AXIS2_PLACEMENT_3D( '', #6038, #6039, #6040 );
#3200 = EDGE_LOOP( '', ( #6041, #6042, #6043, #6044 ) );
#3201 = AXIS2_PLACEMENT_3D( '', #6045, #6046, #6047 );
#3202 = EDGE_LOOP( '', ( #6048, #6049, #6050, #6051 ) );
#3203 = AXIS2_PLACEMENT_3D( '', #6052, #6053, #6054 );
#3204 = EDGE_LOOP( '', ( #6055, #6056, #6057, #6058 ) );
#3205 = AXIS2_PLACEMENT_3D( '', #6059, #6060, #6061 );
#3206 = EDGE_LOOP( '', ( #6062, #6063, #6064, #6065 ) );
#3207 = AXIS2_PLACEMENT_3D( '', #6066, #6067, #6068 );
#3208 = EDGE_LOOP( '', ( #6069, #6070, #6071, #6072 ) );
#3210 = CARTESIAN_POINT( '', ( 5.85000000000000, 4.46726295238419, 0.500000000000000 ) );
#3211 = CARTESIAN_POINT( '', ( 5.85000000000000, 4.49999999999999, 0.500000000000000 ) );
#3212 = CARTESIAN_POINT( '', ( 5.85000000000000, 4.52639931874694, 0.480640499585571 ) );
#3213 = CARTESIAN_POINT( '', ( 5.90250688282170, 4.46726295515884, 0.500000000000000 ) );
#3214 = CARTESIAN_POINT( '', ( 5.88799752669953, 4.50000000302622, 0.500000000000000 ) );
#3215 = CARTESIAN_POINT( '', ( 5.87625344138481, 4.52639932055130, 0.480640498262378 ) );
#3216 = CARTESIAN_POINT( '', ( 5.95439741169386, 4.50371209619361, 0.500000000000000 ) );
#3217 = CARTESIAN_POINT( '', ( 5.92638651043429, 4.53742232576815, 0.500000000000030 ) );
#3218 = CARTESIAN_POINT( '', ( 5.90219870584692, 4.55647512960702, 0.471949591018300 ) );
#3219 = CARTESIAN_POINT( '', ( 6.02844530078076, 4.62892758311195, 0.500000000000000 ) );
#3220 = CARTESIAN_POINT( '', ( 5.96838775446742, 4.65402109312667, 0.499999999999967 ) );
#3221 = CARTESIAN_POINT( '', ( 5.93922265039039, 4.65979600103821, 0.442093297172156 ) );
#3222 = CARTESIAN_POINT( '', ( 6.04999999966072, 4.71667482230164, 0.500000000000000 ) );
#3223 = CARTESIAN_POINT( '', ( 5.96925968203174, 4.73881381073905, 0.500000000000140 ) );
#3224 = CARTESIAN_POINT( '', ( 5.95000000000000, 4.73220015360543, 0.421170906325265 ) );
#3225 = CARTESIAN_POINT( '', ( 6.05000000000000, 4.80546432034307, 0.500000000000000 ) );
#3226 = CARTESIAN_POINT( '', ( 5.95000000000000, 4.80546432034307, 0.500000000000000 ) );
#3227 = CARTESIAN_POINT( '', ( 5.95000000000000, 4.80546432034307, 0.400000000000001 ) );
#3234 = EDGE_LOOP( '', ( #6073, #6074, #6075 ) );
#3235 = AXIS2_PLACEMENT_3D( '', #6076, #6077, #6078 );
#3236 = EDGE_LOOP( '', ( #6079, #6080, #6081, #6082 ) );
#3237 = AXIS2_PLACEMENT_3D( '', #6083, #6084, #6085 );
#3238 = EDGE_LOOP( '', ( #6086, #6087, #6088 ) );
#3239 = AXIS2_PLACEMENT_3D( '', #6089, #6090, #6091 );
#3240 = EDGE_LOOP( '', ( #6092, #6093, #6094, #6095, #6096 ) );
#3241 = AXIS2_PLACEMENT_3D( '', #6097, #6098, #6099 );
#3242 = EDGE_LOOP( '', ( #6100, #6101, #6102, #6103 ) );
#3243 = AXIS2_PLACEMENT_3D( '', #6104, #6105, #6106 );
#3244 = EDGE_LOOP( '', ( #6107, #6108, #6109, #6110 ) );
#3245 = AXIS2_PLACEMENT_3D( '', #6111, #6112, #6113 );
#3246 = FILL_AREA_STYLE_COLOUR( '', #6114 );
#3247 = VERTEX_POINT( '', #6115 );
#3248 = VERTEX_POINT( '', #6116 );
#3249 = LINE( '', #6117, #6118 );
#3250 = VERTEX_POINT( '', #6119 );
#3251 = LINE( '', #6120, #6121 );
#3252 = VERTEX_POINT( '', #6122 );
#3253 = LINE( '', #6123, #6124 );
#3254 = LINE( '', #6125, #6126 );
#3255 = FILL_AREA_STYLE_COLOUR( '', #6127 );
#3256 = VERTEX_POINT( '', #6128 );
#3257 = CIRCLE( '', #6129, 2.40000000000000 );
#3258 = VERTEX_POINT( '', #6130 );
#3259 = VERTEX_POINT( '', #6131 );
#3260 = LINE( '', #6132, #6133 );
#3261 = VERTEX_POINT( '', #6134 );
#3262 = LINE( '', #6135, #6136 );
#3263 = VERTEX_POINT( '', #6137 );
#3264 = LINE( '', #6138, #6139 );
#3265 = LINE( '', #6140, #6141 );
#3266 = FILL_AREA_STYLE_COLOUR( '', #6142 );
#3267 = VERTEX_POINT( '', #6143 );
#3268 = VERTEX_POINT( '', #6144 );
#3269 = LINE( '', #6145, #6146 );
#3270 = VERTEX_POINT( '', #6147 );
#3271 = LINE( '', #6148, #6149 );
#3272 = VERTEX_POINT( '', #6150 );
#3273 = LINE( '', #6151, #6152 );
#3274 = CIRCLE( '', #6153, 0.500000000000000 );
#3275 = CIRCLE( '', #6154, 0.500000000000000 );
#3276 = FILL_AREA_STYLE_COLOUR( '', #6155 );
#3277 = VERTEX_POINT( '', #6156 );
#3278 = VERTEX_POINT( '', #6157 );
#3279 = LINE( '', #6158, #6159 );
#3280 = VERTEX_POINT( '', #6160 );
#3281 = LINE( '', #6161, #6162 );
#3282 = VERTEX_POINT( '', #6163 );
#3283 = LINE( '', #6164, #6165 );
#3284 = LINE( '', #6166, #6167 );
#3285 = FILL_AREA_STYLE_COLOUR( '', #6168 );
#3286 = VERTEX_POINT( '', #6169 );
#3287 = LINE( '', #6170, #6171 );
#3288 = CIRCLE( '', #6172, 0.500000000000000 );
#3289 = VERTEX_POINT( '', #6173 );
#3290 = CIRCLE( '', #6174, 0.500000000000000 );
#3291 = LINE( '', #6175, #6176 );
#3292 = FILL_AREA_STYLE_COLOUR( '', #6177 );
#3293 = LINE( '', #6178, #6179 );
#3294 = FILL_AREA_STYLE_COLOUR( '', #6180 );
#3295 = LINE( '', #6181, #6182 );
#3296 = VERTEX_POINT( '', #6183 );
#3297 = LINE( '', #6184, #6185 );
#3298 = LINE( '', #6186, #6187 );
#3299 = LINE( '', #6188, #6189 );
#3300 = FILL_AREA_STYLE_COLOUR( '', #6190 );
#3301 = VERTEX_POINT( '', #6191 );
#3302 = CIRCLE( '', #6192, 2.40000000000000 );
#3303 = FILL_AREA_STYLE_COLOUR( '', #6193 );
#3304 = FILL_AREA_STYLE_COLOUR( '', #6194 );
#3305 = VERTEX_POINT( '', #6195 );
#3306 = LINE( '', #6196, #6197 );
#3307 = LINE( '', #6198, #6199 );
#3308 = FILL_AREA_STYLE_COLOUR( '', #6200 );
#3309 = LINE( '', #6201, #6202 );
#3310 = FILL_AREA_STYLE_COLOUR( '', #6203 );
#3311 = LINE( '', #6204, #6205 );
#3312 = FILL_AREA_STYLE_COLOUR( '', #6206 );
#3313 = FILL_AREA_STYLE_COLOUR( '', #6207 );
#3314 = ORIENTED_EDGE( '', *, *, #6208, .T. );
#3315 = ORIENTED_EDGE( '', *, *, #6209, .T. );
#3316 = ORIENTED_EDGE( '', *, *, #6210, .T. );
#3317 = ORIENTED_EDGE( '', *, *, #6211, .T. );
#3318 = CARTESIAN_POINT( '', ( -3.45951294954821E-016, -5.65000000000000, 0.500000000000000 ) );
#3319 = DIRECTION( '', ( 0.000000000000000, 0.000000000000000, 1.00000000000000 ) );
#3320 = DIRECTION( '', ( 1.00000000000000, 0.000000000000000, 0.000000000000000 ) );
#3321 = ORIENTED_EDGE( '', *, *, #6212, .F. );
#3322 = ORIENTED_EDGE( '', *, *, #6213, .F. );
#3323 = ORIENTED_EDGE( '', *, *, #6214, .F. );
#3324 = CARTESIAN_POINT( '', ( -1.45000000000000, 5.90000000000000, 0.400000000000000 ) );
#3325 = DIRECTION( '', ( 0.000000000000000, 0.000000000000000, 1.00000000000000 ) );
#3326 = DIRECTION( '', ( 1.00000000000000, 0.000000000000000, 0.000000000000000 ) );
#3327 = ORIENTED_EDGE( '', *, *, #6215, .T. );
#3328 = ORIENTED_EDGE( '', *, *, #6216, .F. );
#3329 = ORIENTED_EDGE( '', *, *, #6217, .F. );
#3330 = ORIENTED_EDGE( '', *, *, #6218, .F. );
#3331 = ORIENTED_EDGE( '', *, *, #6219, .F. );
#3332 = CARTESIAN_POINT( '', ( -3.45951294954821E-016, 4.46726295238419, 0.400000000000000 ) );
#3333 = DIRECTION( '', ( -1.00000000000000, -0.000000000000000, -0.000000000000000 ) );
#3334 = DIRECTION( '', ( 0.000000000000000, 0.000000000000000, -1.00000000000000 ) );
#3335 = ORIENTED_EDGE( '', *, *, #6220, .T. );
#3336 = ORIENTED_EDGE( '', *, *, #6218, .T. );
#3337 = ORIENTED_EDGE( '', *, *, #6221, .T. );
#3338 = ORIENTED_EDGE( '', *, *, #6222, .T. );
#3339 = ORIENTED_EDGE( '', *, *, #6223, .T. );
#3340 = ORIENTED_EDGE( '', *, *, #6224, .T. );
#3341 = ORIENTED_EDGE( '', *, *, #6225, .T. );
#3342 = ORIENTED_EDGE( '', *, *, #6226, .T. );
#3343 = ORIENTED_EDGE( '', *, *, #6227, .T. );
#3344 = ORIENTED_EDGE( '', *, *, #6228, .T. );
#3345 = ORIENTED_EDGE( '', *, *, #6229, .T. );
#3346 = ORIENTED_EDGE( '', *, *, #6230, .T. );
#3347 = ORIENTED_EDGE( '', *, *, #6231, .F. );
#3348 = ORIENTED_EDGE( '', *, *, #6232, .F. );
#3349 = ORIENTED_EDGE( '', *, *, #6233, .T. );
#3350 = ORIENTED_EDGE( '', *, *, #6234, .T. );
#3351 = ORIENTED_EDGE( '', *, *, #6235, .T. );
#3352 = ORIENTED_EDGE( '', *, *, #6236, .T. );
#3353 = ORIENTED_EDGE( '', *, *, #6237, .T. );
#3354 = ORIENTED_EDGE( '', *, *, #6238, .T. );
#3355 = ORIENTED_EDGE( '', *, *, #6239, .T. );
#3356 = ORIENTED_EDGE( '', *, *, #6240, .T. );
#3357 = ORIENTED_EDGE( '', *, *, #6241, .T. );
#3358 = ORIENTED_EDGE( '', *, *, #6242, .T. );
#3359 = ORIENTED_EDGE( '', *, *, #6243, .T. );
#3360 = ORIENTED_EDGE( '', *, *, #6244, .T. );
#3361 = CARTESIAN_POINT( '', ( -3.45951294954821E-016, -5.65000000000000, 0.500000000000000 ) );
#3362 = DIRECTION( '', ( 0.000000000000000, 0.000000000000000, 1.00000000000000 ) );
#3363 = DIRECTION( '', ( 1.00000000000000, 0.000000000000000, 0.000000000000000 ) );
#3364 = ORIENTED_EDGE( '', *, *, #6245, .F. );
#3365 = ORIENTED_EDGE( '', *, *, #6246, .T. );
#3366 = ORIENTED_EDGE( '', *, *, #6219, .T. );
#3367 = ORIENTED_EDGE( '', *, *, #6247, .T. );
#3368 = CARTESIAN_POINT( '', ( 0.000000000000000, 0.000000000000000, 0.500000000000000 ) );
#3369 = DIRECTION( '', ( 0.000000000000000, 0.000000000000000, -1.00000000000000 ) );
#3370 = DIRECTION( '', ( -1.00000000000000, 0.000000000000000, 0.000000000000000 ) );
#3371 = ORIENTED_EDGE( '', *, *, #6248, .T. );
#3372 = ORIENTED_EDGE( '', *, *, #6249, .F. );
#3373 = ORIENTED_EDGE( '', *, *, #6250, .F. );
#3374 = ORIENTED_EDGE( '', *, *, #6251, .F. );
#3375 = ORIENTED_EDGE( '', *, *, #6208, .F. );
#3376 = ORIENTED_EDGE( '', *, *, #6252, .F. );
#3377 = ORIENTED_EDGE( '', *, *, #6253, .F. );
#3378 = ORIENTED_EDGE( '', *, *, #6247, .F. );
#3379 = ORIENTED_EDGE( '', *, *, #6220, .F. );
#3380 = ORIENTED_EDGE( '', *, *, #6254, .F. );
#3381 = ORIENTED_EDGE( '', *, *, #6255, .F. );
#3382 = ORIENTED_EDGE( '', *, *, #6256, .F. );
#3383 = ORIENTED_EDGE( '', *, *, #6257, .F. );
#3384 = CARTESIAN_POINT( '', ( 0.000000000000000, 0.000000000000000, 2.50000000000000 ) );
#3385 = DIRECTION( '', ( -0.000000000000000, -0.000000000000000, 1.00000000000000 ) );
#3386 = DIRECTION( '', ( -1.00000000000000, 0.000000000000000, 0.000000000000000 ) );
#3387 = ORIENTED_EDGE( '', *, *, #6258, .F. );
#3388 = ORIENTED_EDGE( '', *, *, #6259, .F. );
#3389 = ORIENTED_EDGE( '', *, *, #6260, .F. );
#3390 = ORIENTED_EDGE( '', *, *, #6261, .F. );
#3391 = CARTESIAN_POINT( '', ( 5.65000000000000, -4.26806523398877, 3.15000000000000 ) );
#3392 = DIRECTION( '', ( 1.00000000000000, -0.000000000000000, -0.000000000000000 ) );
#3393 = DIRECTION( '', ( 0.000000000000000, 0.000000000000000, 1.00000000000000 ) );
#3394 = ORIENTED_EDGE( '', *, *, #6262, .T. );
#3395 = ORIENTED_EDGE( '', *, *, #6263, .T. );
#3396 = ORIENTED_EDGE( '', *, *, #6264, .T. );
#3397 = ORIENTED_EDGE( '', *, *, #6265, .T. );
#3398 = ORIENTED_EDGE( '', *, *, #6266, .T. );
#3399 = ORIENTED_EDGE( '', *, *, #6267, .T. );
#3400 = ORIENTED_EDGE( '', *, *, #6268, .T. );
#3401 = ORIENTED_EDGE( '', *, *, #6269, .T. );
#3402 = ORIENTED_EDGE( '', *, *, #6270, .F. );
#3403 = ORIENTED_EDGE( '', *, *, #6271, .T. );
#3404 = ORIENTED_EDGE( '', *, *, #6272, .F. );
#3405 = ORIENTED_EDGE( '', *, *, #6273, .T. );
#3406 = ORIENTED_EDGE( '', *, *, #6274, .F. );
#3407 = ORIENTED_EDGE( '', *, *, #6275, .T. );
#3408 = ORIENTED_EDGE( '', *, *, #6276, .T. );
#3409 = ORIENTED_EDGE( '', *, *, #6277, .T. );
#3410 = ORIENTED_EDGE( '', *, *, #6278, .F. );
#3411 = ORIENTED_EDGE( '', *, *, #6279, .T. );
#3412 = ORIENTED_EDGE( '', *, *, #6280, .F. );
#3413 = ORIENTED_EDGE( '', *, *, #6281, .T. );
#3414 = ORIENTED_EDGE( '', *, *, #6282, .F. );
#3415 = ORIENTED_EDGE( '', *, *, #6283, .T. );
#3416 = ORIENTED_EDGE( '', *, *, #6284, .T. );
#3417 = ORIENTED_EDGE( '', *, *, #6285, .T. );
#3418 = ORIENTED_EDGE( '', *, *, #6286, .T. );
#3419 = ORIENTED_EDGE( '', *, *, #6287, .T. );
#3420 = ORIENTED_EDGE( '', *, *, #6288, .T. );
#3421 = ORIENTED_EDGE( '', *, *, #6289, .T. );
#3422 = ORIENTED_EDGE( '', *, *, #6290, .T. );
#3423 = ORIENTED_EDGE( '', *, *, #6260, .T. );
#3424 = ORIENTED_EDGE( '', *, *, #6291, .T. );
#3425 = ORIENTED_EDGE( '', *, *, #6258, .T. );
#3426 = ORIENTED_EDGE( '', *, *, #6292, .F. );
#3427 = CARTESIAN_POINT( '', ( 0.000000000000000, 0.000000000000000, 3.00000000000000 ) );
#3428 = DIRECTION( '', ( -0.000000000000000, -0.000000000000000, 1.00000000000000 ) );
#3429 = DIRECTION( '', ( -1.00000000000000, 0.000000000000000, 0.000000000000000 ) );
#3430 = ORIENTED_EDGE( '', *, *, #6293, .F. );
#3431 = ORIENTED_EDGE( '', *, *, #6294, .T. );
#3432 = CARTESIAN_POINT( '', ( 0.000000000000000, 0.000000000000000, 3.00000000000000 ) );
#3433 = DIRECTION( '', ( -0.000000000000000, -0.000000000000000, 1.00000000000000 ) );
#3434 = DIRECTION( '', ( -1.00000000000000, 0.000000000000000, 0.000000000000000 ) );
#3435 = ORIENTED_EDGE( '', *, *, #6295, .F. );
#3436 = ORIENTED_EDGE( '', *, *, #6296, .F. );
#3437 = ORIENTED_EDGE( '', *, *, #6297, .T. );
#3438 = ORIENTED_EDGE( '', *, *, #6298, .T. );
#3439 = ORIENTED_EDGE( '', *, *, #6294, .F. );
#3440 = CARTESIAN_POINT( '', ( 0.000000000000000, 0.000000000000000, 0.000000000000000 ) );
#3441 = DIRECTION( '', ( 0.000000000000000, 0.000000000000000, -1.00000000000000 ) );
#3442 = DIRECTION( '', ( -1.00000000000000, 0.000000000000000, 0.000000000000000 ) );
#3443 = ORIENTED_EDGE( '', *, *, #6289, .F. );
#3444 = ORIENTED_EDGE( '', *, *, #6299, .F. );
#3445 = ORIENTED_EDGE( '', *, *, #6263, .F. );
#3446 = ORIENTED_EDGE( '', *, *, #6300, .F. );
#3447 = CARTESIAN_POINT( '', ( 5.65000000000000, -3.78193476601122, 3.25000000000000 ) );
#3448 = DIRECTION( '', ( 1.00000000000000, -0.000000000000000, -0.000000000000000 ) );
#3449 = DIRECTION( '', ( 0.000000000000000, 0.000000000000000, 1.00000000000000 ) );
#3450 = ORIENTED_EDGE( '', *, *, #6301, .F. );
#3451 = ORIENTED_EDGE( '', *, *, #6302, .F. );
#3452 = ORIENTED_EDGE( '', *, *, #6303, .F. );
#3453 = ORIENTED_EDGE( '', *, *, #6304, .F. );
#3454 = CARTESIAN_POINT( '', ( 8.05000000000000, -6.00000000000000, 0.400000000000000 ) );
#3455 = DIRECTION( '', ( 6.12303176911189E-017, 1.00000000000000, -0.000000000000000 ) );
#3456 = DIRECTION( '', ( 1.00000000000000, -6.12303176911189E-017, 0.000000000000000 ) );
#3457 = ORIENTED_EDGE( '', *, *, #6287, .F. );
#3458 = ORIENTED_EDGE( '', *, *, #6305, .F. );
#3459 = ORIENTED_EDGE( '', *, *, #6265, .F. );
#3460 = ORIENTED_EDGE( '', *, *, #6306, .F. );
#3461 = CARTESIAN_POINT( '', ( 5.65000000000000, -3.65000000000000, 3.25000000000000 ) );
#3462 = DIRECTION( '', ( 1.00000000000000, -0.000000000000000, -0.000000000000000 ) );
#3463 = DIRECTION( '', ( 0.000000000000000, 0.000000000000000, 1.00000000000000 ) );
#3464 = ORIENTED_EDGE( '', *, *, #6307, .T. );
#3465 = ORIENTED_EDGE( '', *, *, #6308, .F. );
#3466 = ORIENTED_EDGE( '', *, *, #6309, .F. );
#3467 = ORIENTED_EDGE( '', *, *, #6310, .F. );
#3468 = CARTESIAN_POINT( '', ( -8.05000000000000, -5.90000000000000, 0.500000000000000 ) );
#3469 = DIRECTION( '', ( -0.000000000000000, -0.000000000000000, 1.00000000000000 ) );
#3470 = DIRECTION( '', ( -1.00000000000000, 0.000000000000000, 0.000000000000000 ) );
#3471 = ORIENTED_EDGE( '', *, *, #6311, .F. );
#3472 = ORIENTED_EDGE( '', *, *, #6230, .F. );
#3473 = ORIENTED_EDGE( '', *, *, #6312, .F. );
#3474 = ORIENTED_EDGE( '', *, *, #6313, .F. );
#3475 = CARTESIAN_POINT( '', ( -8.05000000000000, 6.00000000000000, 0.400000000000000 ) );
#3476 = DIRECTION( '', ( -6.12303176911189E-017, -1.00000000000000, -0.000000000000000 ) );
#3477 = DIRECTION( '', ( -1.00000000000000, 6.12303176911189E-017, 0.000000000000000 ) );
#3478 = ORIENTED_EDGE( '', *, *, #6314, .T. );
#3479 = ORIENTED_EDGE( '', *, *, #6315, .T. );
#3480 = ORIENTED_EDGE( '', *, *, #6307, .F. );
#3481 = CARTESIAN_POINT( '', ( -8.05000000000000, -5.90000000000000, 0.400000000000000 ) );
#3482 = DIRECTION( '', ( 0.000000000000000, 0.000000000000000, 1.00000000000000 ) );
#3483 = DIRECTION( '', ( 1.00000000000000, 0.000000000000000, 0.000000000000000 ) );
#3484 = ORIENTED_EDGE( '', *, *, #6316, .F. );
#3485 = ORIENTED_EDGE( '', *, *, #6317, .F. );
#3486 = ORIENTED_EDGE( '', *, *, #6315, .F. );
#3487 = ORIENTED_EDGE( '', *, *, #6234, .F. );
#3488 = CARTESIAN_POINT( '', ( -8.05000000000000, -5.65000000000000, 0.400000000000000 ) );
#3489 = DIRECTION( '', ( -6.12303176911189E-017, -1.00000000000000, -0.000000000000000 ) );
#3490 = DIRECTION( '', ( -1.00000000000000, 6.12303176911189E-017, 0.000000000000000 ) );
#3491 = ORIENTED_EDGE( '', *, *, #6318, .F. );
#3492 = ORIENTED_EDGE( '', *, *, #6319, .T. );
#3493 = ORIENTED_EDGE( '', *, *, #6320, .F. );
#3494 = ORIENTED_EDGE( '', *, *, #6321, .T. );
#3495 = CARTESIAN_POINT( '', ( 8.15000000000000, -5.90000000000000, 0.400000000000000 ) );
#3496 = DIRECTION( '', ( -1.00000000000000, -0.000000000000000, -0.000000000000000 ) );
#3497 = DIRECTION( '', ( 0.000000000000000, 0.000000000000000, -1.00000000000000 ) );
#3498 = ORIENTED_EDGE( '', *, *, #6322, .F. );
#3499 = ORIENTED_EDGE( '', *, *, #6323, .T. );
#3500 = ORIENTED_EDGE( '', *, *, #6324, .F. );
#3501 = ORIENTED_EDGE( '', *, *, #6325, .T. );
#3502 = CARTESIAN_POINT( '', ( 8.15000000000000, -5.90000000000000, 0.400000000000000 ) );
#3503 = DIRECTION( '', ( -1.00000000000000, -0.000000000000000, -0.000000000000000 ) );
#3504 = DIRECTION( '', ( 0.000000000000000, 0.000000000000000, -1.00000000000000 ) );
#3505 = ORIENTED_EDGE( '', *, *, #6326, .F. );
#3506 = ORIENTED_EDGE( '', *, *, #6327, .T. );
#3507 = ORIENTED_EDGE( '', *, *, #6328, .T. );
#3508 = ORIENTED_EDGE( '', *, *, #6329, .T. );
#3509 = ORIENTED_EDGE( '', *, *, #6330, .F. );
#3510 = ORIENTED_EDGE( '', *, *, #6331, .T. );
#3511 = ORIENTED_EDGE( '', *, *, #6332, .F. );
#3512 = ORIENTED_EDGE( '', *, *, #6333, .T. );
#3513 = ORIENTED_EDGE( '', *, *, #6334, .T. );
#3514 = ORIENTED_EDGE( '', *, *, #6310, .T. );
#3515 = ORIENTED_EDGE( '', *, *, #6335, .F. );
#3516 = ORIENTED_EDGE( '', *, *, #6336, .T. );
#3517 = ORIENTED_EDGE( '', *, *, #6320, .T. );
#3518 = ORIENTED_EDGE( '', *, *, #6337, .T. );
#3519 = ORIENTED_EDGE( '', *, *, #6338, .F. );
#3520 = ORIENTED_EDGE( '', *, *, #6339, .T. );
#3521 = ORIENTED_EDGE( '', *, *, #6340, .F. );
#3522 = ORIENTED_EDGE( '', *, *, #6341, .T. );
#3523 = ORIENTED_EDGE( '', *, *, #6324, .T. );
#3524 = ORIENTED_EDGE( '', *, *, #6342, .T. );
#3525 = ORIENTED_EDGE( '', *, *, #6343, .F. );
#3526 = ORIENTED_EDGE( '', *, *, #6344, .T. );
#3527 = ORIENTED_EDGE( '', *, *, #6345, .F. );
#3528 = ORIENTED_EDGE( '', *, *, #6346, .T. );
#3529 = ORIENTED_EDGE( '', *, *, #6347, .T. );
#3530 = ORIENTED_EDGE( '', *, *, #6348, .T. );
#3531 = ORIENTED_EDGE( '', *, *, #6349, .F. );
#3532 = ORIENTED_EDGE( '', *, *, #6350, .T. );
#3533 = ORIENTED_EDGE( '', *, *, #6351, .F. );
#3534 = ORIENTED_EDGE( '', *, *, #6352, .T. );
#3535 = ORIENTED_EDGE( '', *, *, #6353, .T. );
#3536 = ORIENTED_EDGE( '', *, *, #6354, .T. );
#3537 = ORIENTED_EDGE( '', *, *, #6355, .F. );
#3538 = ORIENTED_EDGE( '', *, *, #6356, .T. );
#3539 = ORIENTED_EDGE( '', *, *, #6357, .F. );
#3540 = ORIENTED_EDGE( '', *, *, #6358, .F. );
#3541 = ORIENTED_EDGE( '', *, *, #6359, .F. );
#3542 = ORIENTED_EDGE( '', *, *, #6360, .F. );
#3543 = ORIENTED_EDGE( '', *, *, #6361, .T. );
#3544 = ORIENTED_EDGE( '', *, *, #6362, .T. );
#3545 = ORIENTED_EDGE( '', *, *, #6363, .T. );
#3546 = ORIENTED_EDGE( '', *, *, #6364, .T. );
#3547 = ORIENTED_EDGE( '', *, *, #6365, .T. );
#3548 = ORIENTED_EDGE( '', *, *, #6366, .T. );
#3549 = ORIENTED_EDGE( '', *, *, #6367, .T. );
#3550 = ORIENTED_EDGE( '', *, *, #6368, .T. );
#3551 = ORIENTED_EDGE( '', *, *, #6369, .T. );
#3552 = ORIENTED_EDGE( '', *, *, #6370, .T. );
#3553 = ORIENTED_EDGE( '', *, *, #6371, .T. );
#3554 = ORIENTED_EDGE( '', *, *, #6372, .T. );
#3555 = ORIENTED_EDGE( '', *, *, #6373, .F. );
#3556 = ORIENTED_EDGE( '', *, *, #6374, .F. );
#3557 = ORIENTED_EDGE( '', *, *, #6375, .F. );
#3558 = ORIENTED_EDGE( '', *, *, #6376, .F. );
#3559 = ORIENTED_EDGE( '', *, *, #6377, .F. );
#3560 = ORIENTED_EDGE( '', *, *, #6378, .F. );
#3561 = ORIENTED_EDGE( '', *, *, #6379, .F. );
#3562 = ORIENTED_EDGE( '', *, *, #6380, .F. );
#3563 = CARTESIAN_POINT( '', ( 8.15000000000000, -6.00000000000000, 0.500000000000000 ) );
#3564 = DIRECTION( '', ( 0.000000000000000, 1.00000000000000, 0.000000000000000 ) );
#3565 = DIRECTION( '', ( 0.000000000000000, 0.000000000000000, 1.00000000000000 ) );
#3566 = ORIENTED_EDGE( '', *, *, #6381, .F. );
#3567 = ORIENTED_EDGE( '', *, *, #6382, .T. );
#3568 = ORIENTED_EDGE( '', *, *, #6353, .F. );
#3569 = ORIENTED_EDGE( '', *, *, #6383, .T. );
#3570 = CARTESIAN_POINT( '', ( 8.15000000000000, -5.90000000000000, 0.400000000000000 ) );
#3571 = DIRECTION( '', ( -1.00000000000000, -0.000000000000000, -0.000000000000000 ) );
#3572 = DIRECTION( '', ( 0.000000000000000, 0.000000000000000, -1.00000000000000 ) );
#3573 = ORIENTED_EDGE( '', *, *, #6328, .F. );
#3574 = ORIENTED_EDGE( '', *, *, #6384, .T. );
#3575 = ORIENTED_EDGE( '', *, *, #6241, .F. );
#3576 = ORIENTED_EDGE( '', *, *, #6385, .T. );
#3577 = CARTESIAN_POINT( '', ( 8.15000000000000, -5.90000000000000, 0.400000000000000 ) );
#3578 = DIRECTION( '', ( -1.00000000000000, -0.000000000000000, -0.000000000000000 ) );
#3579 = DIRECTION( '', ( 0.000000000000000, 0.000000000000000, -1.00000000000000 ) );
#3580 = ORIENTED_EDGE( '', *, *, #6386, .T. );
#3581 = ORIENTED_EDGE( '', *, *, #6303, .T. );
#3582 = ORIENTED_EDGE( '', *, *, #6321, .F. );
#3583 = CARTESIAN_POINT( '', ( 8.05000000000000, -5.90000000000000, 0.400000000000000 ) );
#3584 = DIRECTION( '', ( 0.000000000000000, 0.000000000000000, 1.00000000000000 ) );
#3585 = DIRECTION( '', ( 1.00000000000000, 0.000000000000000, 0.000000000000000 ) );
#3586 = ORIENTED_EDGE( '', *, *, #6387, .F. );
#3587 = ORIENTED_EDGE( '', *, *, #6388, .F. );
#3588 = ORIENTED_EDGE( '', *, *, #6386, .F. );
#3589 = ORIENTED_EDGE( '', *, *, #6336, .F. );
#3590 = CARTESIAN_POINT( '', ( 8.05000000000000, -5.90000000000000, -1.95000000000000 ) );
#3591 = DIRECTION( '', ( -0.000000000000000, -0.000000000000000, -1.00000000000000 ) );
#3592 = DIRECTION( '', ( 1.00000000000000, 0.000000000000000, 0.000000000000000 ) );
#3593 = ORIENTED_EDGE( '', *, *, #6389, .T. );
#3594 = ORIENTED_EDGE( '', *, *, #6390, .F. );
#3595 = ORIENTED_EDGE( '', *, *, #6391, .F. );
#3596 = ORIENTED_EDGE( '', *, *, #6392, .F. );
#3597 = CARTESIAN_POINT( '', ( 8.05000000000000, 5.90000000000000, 0.500000000000000 ) );
#3598 = DIRECTION( '', ( -0.000000000000000, -0.000000000000000, -1.00000000000000 ) );
#3599 = DIRECTION( '', ( 1.00000000000000, 0.000000000000000, 0.000000000000000 ) );
#3600 = ORIENTED_EDGE( '', *, *, #6393, .T. );
#3601 = ORIENTED_EDGE( '', *, *, #6394, .T. );
#3602 = ORIENTED_EDGE( '', *, *, #6395, .T. );
#3603 = CARTESIAN_POINT( '', ( -3.45000000000000, -4.50000000000000, -0.600000000000000 ) );
#3604 = DIRECTION( '', ( -1.00000000000000, -5.78241158658934E-016, 0.000000000000000 ) );
#3605 = DIRECTION( '', ( 5.78241158658934E-016, -1.00000000000000, 0.000000000000000 ) );
#3606 = ORIENTED_EDGE( '', *, *, #6396, .T. );
#3607 = ORIENTED_EDGE( '', *, *, #6397, .T. );
#3608 = ORIENTED_EDGE( '', *, *, #6389, .F. );
#3609 = CARTESIAN_POINT( '', ( 8.05000000000000, 5.90000000000000, 0.400000000000000 ) );
#3610 = DIRECTION( '', ( 0.000000000000000, 0.000000000000000, 1.00000000000000 ) );
#3611 = DIRECTION( '', ( 1.00000000000000, 0.000000000000000, 0.000000000000000 ) );
#3612 = ORIENTED_EDGE( '', *, *, #6398, .F. );
#3613 = ORIENTED_EDGE( '', *, *, #6399, .F. );
#3614 = ORIENTED_EDGE( '', *, *, #6397, .F. );
#3615 = ORIENTED_EDGE( '', *, *, #6400, .F. );
#3616 = CARTESIAN_POINT( '', ( 8.05000000000000, -5.65000000000000, 0.400000000000000 ) );
#3617 = DIRECTION( '', ( 6.12303176911189E-017, 1.00000000000000, -0.000000000000000 ) );
#3618 = DIRECTION( '', ( 1.00000000000000, -6.12303176911189E-017, 0.000000000000000 ) );
#3619 = ORIENTED_EDGE( '', *, *, #6229, .F. );
#3620 = ORIENTED_EDGE( '', *, *, #6401, .T. );
#3621 = ORIENTED_EDGE( '', *, *, #6402, .F. );
#3622 = ORIENTED_EDGE( '', *, *, #6403, .T. );
#3623 = CARTESIAN_POINT( '', ( -3.45951294954821E-016, 5.90000000000000, 0.400000000000000 ) );
#3624 = DIRECTION( '', ( 1.00000000000000, -0.000000000000000, -0.000000000000000 ) );
#3625 = DIRECTION( '', ( 0.000000000000000, 0.000000000000000, 1.00000000000000 ) );
#3626 = ORIENTED_EDGE( '', *, *, #6223, .F. );
#3627 = ORIENTED_EDGE( '', *, *, #6404, .T. );
#3628 = ORIENTED_EDGE( '', *, *, #6405, .F. );
#3629 = ORIENTED_EDGE( '', *, *, #6406, .T. );
#3630 = CARTESIAN_POINT( '', ( -3.45951294954821E-016, 5.90000000000000, 0.400000000000000 ) );
#3631 = DIRECTION( '', ( 1.00000000000000, -0.000000000000000, -0.000000000000000 ) );
#3632 = DIRECTION( '', ( 0.000000000000000, 0.000000000000000, 1.00000000000000 ) );
#3633 = ORIENTED_EDGE( '', *, *, #6407, .F. );
#3634 = ORIENTED_EDGE( '', *, *, #6408, .T. );
#3635 = ORIENTED_EDGE( '', *, *, #6210, .F. );
#3636 = ORIENTED_EDGE( '', *, *, #6409, .T. );
#3637 = CARTESIAN_POINT( '', ( -3.45951294954821E-016, 5.90000000000000, 0.400000000000000 ) );
#3638 = DIRECTION( '', ( 1.00000000000000, -0.000000000000000, -0.000000000000000 ) );
#3639 = DIRECTION( '', ( 0.000000000000000, 0.000000000000000, 1.00000000000000 ) );
#3640 = ORIENTED_EDGE( '', *, *, #6410, .F. );
#3641 = ORIENTED_EDGE( '', *, *, #6214, .T. );
#3642 = ORIENTED_EDGE( '', *, *, #6411, .F. );
#3643 = ORIENTED_EDGE( '', *, *, #6412, .T. );
#3644 = CARTESIAN_POINT( '', ( -3.45951294954821E-016, 5.90000000000000, 0.400000000000000 ) );
#3645 = DIRECTION( '', ( 1.00000000000000, -0.000000000000000, -0.000000000000000 ) );
#3646 = DIRECTION( '', ( 0.000000000000000, 0.000000000000000, 1.00000000000000 ) );
#3647 = ORIENTED_EDGE( '', *, *, #6413, .F. );
#3648 = ORIENTED_EDGE( '', *, *, #6414, .T. );
#3649 = ORIENTED_EDGE( '', *, *, #6415, .F. );
#3650 = ORIENTED_EDGE( '', *, *, #6416, .T. );
#3651 = CARTESIAN_POINT( '', ( -3.45951294954821E-016, 5.90000000000000, 0.400000000000000 ) );
#3652 = DIRECTION( '', ( 1.00000000000000, -0.000000000000000, -0.000000000000000 ) );
#3653 = DIRECTION( '', ( 0.000000000000000, 0.000000000000000, 1.00000000000000 ) );
#3654 = ORIENTED_EDGE( '', *, *, #6417, .T. );
#3655 = ORIENTED_EDGE( '', *, *, #6312, .T. );
#3656 = ORIENTED_EDGE( '', *, *, #6403, .F. );
#3657 = CARTESIAN_POINT( '', ( -8.05000000000000, 5.90000000000000, 0.400000000000000 ) );
#3658 = DIRECTION( '', ( 0.000000000000000, 0.000000000000000, 1.00000000000000 ) );
#3659 = DIRECTION( '', ( 1.00000000000000, 0.000000000000000, 0.000000000000000 ) );
#3660 = ORIENTED_EDGE( '', *, *, #6418, .F. );
#3661 = ORIENTED_EDGE( '', *, *, #6419, .F. );
#3662 = ORIENTED_EDGE( '', *, *, #6417, .F. );
#3663 = ORIENTED_EDGE( '', *, *, #6420, .F. );
#3664 = CARTESIAN_POINT( '', ( -8.05000000000000, 5.90000000000000, -1.95000000000000 ) );
#3665 = DIRECTION( '', ( -0.000000000000000, -0.000000000000000, 1.00000000000000 ) );
#3666 = DIRECTION( '', ( -1.00000000000000, 0.000000000000000, 0.000000000000000 ) );
#3667 = ORIENTED_EDGE( '', *, *, #6421, .T. );
#3668 = ORIENTED_EDGE( '', *, *, #6240, .F. );
#3669 = ORIENTED_EDGE( '', *, *, #6422, .T. );
#3670 = ORIENTED_EDGE( '', *, *, #6423, .F. );
#3671 = CARTESIAN_POINT( '', ( -3.95000000000000, -6.00000000000000, 0.400000000000000 ) );
#3672 = DIRECTION( '', ( -0.000000000000000, 1.00000000000000, -0.000000000000000 ) );
#3673 = DIRECTION( '', ( 0.000000000000000, 0.000000000000000, -1.00000000000000 ) );
#3674 = ORIENTED_EDGE( '', *, *, #6424, .F. );
#3675 = ORIENTED_EDGE( '', *, *, #6425, .F. );
#3676 = ORIENTED_EDGE( '', *, *, #6319, .F. );
#3677 = CARTESIAN_POINT( '', ( 6.05000000000000, -5.90000000000000, 0.400000000000000 ) );
#3678 = DIRECTION( '', ( 0.000000000000000, 0.000000000000000, 1.00000000000000 ) );
#3679 = DIRECTION( '', ( 1.00000000000000, 0.000000000000000, 0.000000000000000 ) );
#3680 = ORIENTED_EDGE( '', *, *, #6426, .T. );
#3681 = ORIENTED_EDGE( '', *, *, #6427, .T. );
#3682 = ORIENTED_EDGE( '', *, *, #6422, .F. );
#3683 = ORIENTED_EDGE( '', *, *, #6239, .F. );
#3684 = ORIENTED_EDGE( '', *, *, #6428, .T. );
#3685 = ORIENTED_EDGE( '', *, *, #6385, .F. );
#3686 = ORIENTED_EDGE( '', *, *, #6421, .F. );
#3687 = CARTESIAN_POINT( '', ( -3.95000000000000, -5.90000000000000, 0.400000000000000 ) );
#3688 = DIRECTION( '', ( 0.000000000000000, 0.000000000000000, 1.00000000000000 ) );
#3689 = DIRECTION( '', ( 1.00000000000000, 0.000000000000000, 0.000000000000000 ) );
#3690 = ORIENTED_EDGE( '', *, *, #6429, .T. );
#3691 = ORIENTED_EDGE( '', *, *, #6430, .F. );
#3692 = ORIENTED_EDGE( '', *, *, #6427, .F. );
#3693 = ORIENTED_EDGE( '', *, *, #6431, .F. );
#3694 = CARTESIAN_POINT( '', ( -4.15000000000000, -6.05913636636275, -0.519359500414432 ) );
#3695 = DIRECTION( '', ( -0.000000000000000, 0.806404995855706, 0.591363663627517 ) );
#3696 = DIRECTION( '', ( 0.000000000000000, 0.591363663627517, -0.806404995855706 ) );
#3697 = ORIENTED_EDGE( '', *, *, #6250, .T. );
#3698 = ORIENTED_EDGE( '', *, *, #6432, .T. );
#3699 = ORIENTED_EDGE( '', *, *, #6433, .T. );
#3700 = ORIENTED_EDGE( '', *, *, #6434, .T. );
#3701 = ORIENTED_EDGE( '', *, *, #6322, .T. );
#3702 = ORIENTED_EDGE( '', *, *, #6435, .T. );
#3703 = ORIENTED_EDGE( '', *, *, #6436, .T. );
#3704 = ORIENTED_EDGE( '', *, *, #6437, .T. );
#3705 = ORIENTED_EDGE( '', *, *, #6438, .T. );
#3706 = ORIENTED_EDGE( '', *, *, #6439, .T. );
#3707 = ORIENTED_EDGE( '', *, *, #6318, .T. );
#3708 = ORIENTED_EDGE( '', *, *, #6302, .T. );
#3709 = ORIENTED_EDGE( '', *, *, #6440, .T. );
#3710 = ORIENTED_EDGE( '', *, *, #6441, .T. );
#3711 = ORIENTED_EDGE( '', *, *, #6442, .F. );
#3712 = ORIENTED_EDGE( '', *, *, #6400, .T. );
#3713 = ORIENTED_EDGE( '', *, *, #6443, .T. );
#3714 = ORIENTED_EDGE( '', *, *, #6444, .T. );
#3715 = ORIENTED_EDGE( '', *, *, #6445, .T. );
#3716 = ORIENTED_EDGE( '', *, *, #6446, .T. );
#3717 = ORIENTED_EDGE( '', *, *, #6447, .T. );
#3718 = ORIENTED_EDGE( '', *, *, #6448, .T. );
#3719 = ORIENTED_EDGE( '', *, *, #6415, .T. );
#3720 = ORIENTED_EDGE( '', *, *, #6449, .T. );
#3721 = ORIENTED_EDGE( '', *, *, #6450, .T. );
#3722 = ORIENTED_EDGE( '', *, *, #6451, .T. );
#3723 = CARTESIAN_POINT( '', ( -3.45951294954821E-016, -5.65000000000000, 0.500000000000000 ) );
#3724 = DIRECTION( '', ( 0.000000000000000, 0.000000000000000, 1.00000000000000 ) );
#3725 = DIRECTION( '', ( 1.00000000000000, 0.000000000000000, 0.000000000000000 ) );
#3726 = ORIENTED_EDGE( '', *, *, #6452, .T. );
#3727 = ORIENTED_EDGE( '', *, *, #6453, .T. );
#3728 = ORIENTED_EDGE( '', *, *, #6454, .F. );
#3729 = ORIENTED_EDGE( '', *, *, #6237, .F. );
#3730 = ORIENTED_EDGE( '', *, *, #6455, .T. );
#3731 = ORIENTED_EDGE( '', *, *, #6329, .F. );
#3732 = ORIENTED_EDGE( '', *, *, #6428, .F. );
#3733 = ORIENTED_EDGE( '', *, *, #6456, .F. );
#3734 = CARTESIAN_POINT( '', ( -3.95000000000000, -5.90000000000000, -0.600000000000000 ) );
#3735 = DIRECTION( '', ( -0.000000000000000, -0.000000000000000, -1.00000000000000 ) );
#3736 = DIRECTION( '', ( 1.00000000000000, 0.000000000000000, 0.000000000000000 ) );
#3737 = ORIENTED_EDGE( '', *, *, #6457, .T. );
#3738 = ORIENTED_EDGE( '', *, *, #6330, .T. );
#3739 = ORIENTED_EDGE( '', *, *, #6455, .F. );
#3740 = ORIENTED_EDGE( '', *, *, #6429, .F. );
#3741 = ORIENTED_EDGE( '', *, *, #6458, .T. );
#3742 = ORIENTED_EDGE( '', *, *, #6459, .F. );
#3743 = ORIENTED_EDGE( '', *, *, #6453, .F. );
#3744 = ORIENTED_EDGE( '', *, *, #6460, .F. );
#3745 = CARTESIAN_POINT( '', ( -5.85000000000000, -5.08370284035119, 0.195958418660714 ) );
#3746 = DIRECTION( '', ( -0.000000000000000, -0.806404995855706, -0.591363663627517 ) );
#3747 = DIRECTION( '', ( 0.000000000000000, -0.591363663627517, 0.806404995855706 ) );
#3748 = ORIENTED_EDGE( '', *, *, #6461, .T. );
#3749 = ORIENTED_EDGE( '', *, *, #6462, .F. );
#3750 = ORIENTED_EDGE( '', *, *, #6452, .F. );
#3751 = ORIENTED_EDGE( '', *, *, #6236, .F. );
#3752 = CARTESIAN_POINT( '', ( -6.05000000000000, -4.50000000000000, 0.400000000000000 ) );
#3753 = DIRECTION( '', ( -0.000000000000000, -1.00000000000000, -0.000000000000000 ) );
#3754 = DIRECTION( '', ( 0.000000000000000, 0.000000000000000, 1.00000000000000 ) );
#3755 = ORIENTED_EDGE( '', *, *, #6463, .T. );
#3756 = ORIENTED_EDGE( '', *, *, #6331, .F. );
#3757 = ORIENTED_EDGE( '', *, *, #6457, .F. );
#3758 = ORIENTED_EDGE( '', *, *, #6464, .F. );
#3759 = CARTESIAN_POINT( '', ( 5.95000000000000, -5.90000000000000, -0.650673834918257 ) );
#3760 = DIRECTION( '', ( 1.00000000000000, -0.000000000000000, -0.000000000000000 ) );
#3761 = DIRECTION( '', ( 0.000000000000000, 0.000000000000000, 1.00000000000000 ) );
#3762 = ORIENTED_EDGE( '', *, *, #6465, .T. );
#3763 = ORIENTED_EDGE( '', *, *, #6332, .T. );
#3764 = ORIENTED_EDGE( '', *, *, #6463, .F. );
#3765 = ORIENTED_EDGE( '', *, *, #6458, .F. );
#3766 = ORIENTED_EDGE( '', *, *, #6466, .F. );
#3767 = ORIENTED_EDGE( '', *, *, #6467, .T. );
#3768 = ORIENTED_EDGE( '', *, *, #6461, .F. );
#3769 = CARTESIAN_POINT( '', ( -6.05000000000000, -5.90000000000000, 0.400000000000000 ) );
#3770 = DIRECTION( '', ( 0.000000000000000, 0.000000000000000, 1.00000000000000 ) );
#3771 = DIRECTION( '', ( 1.00000000000000, 0.000000000000000, 0.000000000000000 ) );
#3772 = ORIENTED_EDGE( '', *, *, #6467, .F. );
#3773 = ORIENTED_EDGE( '', *, *, #6333, .F. );
#3774 = ORIENTED_EDGE( '', *, *, #6465, .F. );
#3775 = ORIENTED_EDGE( '', *, *, #6468, .F. );
#3776 = CARTESIAN_POINT( '', ( -6.05000000000000, -5.90000000000000, 0.500000000000000 ) );
#3777 = DIRECTION( '', ( -0.000000000000000, -0.000000000000000, -1.00000000000000 ) );
#3778 = DIRECTION( '', ( 1.00000000000000, 0.000000000000000, 0.000000000000000 ) );
#3779 = ORIENTED_EDGE( '', *, *, #6469, .T. );
#3780 = ORIENTED_EDGE( '', *, *, #6436, .F. );
#3781 = ORIENTED_EDGE( '', *, *, #6470, .F. );
#3782 = ORIENTED_EDGE( '', *, *, #6471, .T. );
#3783 = ORIENTED_EDGE( '', *, *, #6472, .T. );
#3784 = ORIENTED_EDGE( '', *, *, #6473, .F. );
#3785 = ORIENTED_EDGE( '', *, *, #6474, .F. );
#3786 = ORIENTED_EDGE( '', *, *, #6341, .F. );
#3787 = CARTESIAN_POINT( '', ( 3.95000000000000, -5.90000000000000, 0.500000000000000 ) );
#3788 = DIRECTION( '', ( -0.000000000000000, -0.000000000000000, 1.00000000000000 ) );
#3789 = DIRECTION( '', ( -1.00000000000000, 0.000000000000000, 0.000000000000000 ) );
#3790 = ORIENTED_EDGE( '', *, *, #6475, .T. );
#3791 = ORIENTED_EDGE( '', *, *, #6476, .T. );
#3792 = ORIENTED_EDGE( '', *, *, #6472, .F. );
#3793 = ORIENTED_EDGE( '', *, *, #6340, .T. );
#3794 = ORIENTED_EDGE( '', *, *, #6476, .F. );
#3795 = ORIENTED_EDGE( '', *, *, #6477, .F. );
#3796 = ORIENTED_EDGE( '', *, *, #6471, .F. );
#3797 = ORIENTED_EDGE( '', *, *, #6478, .F. );
#3798 = CARTESIAN_POINT( '', ( 4.15000000000000, -6.05913636636275, -0.519359500414432 ) );
#3799 = DIRECTION( '', ( 9.32593118303914E-016, -0.806404995855706, -0.591363663627517 ) );
#3800 = DIRECTION( '', ( 0.000000000000000, -0.591363663627517, 0.806404995855706 ) );
#3801 = ORIENTED_EDGE( '', *, *, #6479, .T. );
#3802 = ORIENTED_EDGE( '', *, *, #6437, .F. );
#3803 = ORIENTED_EDGE( '', *, *, #6469, .F. );
#3804 = ORIENTED_EDGE( '', *, *, #6480, .F. );
#3805 = CARTESIAN_POINT( '', ( -3.45951294954821E-016, -4.46726295238420, 0.400000000000000 ) );
#3806 = DIRECTION( '', ( -1.00000000000000, -0.000000000000000, -0.000000000000000 ) );
#3807 = DIRECTION( '', ( 0.000000000000000, 0.000000000000000, -1.00000000000000 ) );
#3808 = ORIENTED_EDGE( '', *, *, #6481, .T. );
#3809 = ORIENTED_EDGE( '', *, *, #6438, .F. );
#3810 = ORIENTED_EDGE( '', *, *, #6479, .F. );
#3811 = ORIENTED_EDGE( '', *, *, #6482, .T. );
#3812 = ORIENTED_EDGE( '', *, *, #6483, .T. );
#3813 = ORIENTED_EDGE( '', *, *, #6484, .F. );
#3814 = ORIENTED_EDGE( '', *, *, #6475, .F. );
#3815 = ORIENTED_EDGE( '', *, *, #6339, .F. );
#3816 = CARTESIAN_POINT( '', ( 8.15000000000000, -5.90000000000000, -0.650673834918257 ) );
#3817 = DIRECTION( '', ( -1.00000000000000, -0.000000000000000, -0.000000000000000 ) );
#3818 = DIRECTION( '', ( 0.000000000000000, 0.000000000000000, -1.00000000000000 ) );
#3819 = ORIENTED_EDGE( '', *, *, #6485, .T. );
#3820 = ORIENTED_EDGE( '', *, *, #6486, .T. );
#3821 = ORIENTED_EDGE( '', *, *, #6483, .F. );
#3822 = ORIENTED_EDGE( '', *, *, #6338, .T. );
#3823 = ORIENTED_EDGE( '', *, *, #6486, .F. );
#3824 = ORIENTED_EDGE( '', *, *, #6487, .F. );
#3825 = ORIENTED_EDGE( '', *, *, #6482, .F. );
#3826 = ORIENTED_EDGE( '', *, *, #6488, .F. );
#3827 = CARTESIAN_POINT( '', ( 5.85000000000000, -6.05913636636275, -0.519359500414431 ) );
#3828 = DIRECTION( '', ( -0.000000000000000, 0.806404995855706, 0.591363663627517 ) );
#3829 = DIRECTION( '', ( 0.000000000000000, 0.591363663627517, -0.806404995855706 ) );
#3830 = ORIENTED_EDGE( '', *, *, #6424, .T. );
#3831 = ORIENTED_EDGE( '', *, *, #6439, .F. );
#3832 = ORIENTED_EDGE( '', *, *, #6481, .F. );
#3833 = ORIENTED_EDGE( '', *, *, #6489, .F. );
#3834 = CARTESIAN_POINT( '', ( 6.05000000000000, -5.65000000000000, 0.400000000000000 ) );
#3835 = DIRECTION( '', ( -0.000000000000000, 1.00000000000000, -0.000000000000000 ) );
#3836 = DIRECTION( '', ( 0.000000000000000, 0.000000000000000, -1.00000000000000 ) );
#3837 = ORIENTED_EDGE( '', *, *, #6490, .T. );
#3838 = ORIENTED_EDGE( '', *, *, #6491, .F. );
#3839 = ORIENTED_EDGE( '', *, *, #6492, .F. );
#3840 = ORIENTED_EDGE( '', *, *, #6493, .T. );
#3841 = ORIENTED_EDGE( '', *, *, #6494, .T. );
#3842 = ORIENTED_EDGE( '', *, *, #6495, .F. );
#3843 = ORIENTED_EDGE( '', *, *, #6496, .F. );
#3844 = ORIENTED_EDGE( '', *, *, #6346, .F. );
#3845 = CARTESIAN_POINT( '', ( 1.45000000000000, -5.90000000000000, 0.500000000000000 ) );
#3846 = DIRECTION( '', ( -0.000000000000000, -0.000000000000000, 1.00000000000000 ) );
#3847 = DIRECTION( '', ( -1.00000000000000, 0.000000000000000, 0.000000000000000 ) );
#3848 = ORIENTED_EDGE( '', *, *, #6497, .T. );
#3849 = ORIENTED_EDGE( '', *, *, #6498, .T. );
#3850 = ORIENTED_EDGE( '', *, *, #6494, .F. );
#3851 = ORIENTED_EDGE( '', *, *, #6345, .T. );
#3852 = ORIENTED_EDGE( '', *, *, #6498, .F. );
#3853 = ORIENTED_EDGE( '', *, *, #6499, .F. );
#3854 = ORIENTED_EDGE( '', *, *, #6493, .F. );
#3855 = ORIENTED_EDGE( '', *, *, #6500, .F. );
#3856 = CARTESIAN_POINT( '', ( 1.65000000000000, -6.05913636636275, -0.519359500414432 ) );
#3857 = DIRECTION( '', ( 2.33148279575978E-016, -0.806404995855706, -0.591363663627517 ) );
#3858 = DIRECTION( '', ( 0.000000000000000, -0.591363663627517, 0.806404995855706 ) );
#3859 = ORIENTED_EDGE( '', *, *, #6501, .T. );
#3860 = ORIENTED_EDGE( '', *, *, #6432, .F. );
#3861 = ORIENTED_EDGE( '', *, *, #6502, .F. );
#3862 = ORIENTED_EDGE( '', *, *, #6490, .F. );
#3863 = ORIENTED_EDGE( '', *, *, #6503, .F. );
#3864 = CARTESIAN_POINT( '', ( -3.45951294954821E-016, -4.46726295238420, 0.400000000000000 ) );
#3865 = DIRECTION( '', ( -1.00000000000000, -0.000000000000000, -0.000000000000000 ) );
#3866 = DIRECTION( '', ( 0.000000000000000, 0.000000000000000, -1.00000000000000 ) );
#3867 = ORIENTED_EDGE( '', *, *, #6504, .T. );
#3868 = ORIENTED_EDGE( '', *, *, #6433, .F. );
#3869 = ORIENTED_EDGE( '', *, *, #6501, .F. );
#3870 = ORIENTED_EDGE( '', *, *, #6505, .T. );
#3871 = ORIENTED_EDGE( '', *, *, #6506, .T. );
#3872 = ORIENTED_EDGE( '', *, *, #6507, .F. );
#3873 = ORIENTED_EDGE( '', *, *, #6497, .F. );
#3874 = ORIENTED_EDGE( '', *, *, #6344, .F. );
#3875 = CARTESIAN_POINT( '', ( 8.15000000000000, -5.90000000000000, -0.650673834918257 ) );
#3876 = DIRECTION( '', ( -1.00000000000000, -0.000000000000000, -0.000000000000000 ) );
#3877 = DIRECTION( '', ( 0.000000000000000, 0.000000000000000, -1.00000000000000 ) );
#3878 = ORIENTED_EDGE( '', *, *, #6508, .T. );
#3879 = ORIENTED_EDGE( '', *, *, #6509, .T. );
#3880 = ORIENTED_EDGE( '', *, *, #6506, .F. );
#3881 = ORIENTED_EDGE( '', *, *, #6343, .T. );
#3882 = ORIENTED_EDGE( '', *, *, #6509, .F. );
#3883 = ORIENTED_EDGE( '', *, *, #6510, .F. );
#3884 = ORIENTED_EDGE( '', *, *, #6505, .F. );
#3885 = ORIENTED_EDGE( '', *, *, #6511, .F. );
#3886 = CARTESIAN_POINT( '', ( 3.35000000000000, -6.05913636636275, -0.519359500414431 ) );
#3887 = DIRECTION( '', ( 2.33148279575978E-016, 0.806404995855706, 0.591363663627517 ) );
#3888 = DIRECTION( '', ( 0.000000000000000, 0.591363663627517, -0.806404995855706 ) );
#3889 = ORIENTED_EDGE( '', *, *, #6512, .T. );
#3890 = ORIENTED_EDGE( '', *, *, #6434, .F. );
#3891 = ORIENTED_EDGE( '', *, *, #6504, .F. );
#3892 = ORIENTED_EDGE( '', *, *, #6513, .F. );
#3893 = CARTESIAN_POINT( '', ( 3.55000000000000, -5.65000000000000, 0.400000000000000 ) );
#3894 = DIRECTION( '', ( 2.89120579329467E-016, 1.00000000000000, -0.000000000000000 ) );
#3895 = DIRECTION( '', ( 1.00000000000000, -2.89120579329467E-016, 0.000000000000000 ) );
#3896 = ORIENTED_EDGE( '', *, *, #6514, .T. );
#3897 = ORIENTED_EDGE( '', *, *, #6515, .T. );
#3898 = ORIENTED_EDGE( '', *, *, #6516, .F. );
#3899 = ORIENTED_EDGE( '', *, *, #6517, .F. );
#3900 = ORIENTED_EDGE( '', *, *, #6518, .T. );
#3901 = ORIENTED_EDGE( '', *, *, #6519, .F. );
#3902 = ORIENTED_EDGE( '', *, *, #6520, .F. );
#3903 = ORIENTED_EDGE( '', *, *, #6516, .T. );
#3904 = ORIENTED_EDGE( '', *, *, #6521, .F. );
#3905 = CARTESIAN_POINT( '', ( 1.05000000000000, -6.00000000000000, 0.400000000000000 ) );
#3906 = DIRECTION( '', ( 5.78241158658934E-016, 1.00000000000000, -0.000000000000000 ) );
#3907 = DIRECTION( '', ( 1.00000000000000, -5.78241158658934E-016, 0.000000000000000 ) );
#3908 = ORIENTED_EDGE( '', *, *, #6522, .T. );
#3909 = ORIENTED_EDGE( '', *, *, #6523, .F. );
#3910 = ORIENTED_EDGE( '', *, *, #6518, .F. );
#3911 = CARTESIAN_POINT( '', ( 1.05000000000000, -5.90000000000000, 0.400000000000000 ) );
#3912 = DIRECTION( '', ( 0.000000000000000, 0.000000000000000, 1.00000000000000 ) );
#3913 = DIRECTION( '', ( 1.00000000000000, 0.000000000000000, 0.000000000000000 ) );
#3914 = ORIENTED_EDGE( '', *, *, #6524, .T. );
#3915 = ORIENTED_EDGE( '', *, *, #6525, .F. );
#3916 = ORIENTED_EDGE( '', *, *, #6515, .F. );
#3917 = ORIENTED_EDGE( '', *, *, #6526, .F. );
#3918 = CARTESIAN_POINT( '', ( 0.850000000000000, -6.05913636636275, -0.519359500414432 ) );
#3919 = DIRECTION( '', ( 4.66296559151957E-016, 0.806404995855706, 0.591363663627517 ) );
#3920 = DIRECTION( '', ( 0.000000000000000, 0.591363663627517, -0.806404995855706 ) );
#3921 = ORIENTED_EDGE( '', *, *, #6527, .T. );
#3922 = ORIENTED_EDGE( '', *, *, #6528, .F. );
#3923 = ORIENTED_EDGE( '', *, *, #6514, .F. );
#3924 = ORIENTED_EDGE( '', *, *, #6529, .F. );
#3925 = CARTESIAN_POINT( '', ( 5.95000000000000, -4.46726295238420, 0.400000000000000 ) );
#3926 = DIRECTION( '', ( 1.00000000000000, -0.000000000000000, -0.000000000000000 ) );
#3927 = DIRECTION( '', ( 0.000000000000000, 0.000000000000000, 1.00000000000000 ) );
#3928 = ORIENTED_EDGE( '', *, *, #6530, .T. );
#3929 = ORIENTED_EDGE( '', *, *, #6348, .F. );
#3930 = ORIENTED_EDGE( '', *, *, #6522, .F. );
#3931 = ORIENTED_EDGE( '', *, *, #6531, .F. );
#3932 = CARTESIAN_POINT( '', ( 1.05000000000000, -5.90000000000000, -0.600000000000000 ) );
#3933 = DIRECTION( '', ( -0.000000000000000, -0.000000000000000, -1.00000000000000 ) );
#3934 = DIRECTION( '', ( 1.00000000000000, 0.000000000000000, 0.000000000000000 ) );
#3935 = ORIENTED_EDGE( '', *, *, #6532, .T. );
#3936 = ORIENTED_EDGE( '', *, *, #6349, .T. );
#3937 = ORIENTED_EDGE( '', *, *, #6530, .F. );
#3938 = ORIENTED_EDGE( '', *, *, #6524, .F. );
#3939 = ORIENTED_EDGE( '', *, *, #6533, .T. );
#3940 = ORIENTED_EDGE( '', *, *, #6534, .T. );
#3941 = ORIENTED_EDGE( '', *, *, #6527, .F. );
#3942 = ORIENTED_EDGE( '', *, *, #6535, .F. );
#3943 = ORIENTED_EDGE( '', *, *, #6536, .T. );
#3944 = ORIENTED_EDGE( '', *, *, #6537, .F. );
#3945 = ORIENTED_EDGE( '', *, *, #6533, .F. );
#3946 = ORIENTED_EDGE( '', *, *, #6538, .T. );
#3947 = ORIENTED_EDGE( '', *, *, #6539, .F. );
#3948 = CARTESIAN_POINT( '', ( -1.05000000000000, -4.50000000000000, 0.400000000000000 ) );
#3949 = DIRECTION( '', ( -1.44560289664733E-016, -1.00000000000000, -0.000000000000000 ) );
#3950 = DIRECTION( '', ( -1.00000000000000, 1.44560289664733E-016, 0.000000000000000 ) );
#3951 = ORIENTED_EDGE( '', *, *, #6540, .T. );
#3952 = ORIENTED_EDGE( '', *, *, #6541, .F. );
#3953 = ORIENTED_EDGE( '', *, *, #6534, .F. );
#3954 = ORIENTED_EDGE( '', *, *, #6542, .F. );
#3955 = CARTESIAN_POINT( '', ( -0.850000000000000, -5.08370284035119, 0.195958418660715 ) );
#3956 = DIRECTION( '', ( -1.16574139787989E-016, -0.806404995855706, -0.591363663627517 ) );
#3957 = DIRECTION( '', ( 0.000000000000000, -0.591363663627517, 0.806404995855706 ) );
#3958 = ORIENTED_EDGE( '', *, *, #6543, .T. );
#3959 = ORIENTED_EDGE( '', *, *, #6351, .T. );
#3960 = ORIENTED_EDGE( '', *, *, #6544, .F. );
#3961 = ORIENTED_EDGE( '', *, *, #6540, .F. );
#3962 = ORIENTED_EDGE( '', *, *, #6383, .F. );
#3963 = ORIENTED_EDGE( '', *, *, #6545, .T. );
#3964 = ORIENTED_EDGE( '', *, *, #6536, .F. );
#3965 = CARTESIAN_POINT( '', ( -1.05000000000000, -5.90000000000000, 0.400000000000000 ) );
#3966 = DIRECTION( '', ( 0.000000000000000, 0.000000000000000, 1.00000000000000 ) );
#3967 = DIRECTION( '', ( 1.00000000000000, 0.000000000000000, 0.000000000000000 ) );
#3968 = ORIENTED_EDGE( '', *, *, #6545, .F. );
#3969 = ORIENTED_EDGE( '', *, *, #6352, .F. );
#3970 = ORIENTED_EDGE( '', *, *, #6543, .F. );
#3971 = ORIENTED_EDGE( '', *, *, #6546, .F. );
#3972 = CARTESIAN_POINT( '', ( -1.05000000000000, -5.90000000000000, 0.500000000000000 ) );
#3973 = DIRECTION( '', ( -0.000000000000000, -0.000000000000000, -1.00000000000000 ) );
#3974 = DIRECTION( '', ( 1.00000000000000, 0.000000000000000, 0.000000000000000 ) );
#3975 = ORIENTED_EDGE( '', *, *, #6547, .F. );
#3976 = ORIENTED_EDGE( '', *, *, #6496, .T. );
#3977 = ORIENTED_EDGE( '', *, *, #6548, .T. );
#3978 = CARTESIAN_POINT( '', ( 1.45000000000000, -5.90000000000000, 0.400000000000000 ) );
#3979 = DIRECTION( '', ( 0.000000000000000, 0.000000000000000, 1.00000000000000 ) );
#3980 = DIRECTION( '', ( 1.00000000000000, 0.000000000000000, 0.000000000000000 ) );
#3981 = ORIENTED_EDGE( '', *, *, #6549, .T. );
#3982 = ORIENTED_EDGE( '', *, *, #6384, .F. );
#3983 = ORIENTED_EDGE( '', *, *, #6550, .T. );
#3984 = CARTESIAN_POINT( '', ( -3.55000000000000, -5.90000000000000, 0.400000000000000 ) );
#3985 = DIRECTION( '', ( 0.000000000000000, 0.000000000000000, 1.00000000000000 ) );
#3986 = DIRECTION( '', ( 1.00000000000000, 0.000000000000000, 0.000000000000000 ) );
#3987 = ORIENTED_EDGE( '', *, *, #6551, .F. );
#3988 = ORIENTED_EDGE( '', *, *, #6552, .F. );
#3989 = ORIENTED_EDGE( '', *, *, #6401, .F. );
#3990 = CARTESIAN_POINT( '', ( -6.05000000000000, 5.90000000000000, 0.400000000000000 ) );
#3991 = DIRECTION( '', ( 0.000000000000000, 0.000000000000000, 1.00000000000000 ) );
#3992 = DIRECTION( '', ( 1.00000000000000, 0.000000000000000, 0.000000000000000 ) );
#3993 = ORIENTED_EDGE( '', *, *, #6553, .T. );
#3994 = ORIENTED_EDGE( '', *, *, #6394, .F. );
#3995 = ORIENTED_EDGE( '', *, *, #6550, .F. );
#3996 = ORIENTED_EDGE( '', *, *, #6327, .F. );
#3997 = CARTESIAN_POINT( '', ( -3.55000000000000, -5.90000000000000, 0.500000000000000 ) );
#3998 = DIRECTION( '', ( -0.000000000000000, -0.000000000000000, -1.00000000000000 ) );
#3999 = DIRECTION( '', ( 1.00000000000000, 0.000000000000000, 0.000000000000000 ) );
#4000 = ORIENTED_EDGE( '', *, *, #6554, .T. );
#4001 = ORIENTED_EDGE( '', *, *, #6242, .F. );
#4002 = ORIENTED_EDGE( '', *, *, #6549, .F. );
#4003 = ORIENTED_EDGE( '', *, *, #6393, .F. );
#4004 = CARTESIAN_POINT( '', ( -3.55000000000000, -4.50000000000000, 0.400000000000000 ) );
#4005 = DIRECTION( '', ( 5.78241158658934E-016, -1.00000000000000, -0.000000000000000 ) );
#4006 = DIRECTION( '', ( -1.00000000000000, -5.78241158658934E-016, 0.000000000000000 ) );
#4007 = ORIENTED_EDGE( '', *, *, #6555, .T. );
#4008 = ORIENTED_EDGE( '', *, *, #6556, .T. );
#4009 = ORIENTED_EDGE( '', *, *, #6553, .F. );
#4010 = ORIENTED_EDGE( '', *, *, #6326, .T. );
#4011 = ORIENTED_EDGE( '', *, *, #6557, .T. );
#4012 = ORIENTED_EDGE( '', *, *, #6243, .F. );
#4013 = ORIENTED_EDGE( '', *, *, #6554, .F. );
#4014 = ORIENTED_EDGE( '', *, *, #6558, .T. );
#4015 = ORIENTED_EDGE( '', *, *, #6556, .F. );
#4016 = ORIENTED_EDGE( '', *, *, #6559, .F. );
#4017 = ORIENTED_EDGE( '', *, *, #6558, .F. );
#4018 = ORIENTED_EDGE( '', *, *, #6395, .F. );
#4019 = CARTESIAN_POINT( '', ( -3.35000000000000, -5.08370284035119, 0.195958418660715 ) );
#4020 = DIRECTION( '', ( 4.66296559151956E-016, -0.806404995855706, -0.591363663627517 ) );
#4021 = DIRECTION( '', ( 0.000000000000000, -0.591363663627517, 0.806404995855706 ) );
#4022 = ORIENTED_EDGE( '', *, *, #6560, .T. );
#4023 = ORIENTED_EDGE( '', *, *, #6561, .F. );
#4024 = ORIENTED_EDGE( '', *, *, #6555, .F. );
#4025 = ORIENTED_EDGE( '', *, *, #6356, .F. );
#4026 = CARTESIAN_POINT( '', ( 5.95000000000000, -5.90000000000000, -0.650673834918257 ) );
#4027 = DIRECTION( '', ( 1.00000000000000, -0.000000000000000, -0.000000000000000 ) );
#4028 = DIRECTION( '', ( 0.000000000000000, 0.000000000000000, 1.00000000000000 ) );
#4029 = ORIENTED_EDGE( '', *, *, #6562, .T. );
#4030 = ORIENTED_EDGE( '', *, *, #6563, .F. );
#4031 = ORIENTED_EDGE( '', *, *, #6244, .F. );
#4032 = ORIENTED_EDGE( '', *, *, #6557, .F. );
#4033 = ORIENTED_EDGE( '', *, *, #6564, .F. );
#4034 = CARTESIAN_POINT( '', ( 5.95000000000000, -4.46726295238420, 0.400000000000000 ) );
#4035 = DIRECTION( '', ( 1.00000000000000, -0.000000000000000, -0.000000000000000 ) );
#4036 = DIRECTION( '', ( 0.000000000000000, 0.000000000000000, 1.00000000000000 ) );
#4037 = ORIENTED_EDGE( '', *, *, #6565, .T. );
#4038 = ORIENTED_EDGE( '', *, *, #6566, .T. );
#4039 = ORIENTED_EDGE( '', *, *, #6560, .F. );
#4040 = ORIENTED_EDGE( '', *, *, #6355, .T. );
#4041 = ORIENTED_EDGE( '', *, *, #6567, .T. );
#4042 = ORIENTED_EDGE( '', *, *, #6568, .F. );
#4043 = ORIENTED_EDGE( '', *, *, #6562, .F. );
#4044 = ORIENTED_EDGE( '', *, *, #6569, .T. );
#4045 = ORIENTED_EDGE( '', *, *, #6566, .F. );
#4046 = ORIENTED_EDGE( '', *, *, #6570, .F. );
#4047 = ORIENTED_EDGE( '', *, *, #6569, .F. );
#4048 = ORIENTED_EDGE( '', *, *, #6571, .F. );
#4049 = CARTESIAN_POINT( '', ( -1.65000000000000, -6.05913636636275, -0.519359500414432 ) );
#4050 = DIRECTION( '', ( -0.000000000000000, 0.806404995855706, 0.591363663627517 ) );
#4051 = DIRECTION( '', ( 0.000000000000000, 0.591363663627517, -0.806404995855706 ) );
#4052 = ORIENTED_EDGE( '', *, *, #6572, .T. );
#4053 = ORIENTED_EDGE( '', *, *, #6573, .F. );
#4054 = ORIENTED_EDGE( '', *, *, #6565, .F. );
#4055 = ORIENTED_EDGE( '', *, *, #6354, .F. );
#4056 = CARTESIAN_POINT( '', ( -1.45000000000000, -5.90000000000000, -0.600000000000000 ) );
#4057 = DIRECTION( '', ( -0.000000000000000, -0.000000000000000, -1.00000000000000 ) );
#4058 = DIRECTION( '', ( 1.00000000000000, 0.000000000000000, 0.000000000000000 ) );
#4059 = ORIENTED_EDGE( '', *, *, #6574, .T. );
#4060 = ORIENTED_EDGE( '', *, *, #6575, .F. );
#4061 = ORIENTED_EDGE( '', *, *, #6576, .F. );
#4062 = ORIENTED_EDGE( '', *, *, #6567, .F. );
#4063 = ORIENTED_EDGE( '', *, *, #6577, .F. );
#4064 = CARTESIAN_POINT( '', ( -1.45000000000000, -6.00000000000000, 0.400000000000000 ) );
#4065 = DIRECTION( '', ( -0.000000000000000, 1.00000000000000, -0.000000000000000 ) );
#4066 = DIRECTION( '', ( 0.000000000000000, 0.000000000000000, -1.00000000000000 ) );
#4067 = ORIENTED_EDGE( '', *, *, #6572, .F. );
#4068 = ORIENTED_EDGE( '', *, *, #6382, .F. );
#4069 = ORIENTED_EDGE( '', *, *, #6574, .F. );
#4070 = CARTESIAN_POINT( '', ( -1.45000000000000, -5.90000000000000, 0.400000000000000 ) );
#4071 = DIRECTION( '', ( 0.000000000000000, 0.000000000000000, 1.00000000000000 ) );
#4072 = DIRECTION( '', ( 1.00000000000000, 0.000000000000000, 0.000000000000000 ) );
#4073 = ORIENTED_EDGE( '', *, *, #6406, .F. );
#4074 = ORIENTED_EDGE( '', *, *, #6578, .T. );
#4075 = ORIENTED_EDGE( '', *, *, #6579, .T. );
#4076 = CARTESIAN_POINT( '', ( -3.95000000000000, 5.90000000000000, 0.400000000000000 ) );
#4077 = DIRECTION( '', ( 0.000000000000000, 0.000000000000000, 1.00000000000000 ) );
#4078 = DIRECTION( '', ( 1.00000000000000, 0.000000000000000, 0.000000000000000 ) );
#4079 = ORIENTED_EDGE( '', *, *, #6580, .F. );
#4080 = ORIENTED_EDGE( '', *, *, #6581, .F. );
#4081 = ORIENTED_EDGE( '', *, *, #6582, .F. );
#4082 = ORIENTED_EDGE( '', *, *, #6583, .F. );
#4083 = CARTESIAN_POINT( '', ( 6.05000000000000, 5.90000000000000, 0.500000000000000 ) );
#4084 = DIRECTION( '', ( -0.000000000000000, -0.000000000000000, 1.00000000000000 ) );
#4085 = DIRECTION( '', ( -1.00000000000000, 0.000000000000000, 0.000000000000000 ) );
#4086 = ORIENTED_EDGE( '', *, *, #6584, .T. );
#4087 = ORIENTED_EDGE( '', *, *, #6224, .F. );
#4088 = ORIENTED_EDGE( '', *, *, #6579, .F. );
#4089 = ORIENTED_EDGE( '', *, *, #6585, .F. );
#4090 = CARTESIAN_POINT( '', ( -3.95000000000000, -5.65000000000000, 0.400000000000000 ) );
#4091 = DIRECTION( '', ( -0.000000000000000, 1.00000000000000, -0.000000000000000 ) );
#4092 = DIRECTION( '', ( 0.000000000000000, 0.000000000000000, -1.00000000000000 ) );
#4093 = ORIENTED_EDGE( '', *, *, #6586, .T. );
#4094 = ORIENTED_EDGE( '', *, *, #6587, .F. );
#4095 = ORIENTED_EDGE( '', *, *, #6578, .F. );
#4096 = ORIENTED_EDGE( '', *, *, #6588, .F. );
#4097 = CARTESIAN_POINT( '', ( -3.95000000000000, 5.90000000000000, 0.500000000000000 ) );
#4098 = DIRECTION( '', ( -0.000000000000000, -0.000000000000000, -1.00000000000000 ) );
#4099 = DIRECTION( '', ( 1.00000000000000, 0.000000000000000, 0.000000000000000 ) );
#4100 = ORIENTED_EDGE( '', *, *, #6589, .T. );
#4101 = ORIENTED_EDGE( '', *, *, #6225, .F. );
#4102 = ORIENTED_EDGE( '', *, *, #6584, .F. );
#4103 = ORIENTED_EDGE( '', *, *, #6590, .T. );
#4104 = ORIENTED_EDGE( '', *, *, #6591, .T. );
#4105 = ORIENTED_EDGE( '', *, *, #6592, .T. );
#4106 = ORIENTED_EDGE( '', *, *, #6586, .F. );
#4107 = ORIENTED_EDGE( '', *, *, #6593, .T. );
#4108 = ORIENTED_EDGE( '', *, *, #6592, .F. );
#4109 = ORIENTED_EDGE( '', *, *, #6594, .F. );
#4110 = ORIENTED_EDGE( '', *, *, #6590, .F. );
#4111 = ORIENTED_EDGE( '', *, *, #6595, .F. );
#4112 = CARTESIAN_POINT( '', ( -4.15000000000000, 6.05913636636275, -0.519359500414432 ) );
#4113 = DIRECTION( '', ( -0.000000000000000, 0.806404995855706, -0.591363663627517 ) );
#4114 = DIRECTION( '', ( 0.000000000000000, -0.591363663627517, -0.806404995855706 ) );
#4115 = ORIENTED_EDGE( '', *, *, #6596, .T. );
#4116 = ORIENTED_EDGE( '', *, *, #6226, .F. );
#4117 = ORIENTED_EDGE( '', *, *, #6589, .F. );
#4118 = ORIENTED_EDGE( '', *, *, #6597, .F. );
#4119 = CARTESIAN_POINT( '', ( -3.45951294954821E-016, 4.46726295238419, 0.400000000000000 ) );
#4120 = DIRECTION( '', ( -1.00000000000000, -0.000000000000000, -0.000000000000000 ) );
#4121 = DIRECTION( '', ( 0.000000000000000, 0.000000000000000, -1.00000000000000 ) );
#4122 = ORIENTED_EDGE( '', *, *, #6405, .T. );
#4123 = ORIENTED_EDGE( '', *, *, #6598, .T. );
#4124 = ORIENTED_EDGE( '', *, *, #6599, .F. );
#4125 = ORIENTED_EDGE( '', *, *, #6600, .T. );
#4126 = ORIENTED_EDGE( '', *, *, #6601, .F. );
#4127 = ORIENTED_EDGE( '', *, *, #6602, .T. );
#4128 = ORIENTED_EDGE( '', *, *, #6410, .T. );
#4129 = ORIENTED_EDGE( '', *, *, #6603, .T. );
#4130 = ORIENTED_EDGE( '', *, *, #6604, .F. );
#4131 = ORIENTED_EDGE( '', *, *, #6605, .T. );
#4132 = ORIENTED_EDGE( '', *, *, #6606, .F. );
#4133 = ORIENTED_EDGE( '', *, *, #6607, .T. );
#4134 = ORIENTED_EDGE( '', *, *, #6407, .T. );
#4135 = ORIENTED_EDGE( '', *, *, #6608, .T. );
#4136 = ORIENTED_EDGE( '', *, *, #6609, .F. );
#4137 = ORIENTED_EDGE( '', *, *, #6610, .T. );
#4138 = ORIENTED_EDGE( '', *, *, #6611, .F. );
#4139 = ORIENTED_EDGE( '', *, *, #6612, .T. );
#4140 = ORIENTED_EDGE( '', *, *, #6413, .T. );
#4141 = ORIENTED_EDGE( '', *, *, #6613, .T. );
#4142 = ORIENTED_EDGE( '', *, *, #6614, .F. );
#4143 = ORIENTED_EDGE( '', *, *, #6615, .T. );
#4144 = ORIENTED_EDGE( '', *, *, #6616, .F. );
#4145 = ORIENTED_EDGE( '', *, *, #6581, .T. );
#4146 = ORIENTED_EDGE( '', *, *, #6617, .T. );
#4147 = ORIENTED_EDGE( '', *, *, #6392, .T. );
#4148 = ORIENTED_EDGE( '', *, *, #6618, .T. );
#4149 = ORIENTED_EDGE( '', *, *, #6420, .T. );
#4150 = ORIENTED_EDGE( '', *, *, #6402, .T. );
#4151 = ORIENTED_EDGE( '', *, *, #6619, .T. );
#4152 = ORIENTED_EDGE( '', *, *, #6620, .F. );
#4153 = ORIENTED_EDGE( '', *, *, #6621, .T. );
#4154 = ORIENTED_EDGE( '', *, *, #6593, .F. );
#4155 = ORIENTED_EDGE( '', *, *, #6588, .T. );
#4156 = ORIENTED_EDGE( '', *, *, #6622, .T. );
#4157 = ORIENTED_EDGE( '', *, *, #6623, .T. );
#4158 = ORIENTED_EDGE( '', *, *, #6624, .T. );
#4159 = ORIENTED_EDGE( '', *, *, #6625, .T. );
#4160 = ORIENTED_EDGE( '', *, *, #6626, .T. );
#4161 = ORIENTED_EDGE( '', *, *, #6627, .T. );
#4162 = ORIENTED_EDGE( '', *, *, #6628, .T. );
#4163 = ORIENTED_EDGE( '', *, *, #6629, .T. );
#4164 = ORIENTED_EDGE( '', *, *, #6630, .T. );
#4165 = ORIENTED_EDGE( '', *, *, #6631, .T. );
#4166 = ORIENTED_EDGE( '', *, *, #6632, .T. );
#4167 = ORIENTED_EDGE( '', *, *, #6633, .T. );
#4168 = ORIENTED_EDGE( '', *, *, #6634, .F. );
#4169 = ORIENTED_EDGE( '', *, *, #6635, .F. );
#4170 = ORIENTED_EDGE( '', *, *, #6636, .F. );
#4171 = ORIENTED_EDGE( '', *, *, #6637, .F. );
#4172 = ORIENTED_EDGE( '', *, *, #6638, .F. );
#4173 = ORIENTED_EDGE( '', *, *, #6639, .F. );
#4174 = ORIENTED_EDGE( '', *, *, #6640, .F. );
#4175 = ORIENTED_EDGE( '', *, *, #6641, .F. );
#4176 = ORIENTED_EDGE( '', *, *, #6642, .F. );
#4177 = ORIENTED_EDGE( '', *, *, #6643, .F. );
#4178 = ORIENTED_EDGE( '', *, *, #6644, .F. );
#4179 = ORIENTED_EDGE( '', *, *, #6645, .F. );
#4180 = CARTESIAN_POINT( '', ( 8.15000000000000, 6.00000000000000, 0.500000000000000 ) );
#4181 = DIRECTION( '', ( 0.000000000000000, 1.00000000000000, 0.000000000000000 ) );
#4182 = DIRECTION( '', ( 0.000000000000000, 0.000000000000000, 1.00000000000000 ) );
#4183 = ORIENTED_EDGE( '', *, *, #6618, .F. );
#4184 = ORIENTED_EDGE( '', *, *, #6391, .T. );
#4185 = ORIENTED_EDGE( '', *, *, #6646, .T. );
#4186 = ORIENTED_EDGE( '', *, *, #6647, .T. );
#4187 = ORIENTED_EDGE( '', *, *, #6648, .F. );
#4188 = ORIENTED_EDGE( '', *, *, #6418, .T. );
#4189 = CARTESIAN_POINT( '', ( 8.15000000000000, 6.00000000000000, -1.95000000000000 ) );
#4190 = DIRECTION( '', ( 0.000000000000000, 0.000000000000000, -1.00000000000000 ) );
#4191 = DIRECTION( '', ( -1.00000000000000, 0.000000000000000, 0.000000000000000 ) );
#4192 = ORIENTED_EDGE( '', *, *, #6248, .F. );
#4193 = ORIENTED_EDGE( '', *, *, #6292, .T. );
#4194 = CARTESIAN_POINT( '', ( -1.77567921304245E-016, -2.90000000000000, 2.50000000000000 ) );
#4195 = DIRECTION( '', ( 0.000000000000000, 0.000000000000000, -1.00000000000000 ) );
#4196 = DIRECTION( '', ( -1.00000000000000, 0.000000000000000, 0.000000000000000 ) );
#4197 = ORIENTED_EDGE( '', *, *, #6649, .T. );
#4198 = ORIENTED_EDGE( '', *, *, #6650, .T. );
#4199 = ORIENTED_EDGE( '', *, *, #6651, .F. );
#4200 = ORIENTED_EDGE( '', *, *, #6620, .T. );
#4201 = ORIENTED_EDGE( '', *, *, #6652, .T. );
#4202 = ORIENTED_EDGE( '', *, *, #6614, .T. );
#4203 = ORIENTED_EDGE( '', *, *, #6653, .F. );
#4204 = ORIENTED_EDGE( '', *, *, #6654, .F. );
#4205 = ORIENTED_EDGE( '', *, *, #6582, .T. );
#4206 = ORIENTED_EDGE( '', *, *, #6616, .T. );
#4207 = ORIENTED_EDGE( '', *, *, #6655, .F. );
#4208 = ORIENTED_EDGE( '', *, *, #6656, .F. );
#4209 = ORIENTED_EDGE( '', *, *, #6657, .T. );
#4210 = ORIENTED_EDGE( '', *, *, #6609, .T. );
#4211 = ORIENTED_EDGE( '', *, *, #6658, .F. );
#4212 = ORIENTED_EDGE( '', *, *, #6659, .F. );
#4213 = ORIENTED_EDGE( '', *, *, #6660, .T. );
#4214 = ORIENTED_EDGE( '', *, *, #6611, .T. );
#4215 = ORIENTED_EDGE( '', *, *, #6661, .F. );
#4216 = ORIENTED_EDGE( '', *, *, #6662, .F. );
#4217 = ORIENTED_EDGE( '', *, *, #6663, .T. );
#4218 = ORIENTED_EDGE( '', *, *, #6664, .T. );
#4219 = ORIENTED_EDGE( '', *, *, #6665, .F. );
#4220 = ORIENTED_EDGE( '', *, *, #6606, .T. );
#4221 = ORIENTED_EDGE( '', *, *, #6666, .T. );
#4222 = ORIENTED_EDGE( '', *, *, #6667, .T. );
#4223 = ORIENTED_EDGE( '', *, *, #6668, .F. );
#4224 = ORIENTED_EDGE( '', *, *, #6604, .T. );
#4225 = ORIENTED_EDGE( '', *, *, #6669, .T. );
#4226 = ORIENTED_EDGE( '', *, *, #6599, .T. );
#4227 = ORIENTED_EDGE( '', *, *, #6670, .F. );
#4228 = ORIENTED_EDGE( '', *, *, #6671, .T. );
#4229 = ORIENTED_EDGE( '', *, *, #6672, .T. );
#4230 = ORIENTED_EDGE( '', *, *, #6673, .F. );
#4231 = ORIENTED_EDGE( '', *, *, #6674, .F. );
#4232 = ORIENTED_EDGE( '', *, *, #6222, .F. );
#4233 = CARTESIAN_POINT( '', ( -3.55000000000000, -5.65000000000000, 0.400000000000000 ) );
#4234 = DIRECTION( '', ( -2.89120579329467E-016, -1.00000000000000, -0.000000000000000 ) );
#4235 = DIRECTION( '', ( -1.00000000000000, 2.89120579329467E-016, 0.000000000000000 ) );
#4236 = ORIENTED_EDGE( '', *, *, #6217, .T. );
#4237 = ORIENTED_EDGE( '', *, *, #6675, .T. );
#4238 = ORIENTED_EDGE( '', *, *, #6672, .F. );
#4239 = ORIENTED_EDGE( '', *, *, #6221, .F. );
#4240 = ORIENTED_EDGE( '', *, *, #6675, .F. );
#4241 = ORIENTED_EDGE( '', *, *, #6676, .F. );
#4242 = ORIENTED_EDGE( '', *, *, #6671, .F. );
#4243 = ORIENTED_EDGE( '', *, *, #6677, .F. );
#4244 = CARTESIAN_POINT( '', ( -3.35000000000000, 5.08370284035119, 0.195958418660715 ) );
#4245 = DIRECTION( '', ( -2.33148279575978E-016, -0.806404995855706, 0.591363663627517 ) );
#4246 = DIRECTION( '', ( 0.000000000000000, 0.591363663627517, 0.806404995855706 ) );
#4247 = ORIENTED_EDGE( '', *, *, #6678, .T. );
#4248 = ORIENTED_EDGE( '', *, *, #6600, .F. );
#4249 = ORIENTED_EDGE( '', *, *, #6669, .F. );
#4250 = ORIENTED_EDGE( '', *, *, #6679, .F. );
#4251 = CARTESIAN_POINT( '', ( 8.15000000000000, 5.90000000000000, -0.650673834918257 ) );
#4252 = DIRECTION( '', ( 1.00000000000000, -0.000000000000000, -0.000000000000000 ) );
#4253 = DIRECTION( '', ( 0.000000000000000, 0.000000000000000, 1.00000000000000 ) );
#4254 = ORIENTED_EDGE( '', *, *, #6680, .T. );
#4255 = ORIENTED_EDGE( '', *, *, #6601, .T. );
#4256 = ORIENTED_EDGE( '', *, *, #6678, .F. );
#4257 = ORIENTED_EDGE( '', *, *, #6681, .T. );
#4258 = ORIENTED_EDGE( '', *, *, #6682, .T. );
#4259 = ORIENTED_EDGE( '', *, *, #6683, .T. );
#4260 = ORIENTED_EDGE( '', *, *, #6215, .F. );
#4261 = ORIENTED_EDGE( '', *, *, #6246, .F. );
#4262 = ORIENTED_EDGE( '', *, *, #6683, .F. );
#4263 = ORIENTED_EDGE( '', *, *, #6684, .F. );
#4264 = ORIENTED_EDGE( '', *, *, #6681, .F. );
#4265 = ORIENTED_EDGE( '', *, *, #6685, .F. );
#4266 = CARTESIAN_POINT( '', ( -1.65000000000000, 6.05913636636275, -0.519359500414432 ) );
#4267 = DIRECTION( '', ( -0.000000000000000, 0.806404995855706, -0.591363663627517 ) );
#4268 = DIRECTION( '', ( 0.000000000000000, -0.591363663627517, -0.806404995855706 ) );
#4269 = ORIENTED_EDGE( '', *, *, #6212, .T. );
#4270 = ORIENTED_EDGE( '', *, *, #6602, .F. );
#4271 = ORIENTED_EDGE( '', *, *, #6680, .F. );
#4272 = ORIENTED_EDGE( '', *, *, #6686, .F. );
#4273 = CARTESIAN_POINT( '', ( -1.45000000000000, 5.90000000000000, 0.500000000000000 ) );
#4274 = DIRECTION( '', ( -0.000000000000000, -0.000000000000000, -1.00000000000000 ) );
#4275 = DIRECTION( '', ( 1.00000000000000, 0.000000000000000, 0.000000000000000 ) );
#4276 = ORIENTED_EDGE( '', *, *, #6213, .T. );
#4277 = ORIENTED_EDGE( '', *, *, #6687, .F. );
#4278 = ORIENTED_EDGE( '', *, *, #6682, .F. );
#4279 = ORIENTED_EDGE( '', *, *, #6245, .T. );
#4280 = ORIENTED_EDGE( '', *, *, #6688, .F. );
#4281 = CARTESIAN_POINT( '', ( -1.45000000000000, -5.65000000000000, 0.400000000000000 ) );
#4282 = DIRECTION( '', ( -0.000000000000000, 1.00000000000000, -0.000000000000000 ) );
#4283 = DIRECTION( '', ( 0.000000000000000, 0.000000000000000, -1.00000000000000 ) );
#4284 = ORIENTED_EDGE( '', *, *, #6408, .F. );
#4285 = ORIENTED_EDGE( '', *, *, #6689, .T. );
#4286 = ORIENTED_EDGE( '', *, *, #6690, .T. );
#4287 = CARTESIAN_POINT( '', ( 1.05000000000000, 5.90000000000000, 0.400000000000000 ) );
#4288 = DIRECTION( '', ( 0.000000000000000, 0.000000000000000, 1.00000000000000 ) );
#4289 = DIRECTION( '', ( 1.00000000000000, 0.000000000000000, 0.000000000000000 ) );
#4290 = ORIENTED_EDGE( '', *, *, #6253, .T. );
#4291 = ORIENTED_EDGE( '', *, *, #6691, .T. );
#4292 = ORIENTED_EDGE( '', *, *, #6411, .T. );
#4293 = ORIENTED_EDGE( '', *, *, #6688, .T. );
#4294 = CARTESIAN_POINT( '', ( -3.45951294954821E-016, -5.65000000000000, 0.500000000000000 ) );
#4295 = DIRECTION( '', ( 0.000000000000000, 0.000000000000000, 1.00000000000000 ) );
#4296 = DIRECTION( '', ( 1.00000000000000, 0.000000000000000, 0.000000000000000 ) );
#4297 = ORIENTED_EDGE( '', *, *, #6257, .T. );
#4298 = ORIENTED_EDGE( '', *, *, #6519, .T. );
#4299 = ORIENTED_EDGE( '', *, *, #6692, .T. );
#4300 = ORIENTED_EDGE( '', *, *, #6693, .T. );
#4301 = CARTESIAN_POINT( '', ( -3.45951294954821E-016, -5.65000000000000, 0.500000000000000 ) );
#4302 = DIRECTION( '', ( 0.000000000000000, 0.000000000000000, 1.00000000000000 ) );
#4303 = DIRECTION( '', ( 1.00000000000000, 0.000000000000000, 0.000000000000000 ) );
#4304 = ORIENTED_EDGE( '', *, *, #6694, .T. );
#4305 = ORIENTED_EDGE( '', *, *, #6695, .T. );
#4306 = ORIENTED_EDGE( '', *, *, #6696, .T. );
#4307 = CARTESIAN_POINT( '', ( 0.950000000000000, 6.00000000000000, -0.600000000000000 ) );
#4308 = DIRECTION( '', ( -1.00000000000000, -5.78241158658934E-016, 0.000000000000000 ) );
#4309 = DIRECTION( '', ( 5.78241158658934E-016, -1.00000000000000, 0.000000000000000 ) );
#4310 = ORIENTED_EDGE( '', *, *, #6697, .T. );
#4311 = ORIENTED_EDGE( '', *, *, #6698, .T. );
#4312 = ORIENTED_EDGE( '', *, *, #6699, .T. );
#4313 = CARTESIAN_POINT( '', ( 3.45000000000000, 4.50000000000000, -0.600000000000000 ) );
#4314 = DIRECTION( '', ( 1.00000000000000, 2.89120579329467E-016, 0.000000000000000 ) );
#4315 = DIRECTION( '', ( -2.89120579329467E-016, 1.00000000000000, 0.000000000000000 ) );
#4316 = ORIENTED_EDGE( '', *, *, #6255, .T. );
#4317 = ORIENTED_EDGE( '', *, *, #6575, .T. );
#4318 = ORIENTED_EDGE( '', *, *, #6381, .T. );
#4319 = ORIENTED_EDGE( '', *, *, #6539, .T. );
#4320 = CARTESIAN_POINT( '', ( -3.45951294954821E-016, -5.65000000000000, 0.500000000000000 ) );
#4321 = DIRECTION( '', ( 0.000000000000000, 0.000000000000000, 1.00000000000000 ) );
#4322 = DIRECTION( '', ( 1.00000000000000, 0.000000000000000, 0.000000000000000 ) );
#4323 = ORIENTED_EDGE( '', *, *, #6700, .T. );
#4324 = ORIENTED_EDGE( '', *, *, #6701, .T. );
#4325 = ORIENTED_EDGE( '', *, *, #6702, .T. );
#4326 = CARTESIAN_POINT( '', ( 1.55000000000000, 6.00000000000000, -0.600000000000000 ) );
#4327 = DIRECTION( '', ( -1.00000000000000, 2.89120579329467E-016, 0.000000000000000 ) );
#4328 = DIRECTION( '', ( -2.89120579329467E-016, -1.00000000000000, 0.000000000000000 ) );
#4329 = ORIENTED_EDGE( '', *, *, #6538, .F. );
#4330 = ORIENTED_EDGE( '', *, *, #6535, .T. );
#4331 = ORIENTED_EDGE( '', *, *, #6529, .T. );
#4332 = ORIENTED_EDGE( '', *, *, #6517, .T. );
#4333 = ORIENTED_EDGE( '', *, *, #6520, .T. );
#4334 = ORIENTED_EDGE( '', *, *, #6256, .T. );
#4335 = CARTESIAN_POINT( '', ( 0.000000000000000, 0.000000000000000, 0.500000000000000 ) );
#4336 = DIRECTION( '', ( 0.000000000000000, 0.000000000000000, -1.00000000000000 ) );
#4337 = DIRECTION( '', ( -1.00000000000000, 0.000000000000000, 0.000000000000000 ) );
#4338 = ORIENTED_EDGE( '', *, *, #6576, .T. );
#4339 = ORIENTED_EDGE( '', *, *, #6254, .T. );
#4340 = ORIENTED_EDGE( '', *, *, #6563, .T. );
#4341 = ORIENTED_EDGE( '', *, *, #6568, .T. );
#4342 = CARTESIAN_POINT( '', ( 0.000000000000000, 0.000000000000000, 0.500000000000000 ) );
#4343 = DIRECTION( '', ( 0.000000000000000, 0.000000000000000, -1.00000000000000 ) );
#4344 = DIRECTION( '', ( -1.00000000000000, 0.000000000000000, 0.000000000000000 ) );
#4345 = ORIENTED_EDGE( '', *, *, #6264, .F. );
#4346 = ORIENTED_EDGE( '', *, *, #6299, .T. );
#4347 = ORIENTED_EDGE( '', *, *, #6288, .F. );
#4348 = ORIENTED_EDGE( '', *, *, #6306, .T. );
#4349 = CARTESIAN_POINT( '', ( 5.65000000000000, -3.50000000000000, 3.40000000000000 ) );
#4350 = DIRECTION( '', ( 0.000000000000000, -1.23908819712629E-015, -1.00000000000000 ) );
#4351 = DIRECTION( '', ( 0.000000000000000, 1.00000000000000, -1.23908819712629E-015 ) );
#4352 = ORIENTED_EDGE( '', *, *, #6290, .F. );
#4353 = ORIENTED_EDGE( '', *, *, #6300, .T. );
#4354 = ORIENTED_EDGE( '', *, *, #6262, .F. );
#4355 = ORIENTED_EDGE( '', *, *, #6261, .T. );
#4356 = CARTESIAN_POINT( '', ( 5.65000000000000, -3.85000000000000, 3.40000000000000 ) );
#4357 = DIRECTION( '', ( 0.000000000000000, 0.752576694706877, -0.658504607868519 ) );
#4358 = DIRECTION( '', ( 0.000000000000000, 0.658504607868519, 0.752576694706877 ) );
#4359 = ORIENTED_EDGE( '', *, *, #6291, .F. );
#4360 = ORIENTED_EDGE( '', *, *, #6259, .T. );
#4361 = CARTESIAN_POINT( '', ( 0.000000000000000, 0.000000000000000, 3.00000000000000 ) );
#4362 = DIRECTION( '', ( 0.000000000000000, 0.000000000000000, -1.00000000000000 ) );
#4363 = DIRECTION( '', ( -1.00000000000000, 0.000000000000000, 0.000000000000000 ) );
#4364 = ORIENTED_EDGE( '', *, *, #6277, .F. );
#4365 = ORIENTED_EDGE( '', *, *, #6703, .F. );
#4366 = ORIENTED_EDGE( '', *, *, #6275, .F. );
#4367 = ORIENTED_EDGE( '', *, *, #6704, .F. );
#4368 = CARTESIAN_POINT( '', ( 5.65000000000000, 4.26806523398877, 3.15000000000000 ) );
#4369 = DIRECTION( '', ( 1.00000000000000, -0.000000000000000, -0.000000000000000 ) );
#4370 = DIRECTION( '', ( 0.000000000000000, 0.000000000000000, 1.00000000000000 ) );
#4371 = ORIENTED_EDGE( '', *, *, #6274, .T. );
#4372 = ORIENTED_EDGE( '', *, *, #6705, .T. );
#4373 = ORIENTED_EDGE( '', *, *, #6278, .T. );
#4374 = ORIENTED_EDGE( '', *, *, #6704, .T. );
#4375 = CARTESIAN_POINT( '', ( 5.65000000000000, 3.85000000000000, 3.40000000000000 ) );
#4376 = DIRECTION( '', ( 0.000000000000000, 0.752576694706877, 0.658504607868519 ) );
#4377 = DIRECTION( '', ( 0.000000000000000, -0.658504607868519, 0.752576694706877 ) );
#4378 = ORIENTED_EDGE( '', *, *, #6272, .T. );
#4379 = ORIENTED_EDGE( '', *, *, #6706, .T. );
#4380 = ORIENTED_EDGE( '', *, *, #6280, .T. );
#4381 = ORIENTED_EDGE( '', *, *, #6707, .T. );
#4382 = CARTESIAN_POINT( '', ( 5.65000000000000, 3.50000000000000, 3.40000000000000 ) );
#4383 = DIRECTION( '', ( 0.000000000000000, -1.23908819712629E-015, 1.00000000000000 ) );
#4384 = DIRECTION( '', ( 0.000000000000000, -1.00000000000000, -1.23908819712629E-015 ) );
#4385 = ORIENTED_EDGE( '', *, *, #6281, .F. );
#4386 = ORIENTED_EDGE( '', *, *, #6706, .F. );
#4387 = ORIENTED_EDGE( '', *, *, #6271, .F. );
#4388 = ORIENTED_EDGE( '', *, *, #6708, .F. );
#4389 = CARTESIAN_POINT( '', ( 5.65000000000000, 3.65000000000000, 3.25000000000000 ) );
#4390 = DIRECTION( '', ( 1.00000000000000, -0.000000000000000, -0.000000000000000 ) );
#4391 = DIRECTION( '', ( 0.000000000000000, 0.000000000000000, 1.00000000000000 ) );
#4392 = ORIENTED_EDGE( '', *, *, #6266, .F. );
#4393 = ORIENTED_EDGE( '', *, *, #6305, .T. );
#4394 = ORIENTED_EDGE( '', *, *, #6286, .F. );
#4395 = ORIENTED_EDGE( '', *, *, #6709, .T. );
#4396 = CARTESIAN_POINT( '', ( 5.65000000000000, -3.50000000000000, 3.00000000000000 ) );
#4397 = DIRECTION( '', ( 0.000000000000000, -1.00000000000000, 0.000000000000000 ) );
#4398 = DIRECTION( '', ( 0.000000000000000, 0.000000000000000, -1.00000000000000 ) );
#4399 = ORIENTED_EDGE( '', *, *, #6285, .F. );
#4400 = ORIENTED_EDGE( '', *, *, #6710, .F. );
#4401 = ORIENTED_EDGE( '', *, *, #6267, .F. );
#4402 = ORIENTED_EDGE( '', *, *, #6709, .F. );
#4403 = CARTESIAN_POINT( '', ( 5.65000000000000, -3.35000000000000, 3.15000000000000 ) );
#4404 = DIRECTION( '', ( -1.00000000000000, -0.000000000000000, -0.000000000000000 ) );
#4405 = DIRECTION( '', ( 0.000000000000000, 0.000000000000000, -1.00000000000000 ) );
#4406 = ORIENTED_EDGE( '', *, *, #6283, .F. );
#4407 = ORIENTED_EDGE( '', *, *, #6711, .F. );
#4408 = ORIENTED_EDGE( '', *, *, #6269, .F. );
#4409 = ORIENTED_EDGE( '', *, *, #6712, .F. );
#4410 = CARTESIAN_POINT( '', ( 0.000000000000000, 3.35000000000000, 3.15000000000000 ) );
#4411 = DIRECTION( '', ( 1.00000000000000, -0.000000000000000, -0.000000000000000 ) );
#4412 = DIRECTION( '', ( 0.000000000000000, 0.000000000000000, 1.00000000000000 ) );
#4413 = ORIENTED_EDGE( '', *, *, #6279, .F. );
#4414 = ORIENTED_EDGE( '', *, *, #6705, .F. );
#4415 = ORIENTED_EDGE( '', *, *, #6273, .F. );
#4416 = ORIENTED_EDGE( '', *, *, #6707, .F. );
#4417 = CARTESIAN_POINT( '', ( 5.65000000000000, 3.78193476601122, 3.25000000000000 ) );
#4418 = DIRECTION( '', ( 1.00000000000000, -0.000000000000000, -0.000000000000000 ) );
#4419 = DIRECTION( '', ( 0.000000000000000, 0.000000000000000, 1.00000000000000 ) );
#4420 = ORIENTED_EDGE( '', *, *, #6713, .F. );
#4421 = ORIENTED_EDGE( '', *, *, #6714, .F. );
#4422 = ORIENTED_EDGE( '', *, *, #6715, .T. );
#4423 = ORIENTED_EDGE( '', *, *, #6716, .T. );
#4424 = CARTESIAN_POINT( '', ( 6.60000000000000, 7.23093555489897, -2.85000000000084 ) );
#4425 = DIRECTION( '', ( -1.54886024640786E-016, -1.16853672443507E-013, 1.00000000000000 ) );
#4426 = DIRECTION( '', ( 0.000000000000000, -1.00000000000000, -1.16853672443507E-013 ) );
#4427 = ORIENTED_EDGE( '', *, *, #6713, .T. );
#4428 = ORIENTED_EDGE( '', *, *, #6717, .T. );
#4429 = ORIENTED_EDGE( '', *, *, #6718, .T. );
#4430 = ORIENTED_EDGE( '', *, *, #6719, .T. );
#4431 = CARTESIAN_POINT( '', ( 6.25000000000000, 8.39999999999990, -3.02500000000070 ) );
#4432 = DIRECTION( '', ( 0.000000000000000, -1.00000000000000, 0.000000000000000 ) );
#4433 = DIRECTION( '', ( 0.000000000000000, 0.000000000000000, -1.00000000000000 ) );
#4434 = ORIENTED_EDGE( '', *, *, #6720, .T. );
#4435 = ORIENTED_EDGE( '', *, *, #6718, .F. );
#4436 = ORIENTED_EDGE( '', *, *, #6721, .F. );
#4437 = ORIENTED_EDGE( '', *, *, #6722, .T. );
#4438 = CARTESIAN_POINT( '', ( 5.90000000000000, 7.23093555489897, -3.20000000000084 ) );
#4439 = DIRECTION( '', ( 0.000000000000000, 1.16853672443507E-013, -1.00000000000000 ) );
#4440 = DIRECTION( '', ( 0.000000000000000, 1.00000000000000, 1.16853672443507E-013 ) );
#4441 = ORIENTED_EDGE( '', *, *, #6723, .T. );
#4442 = ORIENTED_EDGE( '', *, *, #6724, .T. );
#4443 = ORIENTED_EDGE( '', *, *, #6725, .T. );
#4444 = ORIENTED_EDGE( '', *, *, #6726, .T. );
#4445 = CARTESIAN_POINT( '', ( 3.75000000000000, 8.39999999999990, -3.02500000000070 ) );
#4446 = DIRECTION( '', ( 0.000000000000000, 1.00000000000000, 0.000000000000000 ) );
#4447 = DIRECTION( '', ( 0.000000000000000, 0.000000000000000, 1.00000000000000 ) );
#4448 = ORIENTED_EDGE( '', *, *, #6727, .T. );
#4449 = ORIENTED_EDGE( '', *, *, #6728, .T. );
#4450 = ORIENTED_EDGE( '', *, *, #6729, .T. );
#4451 = ORIENTED_EDGE( '', *, *, #6721, .T. );
#4452 = ORIENTED_EDGE( '', *, *, #6717, .F. );
#4453 = ORIENTED_EDGE( '', *, *, #6716, .F. );
#4454 = ORIENTED_EDGE( '', *, *, #6730, .F. );
#4455 = ORIENTED_EDGE( '', *, *, #6731, .F. );
#4456 = ORIENTED_EDGE( '', *, *, #6732, .F. );
#4457 = ORIENTED_EDGE( '', *, *, #6642, .T. );
#4458 = CARTESIAN_POINT( '', ( 6.60000000000000, 6.00000000000000, -1.07500000000000 ) );
#4459 = DIRECTION( '', ( 1.00000000000000, 6.12303176911189E-017, 0.000000000000000 ) );
#4460 = DIRECTION( '', ( -6.12303176911189E-017, 1.00000000000000, 0.000000000000000 ) );
#4461 = ORIENTED_EDGE( '', *, *, #6723, .F. );
#4462 = ORIENTED_EDGE( '', *, *, #6733, .F. );
#4463 = ORIENTED_EDGE( '', *, *, #6734, .T. );
#4464 = ORIENTED_EDGE( '', *, *, #6735, .T. );
#4465 = CARTESIAN_POINT( '', ( 4.10000000000000, 7.23093555489897, -2.85000000000084 ) );
#4466 = DIRECTION( '', ( -1.54886024640786E-016, -1.16853672443507E-013, 1.00000000000000 ) );
#4467 = DIRECTION( '', ( 0.000000000000000, -1.00000000000000, -1.16853672443507E-013 ) );
#4468 = ORIENTED_EDGE( '', *, *, #6736, .T. );
#4469 = ORIENTED_EDGE( '', *, *, #6737, .F. );
#4470 = ORIENTED_EDGE( '', *, *, #6727, .F. );
#4471 = ORIENTED_EDGE( '', *, *, #6645, .T. );
#4472 = CARTESIAN_POINT( '', ( -3.67381906146713E-016, 6.00000000000000, -1.25000000000000 ) );
#4473 = DIRECTION( '', ( 1.00000000000000, 6.12303176911189E-017, -0.000000000000000 ) );
#4474 = DIRECTION( '', ( 6.12303176911189E-017, -1.00000000000000, 0.000000000000000 ) );
#4475 = ORIENTED_EDGE( '', *, *, #6738, .T. );
#4476 = ORIENTED_EDGE( '', *, *, #6725, .F. );
#4477 = ORIENTED_EDGE( '', *, *, #6739, .F. );
#4478 = ORIENTED_EDGE( '', *, *, #6740, .T. );
#4479 = CARTESIAN_POINT( '', ( 3.40000000000000, 7.23093555489897, -3.20000000000084 ) );
#4480 = DIRECTION( '', ( 0.000000000000000, 1.16853672443507E-013, -1.00000000000000 ) );
#4481 = DIRECTION( '', ( 0.000000000000000, 1.00000000000000, 1.16853672443507E-013 ) );
#4482 = ORIENTED_EDGE( '', *, *, #6741, .T. );
#4483 = ORIENTED_EDGE( '', *, *, #6742, .T. );
#4484 = ORIENTED_EDGE( '', *, *, #6743, .T. );
#4485 = ORIENTED_EDGE( '', *, *, #6744, .T. );
#4486 = CARTESIAN_POINT( '', ( 1.25000000000000, 8.39999999999990, -3.02500000000070 ) );
#4487 = DIRECTION( '', ( 0.000000000000000, -1.00000000000000, 0.000000000000000 ) );
#4488 = DIRECTION( '', ( 0.000000000000000, 0.000000000000000, -1.00000000000000 ) );
#4489 = ORIENTED_EDGE( '', *, *, #6745, .T. );
#4490 = ORIENTED_EDGE( '', *, *, #6746, .T. );
#4491 = ORIENTED_EDGE( '', *, *, #6747, .T. );
#4492 = ORIENTED_EDGE( '', *, *, #6739, .T. );
#4493 = ORIENTED_EDGE( '', *, *, #6724, .F. );
#4494 = ORIENTED_EDGE( '', *, *, #6735, .F. );
#4495 = ORIENTED_EDGE( '', *, *, #6748, .F. );
#4496 = ORIENTED_EDGE( '', *, *, #6749, .F. );
#4497 = ORIENTED_EDGE( '', *, *, #6750, .F. );
#4498 = ORIENTED_EDGE( '', *, *, #6638, .T. );
#4499 = CARTESIAN_POINT( '', ( 4.10000000000000, 6.00000000000000, -1.07500000000000 ) );
#4500 = DIRECTION( '', ( 1.00000000000000, 6.12303176911189E-017, 0.000000000000000 ) );
#4501 = DIRECTION( '', ( -6.12303176911189E-017, 1.00000000000000, 0.000000000000000 ) );
#4502 = ORIENTED_EDGE( '', *, *, #6751, .T. );
#4503 = ORIENTED_EDGE( '', *, *, #6752, .F. );
#4504 = ORIENTED_EDGE( '', *, *, #6745, .F. );
#4505 = ORIENTED_EDGE( '', *, *, #6641, .T. );
#4506 = CARTESIAN_POINT( '', ( -3.67381906146713E-016, 6.00000000000000, -1.25000000000000 ) );
#4507 = DIRECTION( '', ( 1.00000000000000, 6.12303176911189E-017, -0.000000000000000 ) );
#4508 = DIRECTION( '', ( 6.12303176911189E-017, -1.00000000000000, 0.000000000000000 ) );
#4509 = ORIENTED_EDGE( '', *, *, #6753, .T. );
#4510 = ORIENTED_EDGE( '', *, *, #6754, .T. );
#4511 = ORIENTED_EDGE( '', *, *, #6755, .T. );
#4512 = ORIENTED_EDGE( '', *, *, #6733, .T. );
#4513 = ORIENTED_EDGE( '', *, *, #6726, .F. );
#4514 = ORIENTED_EDGE( '', *, *, #6738, .F. );
#4515 = ORIENTED_EDGE( '', *, *, #6756, .F. );
#4516 = ORIENTED_EDGE( '', *, *, #6757, .F. );
#4517 = ORIENTED_EDGE( '', *, *, #6751, .F. );
#4518 = ORIENTED_EDGE( '', *, *, #6640, .T. );
#4519 = CARTESIAN_POINT( '', ( 3.40000000000000, 6.00000000000000, -0.725000000000000 ) );
#4520 = DIRECTION( '', ( -1.00000000000000, -6.12303176911189E-017, 0.000000000000000 ) );
#4521 = DIRECTION( '', ( 6.12303176911189E-017, -1.00000000000000, 0.000000000000000 ) );
#4522 = ORIENTED_EDGE( '', *, *, #6757, .T. );
#4523 = ORIENTED_EDGE( '', *, *, #6758, .F. );
#4524 = ORIENTED_EDGE( '', *, *, #6746, .F. );
#4525 = ORIENTED_EDGE( '', *, *, #6752, .T. );
#4526 = CARTESIAN_POINT( '', ( 3.40000000000000, 6.16546777744954, -1.19303145933140 ) );
#4527 = DIRECTION( '', ( 5.78951118907348E-017, -0.945530156854504, -0.325534518106293 ) );
#4528 = DIRECTION( '', ( 0.000000000000000, 0.325534518106293, -0.945530156854504 ) );
#4529 = ORIENTED_EDGE( '', *, *, #6759, .F. );
#4530 = ORIENTED_EDGE( '', *, *, #6754, .F. );
#4531 = ORIENTED_EDGE( '', *, *, #6760, .T. );
#4532 = ORIENTED_EDGE( '', *, *, #6749, .T. );
#4533 = CARTESIAN_POINT( '', ( 4.10000000000000, 6.49640333234861, -1.07909437799420 ) );
#4534 = DIRECTION( '', ( -2.12781136531521E-016, 0.945530156854504, 0.325534518106293 ) );
#4535 = DIRECTION( '', ( 0.000000000000000, -0.325534518106293, 0.945530156854504 ) );
#4536 = ORIENTED_EDGE( '', *, *, #6760, .F. );
#4537 = ORIENTED_EDGE( '', *, *, #6753, .F. );
#4538 = ORIENTED_EDGE( '', *, *, #6639, .T. );
#4539 = ORIENTED_EDGE( '', *, *, #6750, .T. );
#4540 = CARTESIAN_POINT( '', ( -3.67381906146713E-016, 6.00000000000000, -1.25000000000000 ) );
#4541 = DIRECTION( '', ( 1.00000000000000, 6.12303176911189E-017, -0.000000000000000 ) );
#4542 = DIRECTION( '', ( 6.12303176911189E-017, -1.00000000000000, 0.000000000000000 ) );
#4543 = ORIENTED_EDGE( '', *, *, #6756, .T. );
#4544 = ORIENTED_EDGE( '', *, *, #6740, .F. );
#4545 = ORIENTED_EDGE( '', *, *, #6747, .F. );
#4546 = ORIENTED_EDGE( '', *, *, #6758, .T. );
#4547 = CARTESIAN_POINT( '', ( -4.42752481230478E-016, 7.23093555489908, -2.67500000000013 ) );
#4548 = DIRECTION( '', ( -1.00000000000000, -6.12303176911189E-017, -0.000000000000000 ) );
#4549 = DIRECTION( '', ( -6.12303176911189E-017, 1.00000000000000, 0.000000000000000 ) );
#4550 = ORIENTED_EDGE( '', *, *, #6734, .F. );
#4551 = ORIENTED_EDGE( '', *, *, #6755, .F. );
#4552 = ORIENTED_EDGE( '', *, *, #6759, .T. );
#4553 = ORIENTED_EDGE( '', *, *, #6748, .T. );
#4554 = CARTESIAN_POINT( '', ( -4.42752481230478E-016, 7.23093555489908, -2.67500000000013 ) );
#4555 = DIRECTION( '', ( -1.00000000000000, -6.12303176911189E-017, -0.000000000000000 ) );
#4556 = DIRECTION( '', ( -6.12303176911189E-017, 1.00000000000000, 0.000000000000000 ) );
#4557 = ORIENTED_EDGE( '', *, *, #6741, .F. );
#4558 = ORIENTED_EDGE( '', *, *, #6761, .F. );
#4559 = ORIENTED_EDGE( '', *, *, #6762, .T. );
#4560 = ORIENTED_EDGE( '', *, *, #6763, .T. );
#4561 = CARTESIAN_POINT( '', ( 1.60000000000000, 7.23093555489897, -2.85000000000084 ) );
#4562 = DIRECTION( '', ( 0.000000000000000, -1.16853672443507E-013, 1.00000000000000 ) );
#4563 = DIRECTION( '', ( 0.000000000000000, -1.00000000000000, -1.16853672443507E-013 ) );
#4564 = ORIENTED_EDGE( '', *, *, #6764, .T. );
#4565 = ORIENTED_EDGE( '', *, *, #6765, .T. );
#4566 = ORIENTED_EDGE( '', *, *, #6766, .T. );
#4567 = ORIENTED_EDGE( '', *, *, #6767, .T. );
#4568 = ORIENTED_EDGE( '', *, *, #6742, .F. );
#4569 = ORIENTED_EDGE( '', *, *, #6763, .F. );
#4570 = ORIENTED_EDGE( '', *, *, #6768, .F. );
#4571 = ORIENTED_EDGE( '', *, *, #6769, .F. );
#4572 = ORIENTED_EDGE( '', *, *, #6770, .F. );
#4573 = ORIENTED_EDGE( '', *, *, #6634, .T. );
#4574 = CARTESIAN_POINT( '', ( 1.60000000000000, 6.00000000000000, -1.07500000000000 ) );
#4575 = DIRECTION( '', ( 1.00000000000000, 6.12303176911189E-017, 0.000000000000000 ) );
#4576 = DIRECTION( '', ( -6.12303176911189E-017, 1.00000000000000, 0.000000000000000 ) );
#4577 = ORIENTED_EDGE( '', *, *, #6771, .T. );
#4578 = ORIENTED_EDGE( '', *, *, #6772, .F. );
#4579 = ORIENTED_EDGE( '', *, *, #6764, .F. );
#4580 = ORIENTED_EDGE( '', *, *, #6637, .T. );
#4581 = CARTESIAN_POINT( '', ( -3.67381906146713E-016, 6.00000000000000, -1.25000000000000 ) );
#4582 = DIRECTION( '', ( 1.00000000000000, 6.12303176911189E-017, -0.000000000000000 ) );
#4583 = DIRECTION( '', ( 6.12303176911189E-017, -1.00000000000000, 0.000000000000000 ) );
#4584 = ORIENTED_EDGE( '', *, *, #6773, .T. );
#4585 = ORIENTED_EDGE( '', *, *, #6774, .T. );
#4586 = ORIENTED_EDGE( '', *, *, #6775, .T. );
#4587 = ORIENTED_EDGE( '', *, *, #6761, .T. );
#4588 = ORIENTED_EDGE( '', *, *, #6744, .F. );
#4589 = ORIENTED_EDGE( '', *, *, #6776, .F. );
#4590 = ORIENTED_EDGE( '', *, *, #6777, .F. );
#4591 = ORIENTED_EDGE( '', *, *, #6778, .F. );
#4592 = ORIENTED_EDGE( '', *, *, #6771, .F. );
#4593 = ORIENTED_EDGE( '', *, *, #6636, .T. );
#4594 = CARTESIAN_POINT( '', ( 0.900000000000000, 6.00000000000000, -0.725000000000000 ) );
#4595 = DIRECTION( '', ( -1.00000000000000, -6.12303176911189E-017, 0.000000000000000 ) );
#4596 = DIRECTION( '', ( 6.12303176911189E-017, -1.00000000000000, 0.000000000000000 ) );
#4597 = ORIENTED_EDGE( '', *, *, #6778, .T. );
#4598 = ORIENTED_EDGE( '', *, *, #6779, .F. );
#4599 = ORIENTED_EDGE( '', *, *, #6765, .F. );
#4600 = ORIENTED_EDGE( '', *, *, #6772, .T. );
#4601 = CARTESIAN_POINT( '', ( 0.900000000000000, 6.16546777744954, -1.19303145933140 ) );
#4602 = DIRECTION( '', ( 5.78951118907348E-017, -0.945530156854504, -0.325534518106293 ) );
#4603 = DIRECTION( '', ( 0.000000000000000, 0.325534518106293, -0.945530156854504 ) );
#4604 = ORIENTED_EDGE( '', *, *, #6780, .F. );
#4605 = ORIENTED_EDGE( '', *, *, #6774, .F. );
#4606 = ORIENTED_EDGE( '', *, *, #6781, .T. );
#4607 = ORIENTED_EDGE( '', *, *, #6769, .T. );
#4608 = CARTESIAN_POINT( '', ( 1.60000000000000, 6.49640333234861, -1.07909437799420 ) );
#4609 = DIRECTION( '', ( -5.78951118907348E-017, 0.945530156854504, 0.325534518106293 ) );
#4610 = DIRECTION( '', ( 0.000000000000000, -0.325534518106293, 0.945530156854504 ) );
#4611 = ORIENTED_EDGE( '', *, *, #6781, .F. );
#4612 = ORIENTED_EDGE( '', *, *, #6773, .F. );
#4613 = ORIENTED_EDGE( '', *, *, #6635, .T. );
#4614 = ORIENTED_EDGE( '', *, *, #6770, .T. );
#4615 = CARTESIAN_POINT( '', ( -3.67381906146713E-016, 6.00000000000000, -1.25000000000000 ) );
#4616 = DIRECTION( '', ( 1.00000000000000, 6.12303176911189E-017, -0.000000000000000 ) );
#4617 = DIRECTION( '', ( 6.12303176911189E-017, -1.00000000000000, 0.000000000000000 ) );
#4618 = ORIENTED_EDGE( '', *, *, #6777, .T. );
#4619 = ORIENTED_EDGE( '', *, *, #6782, .F. );
#4620 = ORIENTED_EDGE( '', *, *, #6766, .F. );
#4621 = ORIENTED_EDGE( '', *, *, #6779, .T. );
#4622 = CARTESIAN_POINT( '', ( -4.42752481230478E-016, 7.23093555489908, -2.67500000000013 ) );
#4623 = DIRECTION( '', ( -1.00000000000000, -6.12303176911189E-017, -0.000000000000000 ) );
#4624 = DIRECTION( '', ( -6.12303176911189E-017, 1.00000000000000, 0.000000000000000 ) );
#4625 = ORIENTED_EDGE( '', *, *, #6762, .F. );
#4626 = ORIENTED_EDGE( '', *, *, #6775, .F. );
#4627 = ORIENTED_EDGE( '', *, *, #6780, .T. );
#4628 = ORIENTED_EDGE( '', *, *, #6768, .T. );
#4629 = CARTESIAN_POINT( '', ( -4.42752481230478E-016, 7.23093555489908, -2.67500000000013 ) );
#4630 = DIRECTION( '', ( -1.00000000000000, -6.12303176911189E-017, -0.000000000000000 ) );
#4631 = DIRECTION( '', ( -6.12303176911189E-017, 1.00000000000000, 0.000000000000000 ) );
#4632 = ORIENTED_EDGE( '', *, *, #6776, .T. );
#4633 = ORIENTED_EDGE( '', *, *, #6743, .F. );
#4634 = ORIENTED_EDGE( '', *, *, #6767, .F. );
#4635 = ORIENTED_EDGE( '', *, *, #6782, .T. );
#4636 = CARTESIAN_POINT( '', ( 0.900000000000000, 7.23093555489897, -3.20000000000084 ) );
#4637 = DIRECTION( '', ( 0.000000000000000, 1.16853672443507E-013, -1.00000000000000 ) );
#4638 = DIRECTION( '', ( 0.000000000000000, 1.00000000000000, 1.16853672443507E-013 ) );
#4639 = ORIENTED_EDGE( '', *, *, #6783, .F. );
#4640 = ORIENTED_EDGE( '', *, *, #6784, .F. );
#4641 = ORIENTED_EDGE( '', *, *, #6785, .F. );
#4642 = ORIENTED_EDGE( '', *, *, #6786, .F. );
#4643 = CARTESIAN_POINT( '', ( -1.25000000000000, 8.39999999999990, -3.02500000000070 ) );
#4644 = DIRECTION( '', ( 0.000000000000000, -1.00000000000000, 0.000000000000000 ) );
#4645 = DIRECTION( '', ( 0.000000000000000, 0.000000000000000, -1.00000000000000 ) );
#4646 = ORIENTED_EDGE( '', *, *, #6783, .T. );
#4647 = ORIENTED_EDGE( '', *, *, #6787, .F. );
#4648 = ORIENTED_EDGE( '', *, *, #6788, .F. );
#4649 = ORIENTED_EDGE( '', *, *, #6789, .T. );
#4650 = CARTESIAN_POINT( '', ( -1.60000000000000, 7.23093555489897, -2.85000000000084 ) );
#4651 = DIRECTION( '', ( 1.54886024640786E-016, 1.16853672443507E-013, -1.00000000000000 ) );
#4652 = DIRECTION( '', ( 0.000000000000000, 1.00000000000000, 1.16853672443507E-013 ) );
#4653 = ORIENTED_EDGE( '', *, *, #6790, .F. );
#4654 = ORIENTED_EDGE( '', *, *, #6623, .F. );
#4655 = ORIENTED_EDGE( '', *, *, #6791, .T. );
#4656 = ORIENTED_EDGE( '', *, *, #6792, .T. );
#4657 = ORIENTED_EDGE( '', *, *, #6793, .T. );
#4658 = ORIENTED_EDGE( '', *, *, #6787, .T. );
#4659 = ORIENTED_EDGE( '', *, *, #6786, .T. );
#4660 = ORIENTED_EDGE( '', *, *, #6794, .F. );
#4661 = ORIENTED_EDGE( '', *, *, #6795, .F. );
#4662 = ORIENTED_EDGE( '', *, *, #6796, .F. );
#4663 = CARTESIAN_POINT( '', ( -1.60000000000000, 6.00000000000000, -1.07500000000000 ) );
#4664 = DIRECTION( '', ( 1.00000000000000, 6.12303176911189E-017, 0.000000000000000 ) );
#4665 = DIRECTION( '', ( -6.12303176911189E-017, 1.00000000000000, 0.000000000000000 ) );
#4666 = ORIENTED_EDGE( '', *, *, #6797, .F. );
#4667 = ORIENTED_EDGE( '', *, *, #6624, .F. );
#4668 = ORIENTED_EDGE( '', *, *, #6790, .T. );
#4669 = ORIENTED_EDGE( '', *, *, #6798, .T. );
#4670 = CARTESIAN_POINT( '', ( -3.67381906146713E-016, 6.00000000000000, -1.25000000000000 ) );
#4671 = DIRECTION( '', ( 1.00000000000000, 6.12303176911189E-017, -0.000000000000000 ) );
#4672 = DIRECTION( '', ( 6.12303176911189E-017, -1.00000000000000, 0.000000000000000 ) );
#4673 = ORIENTED_EDGE( '', *, *, #6799, .F. );
#4674 = ORIENTED_EDGE( '', *, *, #6625, .F. );
#4675 = ORIENTED_EDGE( '', *, *, #6797, .T. );
#4676 = ORIENTED_EDGE( '', *, *, #6800, .T. );
#4677 = ORIENTED_EDGE( '', *, *, #6801, .T. );
#4678 = ORIENTED_EDGE( '', *, *, #6802, .T. );
#4679 = ORIENTED_EDGE( '', *, *, #6784, .T. );
#4680 = ORIENTED_EDGE( '', *, *, #6789, .F. );
#4681 = ORIENTED_EDGE( '', *, *, #6803, .F. );
#4682 = ORIENTED_EDGE( '', *, *, #6804, .F. );
#4683 = CARTESIAN_POINT( '', ( -0.900000000000000, 6.00000000000000, -0.725000000000000 ) );
#4684 = DIRECTION( '', ( -1.00000000000000, -6.12303176911189E-017, 0.000000000000000 ) );
#4685 = DIRECTION( '', ( 6.12303176911189E-017, -1.00000000000000, 0.000000000000000 ) );
#4686 = ORIENTED_EDGE( '', *, *, #6800, .F. );
#4687 = ORIENTED_EDGE( '', *, *, #6798, .F. );
#4688 = ORIENTED_EDGE( '', *, *, #6796, .T. );
#4689 = ORIENTED_EDGE( '', *, *, #6805, .T. );
#4690 = CARTESIAN_POINT( '', ( -0.900000000000000, 6.16546777744954, -1.19303145933140 ) );
#4691 = DIRECTION( '', ( -5.78951118907348E-017, 0.945530156854504, 0.325534518106293 ) );
#4692 = DIRECTION( '', ( 0.000000000000000, -0.325534518106293, 0.945530156854504 ) );
#4693 = ORIENTED_EDGE( '', *, *, #6806, .T. );
#4694 = ORIENTED_EDGE( '', *, *, #6792, .F. );
#4695 = ORIENTED_EDGE( '', *, *, #6807, .F. );
#4696 = ORIENTED_EDGE( '', *, *, #6804, .T. );
#4697 = CARTESIAN_POINT( '', ( -1.60000000000000, 6.49640333234861, -1.07909437799420 ) );
#4698 = DIRECTION( '', ( 2.12781136531521E-016, -0.945530156854504, -0.325534518106293 ) );
#4699 = DIRECTION( '', ( 0.000000000000000, 0.325534518106293, -0.945530156854504 ) );
#4700 = ORIENTED_EDGE( '', *, *, #6807, .T. );
#4701 = ORIENTED_EDGE( '', *, *, #6791, .F. );
#4702 = ORIENTED_EDGE( '', *, *, #6622, .F. );
#4703 = ORIENTED_EDGE( '', *, *, #6799, .T. );
#4704 = CARTESIAN_POINT( '', ( -3.67381906146713E-016, 6.00000000000000, -1.25000000000000 ) );
#4705 = DIRECTION( '', ( 1.00000000000000, 6.12303176911189E-017, -0.000000000000000 ) );
#4706 = DIRECTION( '', ( 6.12303176911189E-017, -1.00000000000000, 0.000000000000000 ) );
#4707 = ORIENTED_EDGE( '', *, *, #6801, .F. );
#4708 = ORIENTED_EDGE( '', *, *, #6805, .F. );
#4709 = ORIENTED_EDGE( '', *, *, #6795, .T. );
#4710 = ORIENTED_EDGE( '', *, *, #6808, .T. );
#4711 = CARTESIAN_POINT( '', ( -4.42752481230478E-016, 7.23093555489908, -2.67500000000013 ) );
#4712 = DIRECTION( '', ( -1.00000000000000, -6.12303176911189E-017, -0.000000000000000 ) );
#4713 = DIRECTION( '', ( -6.12303176911189E-017, 1.00000000000000, 0.000000000000000 ) );
#4714 = ORIENTED_EDGE( '', *, *, #6788, .T. );
#4715 = ORIENTED_EDGE( '', *, *, #6793, .F. );
#4716 = ORIENTED_EDGE( '', *, *, #6806, .F. );
#4717 = ORIENTED_EDGE( '', *, *, #6803, .T. );
#4718 = CARTESIAN_POINT( '', ( -4.42752481230478E-016, 7.23093555489908, -2.67500000000013 ) );
#4719 = DIRECTION( '', ( -1.00000000000000, -6.12303176911189E-017, -0.000000000000000 ) );
#4720 = DIRECTION( '', ( -6.12303176911189E-017, 1.00000000000000, 0.000000000000000 ) );
#4721 = ORIENTED_EDGE( '', *, *, #6802, .F. );
#4722 = ORIENTED_EDGE( '', *, *, #6808, .F. );
#4723 = ORIENTED_EDGE( '', *, *, #6794, .T. );
#4724 = ORIENTED_EDGE( '', *, *, #6785, .T. );
#4725 = CARTESIAN_POINT( '', ( -0.900000000000000, 7.23093555489897, -3.20000000000084 ) );
#4726 = DIRECTION( '', ( 0.000000000000000, -1.16853672443507E-013, 1.00000000000000 ) );
#4727 = DIRECTION( '', ( 0.000000000000000, -1.00000000000000, -1.16853672443507E-013 ) );
#4728 = ORIENTED_EDGE( '', *, *, #6809, .F. );
#4729 = ORIENTED_EDGE( '', *, *, #6810, .F. );
#4730 = ORIENTED_EDGE( '', *, *, #6811, .F. );
#4731 = ORIENTED_EDGE( '', *, *, #6812, .F. );
#4732 = CARTESIAN_POINT( '', ( -3.75000000000000, 8.39999999999990, -3.02500000000070 ) );
#4733 = DIRECTION( '', ( 0.000000000000000, -1.00000000000000, 0.000000000000000 ) );
#4734 = DIRECTION( '', ( 0.000000000000000, 0.000000000000000, -1.00000000000000 ) );
#4735 = ORIENTED_EDGE( '', *, *, #6809, .T. );
#4736 = ORIENTED_EDGE( '', *, *, #6813, .F. );
#4737 = ORIENTED_EDGE( '', *, *, #6814, .F. );
#4738 = ORIENTED_EDGE( '', *, *, #6815, .T. );
#4739 = CARTESIAN_POINT( '', ( -4.10000000000000, 7.23093555489897, -2.85000000000084 ) );
#4740 = DIRECTION( '', ( -1.54886024640786E-016, 1.16853672443507E-013, -1.00000000000000 ) );
#4741 = DIRECTION( '', ( 0.000000000000000, 1.00000000000000, 1.16853672443507E-013 ) );
#4742 = ORIENTED_EDGE( '', *, *, #6816, .F. );
#4743 = ORIENTED_EDGE( '', *, *, #6631, .F. );
#4744 = ORIENTED_EDGE( '', *, *, #6817, .T. );
#4745 = ORIENTED_EDGE( '', *, *, #6818, .T. );
#4746 = ORIENTED_EDGE( '', *, *, #6819, .T. );
#4747 = ORIENTED_EDGE( '', *, *, #6813, .T. );
#4748 = ORIENTED_EDGE( '', *, *, #6812, .T. );
#4749 = ORIENTED_EDGE( '', *, *, #6820, .F. );
#4750 = ORIENTED_EDGE( '', *, *, #6821, .F. );
#4751 = ORIENTED_EDGE( '', *, *, #6822, .F. );
#4752 = CARTESIAN_POINT( '', ( -4.10000000000000, 6.00000000000000, -1.07500000000000 ) );
#4753 = DIRECTION( '', ( 1.00000000000000, 6.12303176911189E-017, 0.000000000000000 ) );
#4754 = DIRECTION( '', ( -6.12303176911189E-017, 1.00000000000000, 0.000000000000000 ) );
#4755 = ORIENTED_EDGE( '', *, *, #6823, .F. );
#4756 = ORIENTED_EDGE( '', *, *, #6632, .F. );
#4757 = ORIENTED_EDGE( '', *, *, #6816, .T. );
#4758 = ORIENTED_EDGE( '', *, *, #6824, .T. );
#4759 = CARTESIAN_POINT( '', ( -3.67381906146713E-016, 6.00000000000000, -1.25000000000000 ) );
#4760 = DIRECTION( '', ( 1.00000000000000, 6.12303176911189E-017, -0.000000000000000 ) );
#4761 = DIRECTION( '', ( 6.12303176911189E-017, -1.00000000000000, 0.000000000000000 ) );
#4762 = ORIENTED_EDGE( '', *, *, #6825, .F. );
#4763 = ORIENTED_EDGE( '', *, *, #6633, .F. );
#4764 = ORIENTED_EDGE( '', *, *, #6823, .T. );
#4765 = ORIENTED_EDGE( '', *, *, #6826, .T. );
#4766 = ORIENTED_EDGE( '', *, *, #6827, .T. );
#4767 = ORIENTED_EDGE( '', *, *, #6828, .T. );
#4768 = ORIENTED_EDGE( '', *, *, #6810, .T. );
#4769 = ORIENTED_EDGE( '', *, *, #6815, .F. );
#4770 = ORIENTED_EDGE( '', *, *, #6829, .F. );
#4771 = ORIENTED_EDGE( '', *, *, #6830, .F. );
#4772 = CARTESIAN_POINT( '', ( -3.40000000000000, 6.00000000000000, -0.725000000000000 ) );
#4773 = DIRECTION( '', ( -1.00000000000000, -6.12303176911189E-017, 0.000000000000000 ) );
#4774 = DIRECTION( '', ( 6.12303176911189E-017, -1.00000000000000, 0.000000000000000 ) );
#4775 = ORIENTED_EDGE( '', *, *, #6826, .F. );
#4776 = ORIENTED_EDGE( '', *, *, #6824, .F. );
#4777 = ORIENTED_EDGE( '', *, *, #6822, .T. );
#4778 = ORIENTED_EDGE( '', *, *, #6831, .T. );
#4779 = CARTESIAN_POINT( '', ( -3.40000000000000, 6.16546777744954, -1.19303145933140 ) );
#4780 = DIRECTION( '', ( -5.78951118907348E-017, 0.945530156854504, 0.325534518106293 ) );
#4781 = DIRECTION( '', ( 0.000000000000000, -0.325534518106293, 0.945530156854504 ) );
#4782 = ORIENTED_EDGE( '', *, *, #6832, .T. );
#4783 = ORIENTED_EDGE( '', *, *, #6818, .F. );
#4784 = ORIENTED_EDGE( '', *, *, #6833, .F. );
#4785 = ORIENTED_EDGE( '', *, *, #6830, .T. );
#4786 = CARTESIAN_POINT( '', ( -4.10000000000000, 6.49640333234861, -1.07909437799420 ) );
#4787 = DIRECTION( '', ( -9.69909127500517E-017, -0.945530156854504, -0.325534518106293 ) );
#4788 = DIRECTION( '', ( 0.000000000000000, 0.325534518106293, -0.945530156854504 ) );
#4789 = ORIENTED_EDGE( '', *, *, #6833, .T. );
#4790 = ORIENTED_EDGE( '', *, *, #6817, .F. );
#4791 = ORIENTED_EDGE( '', *, *, #6630, .F. );
#4792 = ORIENTED_EDGE( '', *, *, #6825, .T. );
#4793 = CARTESIAN_POINT( '', ( -3.67381906146713E-016, 6.00000000000000, -1.25000000000000 ) );
#4794 = DIRECTION( '', ( 1.00000000000000, 6.12303176911189E-017, -0.000000000000000 ) );
#4795 = DIRECTION( '', ( 6.12303176911189E-017, -1.00000000000000, 0.000000000000000 ) );
#4796 = ORIENTED_EDGE( '', *, *, #6827, .F. );
#4797 = ORIENTED_EDGE( '', *, *, #6831, .F. );
#4798 = ORIENTED_EDGE( '', *, *, #6821, .T. );
#4799 = ORIENTED_EDGE( '', *, *, #6834, .T. );
#4800 = CARTESIAN_POINT( '', ( -4.42752481230478E-016, 7.23093555489908, -2.67500000000013 ) );
#4801 = DIRECTION( '', ( -1.00000000000000, -6.12303176911189E-017, -0.000000000000000 ) );
#4802 = DIRECTION( '', ( -6.12303176911189E-017, 1.00000000000000, 0.000000000000000 ) );
#4803 = ORIENTED_EDGE( '', *, *, #6814, .T. );
#4804 = ORIENTED_EDGE( '', *, *, #6819, .F. );
#4805 = ORIENTED_EDGE( '', *, *, #6832, .F. );
#4806 = ORIENTED_EDGE( '', *, *, #6829, .T. );
#4807 = CARTESIAN_POINT( '', ( -4.42752481230478E-016, 7.23093555489908, -2.67500000000013 ) );
#4808 = DIRECTION( '', ( -1.00000000000000, -6.12303176911189E-017, -0.000000000000000 ) );
#4809 = DIRECTION( '', ( -6.12303176911189E-017, 1.00000000000000, 0.000000000000000 ) );
#4810 = ORIENTED_EDGE( '', *, *, #6828, .F. );
#4811 = ORIENTED_EDGE( '', *, *, #6834, .F. );
#4812 = ORIENTED_EDGE( '', *, *, #6820, .T. );
#4813 = ORIENTED_EDGE( '', *, *, #6811, .T. );
#4814 = CARTESIAN_POINT( '', ( -3.40000000000000, 7.23093555489897, -3.20000000000084 ) );
#4815 = DIRECTION( '', ( 0.000000000000000, -1.16853672443507E-013, 1.00000000000000 ) );
#4816 = DIRECTION( '', ( 0.000000000000000, -1.00000000000000, -1.16853672443507E-013 ) );
#4817 = ORIENTED_EDGE( '', *, *, #6835, .F. );
#4818 = ORIENTED_EDGE( '', *, *, #6836, .F. );
#4819 = ORIENTED_EDGE( '', *, *, #6837, .F. );
#4820 = ORIENTED_EDGE( '', *, *, #6838, .F. );
#4821 = CARTESIAN_POINT( '', ( -6.25000000000000, 8.39999999999990, -3.02500000000070 ) );
#4822 = DIRECTION( '', ( 0.000000000000000, 1.00000000000000, 0.000000000000000 ) );
#4823 = DIRECTION( '', ( 0.000000000000000, 0.000000000000000, 1.00000000000000 ) );
#4824 = ORIENTED_EDGE( '', *, *, #6835, .T. );
#4825 = ORIENTED_EDGE( '', *, *, #6839, .F. );
#4826 = ORIENTED_EDGE( '', *, *, #6840, .F. );
#4827 = ORIENTED_EDGE( '', *, *, #6841, .T. );
#4828 = CARTESIAN_POINT( '', ( -6.60000000000000, 7.23093555489897, -2.85000000000084 ) );
#4829 = DIRECTION( '', ( -1.54886024640786E-016, 1.16853672443507E-013, -1.00000000000000 ) );
#4830 = DIRECTION( '', ( 0.000000000000000, 1.00000000000000, 1.16853672443507E-013 ) );
#4831 = ORIENTED_EDGE( '', *, *, #6842, .F. );
#4832 = ORIENTED_EDGE( '', *, *, #6627, .F. );
#4833 = ORIENTED_EDGE( '', *, *, #6843, .T. );
#4834 = ORIENTED_EDGE( '', *, *, #6844, .T. );
#4835 = ORIENTED_EDGE( '', *, *, #6845, .T. );
#4836 = ORIENTED_EDGE( '', *, *, #6839, .T. );
#4837 = ORIENTED_EDGE( '', *, *, #6838, .T. );
#4838 = ORIENTED_EDGE( '', *, *, #6846, .F. );
#4839 = ORIENTED_EDGE( '', *, *, #6847, .F. );
#4840 = ORIENTED_EDGE( '', *, *, #6848, .F. );
#4841 = CARTESIAN_POINT( '', ( -6.60000000000000, 6.00000000000000, -1.07500000000000 ) );
#4842 = DIRECTION( '', ( 1.00000000000000, 6.12303176911189E-017, 0.000000000000000 ) );
#4843 = DIRECTION( '', ( -6.12303176911189E-017, 1.00000000000000, 0.000000000000000 ) );
#4844 = ORIENTED_EDGE( '', *, *, #6849, .F. );
#4845 = ORIENTED_EDGE( '', *, *, #6628, .F. );
#4846 = ORIENTED_EDGE( '', *, *, #6842, .T. );
#4847 = ORIENTED_EDGE( '', *, *, #6850, .T. );
#4848 = CARTESIAN_POINT( '', ( -3.67381906146713E-016, 6.00000000000000, -1.25000000000000 ) );
#4849 = DIRECTION( '', ( 1.00000000000000, 6.12303176911189E-017, -0.000000000000000 ) );
#4850 = DIRECTION( '', ( 6.12303176911189E-017, -1.00000000000000, 0.000000000000000 ) );
#4851 = ORIENTED_EDGE( '', *, *, #6851, .F. );
#4852 = ORIENTED_EDGE( '', *, *, #6629, .F. );
#4853 = ORIENTED_EDGE( '', *, *, #6849, .T. );
#4854 = ORIENTED_EDGE( '', *, *, #6852, .T. );
#4855 = ORIENTED_EDGE( '', *, *, #6853, .T. );
#4856 = ORIENTED_EDGE( '', *, *, #6854, .T. );
#4857 = ORIENTED_EDGE( '', *, *, #6836, .T. );
#4858 = ORIENTED_EDGE( '', *, *, #6841, .F. );
#4859 = ORIENTED_EDGE( '', *, *, #6855, .F. );
#4860 = ORIENTED_EDGE( '', *, *, #6856, .F. );
#4861 = CARTESIAN_POINT( '', ( -5.90000000000000, 6.00000000000000, -0.725000000000000 ) );
#4862 = DIRECTION( '', ( -1.00000000000000, -6.12303176911189E-017, 0.000000000000000 ) );
#4863 = DIRECTION( '', ( 6.12303176911189E-017, -1.00000000000000, 0.000000000000000 ) );
#4864 = ORIENTED_EDGE( '', *, *, #6852, .F. );
#4865 = ORIENTED_EDGE( '', *, *, #6850, .F. );
#4866 = ORIENTED_EDGE( '', *, *, #6848, .T. );
#4867 = ORIENTED_EDGE( '', *, *, #6857, .T. );
#4868 = CARTESIAN_POINT( '', ( -5.90000000000000, 6.16546777744954, -1.19303145933140 ) );
#4869 = DIRECTION( '', ( -5.78951118907348E-017, 0.945530156854504, 0.325534518106293 ) );
#4870 = DIRECTION( '', ( 0.000000000000000, -0.325534518106293, 0.945530156854504 ) );
#4871 = ORIENTED_EDGE( '', *, *, #6858, .T. );
#4872 = ORIENTED_EDGE( '', *, *, #6844, .F. );
#4873 = ORIENTED_EDGE( '', *, *, #6859, .F. );
#4874 = ORIENTED_EDGE( '', *, *, #6856, .T. );
#4875 = CARTESIAN_POINT( '', ( -6.60000000000000, 6.49640333234861, -1.07909437799420 ) );
#4876 = DIRECTION( '', ( -9.69909127500517E-017, -0.945530156854504, -0.325534518106293 ) );
#4877 = DIRECTION( '', ( 0.000000000000000, 0.325534518106293, -0.945530156854504 ) );
#4878 = ORIENTED_EDGE( '', *, *, #6859, .T. );
#4879 = ORIENTED_EDGE( '', *, *, #6843, .F. );
#4880 = ORIENTED_EDGE( '', *, *, #6626, .F. );
#4881 = ORIENTED_EDGE( '', *, *, #6851, .T. );
#4882 = CARTESIAN_POINT( '', ( -3.67381906146713E-016, 6.00000000000000, -1.25000000000000 ) );
#4883 = DIRECTION( '', ( 1.00000000000000, 6.12303176911189E-017, -0.000000000000000 ) );
#4884 = DIRECTION( '', ( 6.12303176911189E-017, -1.00000000000000, 0.000000000000000 ) );
#4885 = ORIENTED_EDGE( '', *, *, #6853, .F. );
#4886 = ORIENTED_EDGE( '', *, *, #6857, .F. );
#4887 = ORIENTED_EDGE( '', *, *, #6847, .T. );
#4888 = ORIENTED_EDGE( '', *, *, #6860, .T. );
#4889 = CARTESIAN_POINT( '', ( -4.42752481230478E-016, 7.23093555489908, -2.67500000000013 ) );
#4890 = DIRECTION( '', ( -1.00000000000000, -6.12303176911189E-017, -0.000000000000000 ) );
#4891 = DIRECTION( '', ( -6.12303176911189E-017, 1.00000000000000, 0.000000000000000 ) );
#4892 = ORIENTED_EDGE( '', *, *, #6840, .T. );
#4893 = ORIENTED_EDGE( '', *, *, #6845, .F. );
#4894 = ORIENTED_EDGE( '', *, *, #6858, .F. );
#4895 = ORIENTED_EDGE( '', *, *, #6855, .T. );
#4896 = CARTESIAN_POINT( '', ( -4.42752481230478E-016, 7.23093555489908, -2.67500000000013 ) );
#4897 = DIRECTION( '', ( -1.00000000000000, -6.12303176911189E-017, -0.000000000000000 ) );
#4898 = DIRECTION( '', ( -6.12303176911189E-017, 1.00000000000000, 0.000000000000000 ) );
#4899 = ORIENTED_EDGE( '', *, *, #6854, .F. );
#4900 = ORIENTED_EDGE( '', *, *, #6860, .F. );
#4901 = ORIENTED_EDGE( '', *, *, #6846, .T. );
#4902 = ORIENTED_EDGE( '', *, *, #6837, .T. );
#4903 = CARTESIAN_POINT( '', ( -5.90000000000000, 7.23093555489897, -3.20000000000084 ) );
#4904 = DIRECTION( '', ( 0.000000000000000, -1.16853672443507E-013, 1.00000000000000 ) );
#4905 = DIRECTION( '', ( 0.000000000000000, -1.00000000000000, -1.16853672443507E-013 ) );
#4906 = ORIENTED_EDGE( '', *, *, #6861, .T. );
#4907 = ORIENTED_EDGE( '', *, *, #6862, .T. );
#4908 = ORIENTED_EDGE( '', *, *, #6863, .T. );
#4909 = ORIENTED_EDGE( '', *, *, #6864, .T. );
#4910 = CARTESIAN_POINT( '', ( 6.25000000000000, -8.39999999999990, -3.02500000000070 ) );
#4911 = DIRECTION( '', ( 0.000000000000000, 1.00000000000000, 0.000000000000000 ) );
#4912 = DIRECTION( '', ( 0.000000000000000, 0.000000000000000, 1.00000000000000 ) );
#4913 = ORIENTED_EDGE( '', *, *, #6379, .T. );
#4914 = ORIENTED_EDGE( '', *, *, #6865, .F. );
#4915 = ORIENTED_EDGE( '', *, *, #6866, .F. );
#4916 = ORIENTED_EDGE( '', *, *, #6867, .T. );
#4917 = CARTESIAN_POINT( '', ( -3.67381906146713E-016, -6.00000000000000, -1.25000000000000 ) );
#4918 = DIRECTION( '', ( 1.00000000000000, -6.12303176911189E-017, -0.000000000000000 ) );
#4919 = DIRECTION( '', ( -6.12303176911189E-017, -1.00000000000000, 0.000000000000000 ) );
#4920 = ORIENTED_EDGE( '', *, *, #6868, .F. );
#4921 = ORIENTED_EDGE( '', *, *, #6862, .F. );
#4922 = ORIENTED_EDGE( '', *, *, #6869, .T. );
#4923 = ORIENTED_EDGE( '', *, *, #6870, .T. );
#4924 = ORIENTED_EDGE( '', *, *, #6871, .T. );
#4925 = ORIENTED_EDGE( '', *, *, #6865, .T. );
#4926 = ORIENTED_EDGE( '', *, *, #6378, .T. );
#4927 = ORIENTED_EDGE( '', *, *, #6872, .F. );
#4928 = ORIENTED_EDGE( '', *, *, #6873, .F. );
#4929 = ORIENTED_EDGE( '', *, *, #6874, .F. );
#4930 = CARTESIAN_POINT( '', ( 5.90000000000000, -8.39999999999990, -3.20000000000070 ) );
#4931 = DIRECTION( '', ( 1.00000000000000, -6.12303176911189E-017, 0.000000000000000 ) );
#4932 = DIRECTION( '', ( 6.12303176911189E-017, 1.00000000000000, 0.000000000000000 ) );
#4933 = ORIENTED_EDGE( '', *, *, #6875, .F. );
#4934 = ORIENTED_EDGE( '', *, *, #6863, .F. );
#4935 = ORIENTED_EDGE( '', *, *, #6868, .T. );
#4936 = ORIENTED_EDGE( '', *, *, #6876, .T. );
#4937 = CARTESIAN_POINT( '', ( 6.60000000000000, -8.39999999999990, -3.20000000000070 ) );
#4938 = DIRECTION( '', ( 0.000000000000000, 1.16853672443507E-013, 1.00000000000000 ) );
#4939 = DIRECTION( '', ( 0.000000000000000, -1.00000000000000, 1.16853672443507E-013 ) );
#4940 = ORIENTED_EDGE( '', *, *, #6877, .F. );
#4941 = ORIENTED_EDGE( '', *, *, #6864, .F. );
#4942 = ORIENTED_EDGE( '', *, *, #6875, .T. );
#4943 = ORIENTED_EDGE( '', *, *, #6878, .T. );
#4944 = ORIENTED_EDGE( '', *, *, #6879, .T. );
#4945 = ORIENTED_EDGE( '', *, *, #6880, .T. );
#4946 = ORIENTED_EDGE( '', *, *, #6380, .T. );
#4947 = ORIENTED_EDGE( '', *, *, #6867, .F. );
#4948 = ORIENTED_EDGE( '', *, *, #6881, .F. );
#4949 = ORIENTED_EDGE( '', *, *, #6882, .F. );
#4950 = CARTESIAN_POINT( '', ( 6.60000000000000, -8.39999999999990, -2.85000000000070 ) );
#4951 = DIRECTION( '', ( -1.00000000000000, 6.12303176911189E-017, 0.000000000000000 ) );
#4952 = DIRECTION( '', ( -6.12303176911189E-017, -1.00000000000000, 0.000000000000000 ) );
#4953 = ORIENTED_EDGE( '', *, *, #6878, .F. );
#4954 = ORIENTED_EDGE( '', *, *, #6876, .F. );
#4955 = ORIENTED_EDGE( '', *, *, #6874, .T. );
#4956 = ORIENTED_EDGE( '', *, *, #6883, .T. );
#4957 = CARTESIAN_POINT( '', ( -4.42752481230478E-016, -7.23093555489908, -2.67500000000013 ) );
#4958 = DIRECTION( '', ( -1.00000000000000, 6.12303176911189E-017, -0.000000000000000 ) );
#4959 = DIRECTION( '', ( 6.12303176911189E-017, 1.00000000000000, 0.000000000000000 ) );
#4960 = ORIENTED_EDGE( '', *, *, #6884, .T. );
#4961 = ORIENTED_EDGE( '', *, *, #6870, .F. );
#4962 = ORIENTED_EDGE( '', *, *, #6885, .F. );
#4963 = ORIENTED_EDGE( '', *, *, #6882, .T. );
#4964 = CARTESIAN_POINT( '', ( -4.42752481230478E-016, -7.23093555489908, -2.67500000000013 ) );
#4965 = DIRECTION( '', ( -1.00000000000000, 6.12303176911189E-017, -0.000000000000000 ) );
#4966 = DIRECTION( '', ( 6.12303176911189E-017, 1.00000000000000, 0.000000000000000 ) );
#4967 = ORIENTED_EDGE( '', *, *, #6885, .T. );
#4968 = ORIENTED_EDGE( '', *, *, #6869, .F. );
#4969 = ORIENTED_EDGE( '', *, *, #6861, .F. );
#4970 = ORIENTED_EDGE( '', *, *, #6877, .T. );
#4971 = CARTESIAN_POINT( '', ( 5.90000000000000, -8.39999999999990, -2.85000000000070 ) );
#4972 = DIRECTION( '', ( 1.54886024640786E-016, -1.16853672443507E-013, -1.00000000000000 ) );
#4973 = DIRECTION( '', ( 0.000000000000000, 1.00000000000000, -1.16853672443507E-013 ) );
#4974 = ORIENTED_EDGE( '', *, *, #6879, .F. );
#4975 = ORIENTED_EDGE( '', *, *, #6883, .F. );
#4976 = ORIENTED_EDGE( '', *, *, #6873, .T. );
#4977 = ORIENTED_EDGE( '', *, *, #6886, .T. );
#4978 = CARTESIAN_POINT( '', ( 6.60000000000000, -6.73453222255046, -2.84590562200594 ) );
#4979 = DIRECTION( '', ( -5.78951118907348E-017, -0.945530156854504, 0.325534518106293 ) );
#4980 = DIRECTION( '', ( 0.000000000000000, -0.325534518106293, -0.945530156854504 ) );
#4981 = ORIENTED_EDGE( '', *, *, #6866, .T. );
#4982 = ORIENTED_EDGE( '', *, *, #6871, .F. );
#4983 = ORIENTED_EDGE( '', *, *, #6884, .F. );
#4984 = ORIENTED_EDGE( '', *, *, #6881, .T. );
#4985 = CARTESIAN_POINT( '', ( 5.90000000000000, -7.06546777744954, -2.73196854066874 ) );
#4986 = DIRECTION( '', ( 2.12781136531522E-016, 0.945530156854504, -0.325534518106293 ) );
#4987 = DIRECTION( '', ( 0.000000000000000, 0.325534518106293, 0.945530156854504 ) );
#4988 = ORIENTED_EDGE( '', *, *, #6880, .F. );
#4989 = ORIENTED_EDGE( '', *, *, #6886, .F. );
#4990 = ORIENTED_EDGE( '', *, *, #6872, .T. );
#4991 = ORIENTED_EDGE( '', *, *, #6377, .T. );
#4992 = CARTESIAN_POINT( '', ( -3.67381906146713E-016, -6.00000000000000, -1.25000000000000 ) );
#4993 = DIRECTION( '', ( 1.00000000000000, -6.12303176911189E-017, -0.000000000000000 ) );
#4994 = DIRECTION( '', ( -6.12303176911189E-017, -1.00000000000000, 0.000000000000000 ) );
#4995 = ORIENTED_EDGE( '', *, *, #6887, .T. );
#4996 = ORIENTED_EDGE( '', *, *, #6888, .T. );
#4997 = ORIENTED_EDGE( '', *, *, #6889, .T. );
#4998 = ORIENTED_EDGE( '', *, *, #6890, .T. );
#4999 = CARTESIAN_POINT( '', ( 3.75000000000000, -8.39999999999990, -3.02500000000070 ) );
#5000 = DIRECTION( '', ( 0.000000000000000, 1.00000000000000, 0.000000000000000 ) );
#5001 = DIRECTION( '', ( 0.000000000000000, 0.000000000000000, 1.00000000000000 ) );
#5002 = ORIENTED_EDGE( '', *, *, #6359, .T. );
#5003 = ORIENTED_EDGE( '', *, *, #6891, .F. );
#5004 = ORIENTED_EDGE( '', *, *, #6892, .F. );
#5005 = ORIENTED_EDGE( '', *, *, #6893, .T. );
#5006 = CARTESIAN_POINT( '', ( -3.67381906146713E-016, -6.00000000000000, -1.25000000000000 ) );
#5007 = DIRECTION( '', ( 1.00000000000000, -6.12303176911189E-017, -0.000000000000000 ) );
#5008 = DIRECTION( '', ( -6.12303176911189E-017, -1.00000000000000, 0.000000000000000 ) );
#5009 = ORIENTED_EDGE( '', *, *, #6894, .F. );
#5010 = ORIENTED_EDGE( '', *, *, #6888, .F. );
#5011 = ORIENTED_EDGE( '', *, *, #6895, .T. );
#5012 = ORIENTED_EDGE( '', *, *, #6896, .T. );
#5013 = ORIENTED_EDGE( '', *, *, #6897, .T. );
#5014 = ORIENTED_EDGE( '', *, *, #6891, .T. );
#5015 = ORIENTED_EDGE( '', *, *, #6358, .T. );
#5016 = ORIENTED_EDGE( '', *, *, #6898, .F. );
#5017 = ORIENTED_EDGE( '', *, *, #6899, .F. );
#5018 = ORIENTED_EDGE( '', *, *, #6900, .F. );
#5019 = CARTESIAN_POINT( '', ( 3.40000000000000, -8.39999999999990, -3.20000000000070 ) );
#5020 = DIRECTION( '', ( 1.00000000000000, -6.12303176909741E-017, 1.23908819712629E-015 ) );
#5021 = DIRECTION( '', ( 1.23908819712629E-015, 0.000000000000000, -1.00000000000000 ) );
#5022 = ORIENTED_EDGE( '', *, *, #6901, .F. );
#5023 = ORIENTED_EDGE( '', *, *, #6889, .F. );
#5024 = ORIENTED_EDGE( '', *, *, #6894, .T. );
#5025 = ORIENTED_EDGE( '', *, *, #6902, .T. );
#5026 = CARTESIAN_POINT( '', ( 4.10000000000000, -8.39999999999990, -3.20000000000070 ) );
#5027 = DIRECTION( '', ( 0.000000000000000, 1.16853672443507E-013, 1.00000000000000 ) );
#5028 = DIRECTION( '', ( 0.000000000000000, -1.00000000000000, 1.16853672443507E-013 ) );
#5029 = ORIENTED_EDGE( '', *, *, #6903, .F. );
#5030 = ORIENTED_EDGE( '', *, *, #6890, .F. );
#5031 = ORIENTED_EDGE( '', *, *, #6901, .T. );
#5032 = ORIENTED_EDGE( '', *, *, #6904, .T. );
#5033 = ORIENTED_EDGE( '', *, *, #6905, .T. );
#5034 = ORIENTED_EDGE( '', *, *, #6906, .T. );
#5035 = ORIENTED_EDGE( '', *, *, #6360, .T. );
#5036 = ORIENTED_EDGE( '', *, *, #6893, .F. );
#5037 = ORIENTED_EDGE( '', *, *, #6907, .F. );
#5038 = ORIENTED_EDGE( '', *, *, #6908, .F. );
#5039 = CARTESIAN_POINT( '', ( 4.10000000000000, -8.39999999999990, -2.85000000000070 ) );
#5040 = DIRECTION( '', ( -1.00000000000000, 6.12303176911189E-017, 0.000000000000000 ) );
#5041 = DIRECTION( '', ( -6.12303176911189E-017, -1.00000000000000, 0.000000000000000 ) );
#5042 = ORIENTED_EDGE( '', *, *, #6904, .F. );
#5043 = ORIENTED_EDGE( '', *, *, #6902, .F. );
#5044 = ORIENTED_EDGE( '', *, *, #6900, .T. );
#5045 = ORIENTED_EDGE( '', *, *, #6909, .T. );
#5046 = CARTESIAN_POINT( '', ( -4.42752481230478E-016, -7.23093555489908, -2.67500000000013 ) );
#5047 = DIRECTION( '', ( -1.00000000000000, 6.12303176911189E-017, -0.000000000000000 ) );
#5048 = DIRECTION( '', ( 6.12303176911189E-017, 1.00000000000000, 0.000000000000000 ) );
#5049 = ORIENTED_EDGE( '', *, *, #6910, .T. );
#5050 = ORIENTED_EDGE( '', *, *, #6896, .F. );
#5051 = ORIENTED_EDGE( '', *, *, #6911, .F. );
#5052 = ORIENTED_EDGE( '', *, *, #6908, .T. );
#5053 = CARTESIAN_POINT( '', ( -4.42752481230478E-016, -7.23093555489908, -2.67500000000013 ) );
#5054 = DIRECTION( '', ( -1.00000000000000, 6.12303176911189E-017, -0.000000000000000 ) );
#5055 = DIRECTION( '', ( 6.12303176911189E-017, 1.00000000000000, 0.000000000000000 ) );
#5056 = ORIENTED_EDGE( '', *, *, #6911, .T. );
#5057 = ORIENTED_EDGE( '', *, *, #6895, .F. );
#5058 = ORIENTED_EDGE( '', *, *, #6887, .F. );
#5059 = ORIENTED_EDGE( '', *, *, #6903, .T. );
#5060 = CARTESIAN_POINT( '', ( 3.40000000000000, -8.39999999999990, -2.85000000000070 ) );
#5061 = DIRECTION( '', ( 1.54886024640786E-016, -1.16853672443507E-013, -1.00000000000000 ) );
#5062 = DIRECTION( '', ( 0.000000000000000, 1.00000000000000, -1.16853672443507E-013 ) );
#5063 = ORIENTED_EDGE( '', *, *, #6905, .F. );
#5064 = ORIENTED_EDGE( '', *, *, #6909, .F. );
#5065 = ORIENTED_EDGE( '', *, *, #6899, .T. );
#5066 = ORIENTED_EDGE( '', *, *, #6912, .T. );
#5067 = CARTESIAN_POINT( '', ( 4.10000000000000, -6.73453222255046, -2.84590562200594 ) );
#5068 = DIRECTION( '', ( -5.78951118907348E-017, -0.945530156854504, 0.325534518106293 ) );
#5069 = DIRECTION( '', ( 0.000000000000000, -0.325534518106293, -0.945530156854504 ) );
#5070 = ORIENTED_EDGE( '', *, *, #6892, .T. );
#5071 = ORIENTED_EDGE( '', *, *, #6897, .F. );
#5072 = ORIENTED_EDGE( '', *, *, #6910, .F. );
#5073 = ORIENTED_EDGE( '', *, *, #6907, .T. );
#5074 = CARTESIAN_POINT( '', ( 3.40000000000000, -7.06546777744954, -2.73196854066874 ) );
#5075 = DIRECTION( '', ( 2.12781136531521E-016, 0.945530156854504, -0.325534518106293 ) );
#5076 = DIRECTION( '', ( 0.000000000000000, 0.325534518106293, 0.945530156854504 ) );
#5077 = ORIENTED_EDGE( '', *, *, #6906, .F. );
#5078 = ORIENTED_EDGE( '', *, *, #6912, .F. );
#5079 = ORIENTED_EDGE( '', *, *, #6898, .T. );
#5080 = ORIENTED_EDGE( '', *, *, #6357, .T. );
#5081 = CARTESIAN_POINT( '', ( -3.67381906146713E-016, -6.00000000000000, -1.25000000000000 ) );
#5082 = DIRECTION( '', ( 1.00000000000000, -6.12303176911189E-017, -0.000000000000000 ) );
#5083 = DIRECTION( '', ( -6.12303176911189E-017, -1.00000000000000, 0.000000000000000 ) );
#5084 = ORIENTED_EDGE( '', *, *, #6913, .T. );
#5085 = ORIENTED_EDGE( '', *, *, #6914, .T. );
#5086 = ORIENTED_EDGE( '', *, *, #6915, .T. );
#5087 = ORIENTED_EDGE( '', *, *, #6916, .T. );
#5088 = CARTESIAN_POINT( '', ( 1.25000000000000, -8.39999999999990, -3.02500000000070 ) );
#5089 = DIRECTION( '', ( 0.000000000000000, -1.00000000000000, 0.000000000000000 ) );
#5090 = DIRECTION( '', ( 0.000000000000000, 0.000000000000000, -1.00000000000000 ) );
#5091 = ORIENTED_EDGE( '', *, *, #6375, .T. );
#5092 = ORIENTED_EDGE( '', *, *, #6917, .F. );
#5093 = ORIENTED_EDGE( '', *, *, #6918, .F. );
#5094 = ORIENTED_EDGE( '', *, *, #6919, .T. );
#5095 = CARTESIAN_POINT( '', ( -3.67381906146713E-016, -6.00000000000000, -1.25000000000000 ) );
#5096 = DIRECTION( '', ( 1.00000000000000, -6.12303176911189E-017, -0.000000000000000 ) );
#5097 = DIRECTION( '', ( -6.12303176911189E-017, -1.00000000000000, 0.000000000000000 ) );
#5098 = ORIENTED_EDGE( '', *, *, #6920, .F. );
#5099 = ORIENTED_EDGE( '', *, *, #6914, .F. );
#5100 = ORIENTED_EDGE( '', *, *, #6921, .T. );
#5101 = ORIENTED_EDGE( '', *, *, #6922, .T. );
#5102 = ORIENTED_EDGE( '', *, *, #6923, .T. );
#5103 = ORIENTED_EDGE( '', *, *, #6917, .T. );
#5104 = ORIENTED_EDGE( '', *, *, #6374, .T. );
#5105 = ORIENTED_EDGE( '', *, *, #6924, .F. );
#5106 = ORIENTED_EDGE( '', *, *, #6925, .F. );
#5107 = ORIENTED_EDGE( '', *, *, #6926, .F. );
#5108 = CARTESIAN_POINT( '', ( 0.900000000000000, -8.39999999999990, -3.20000000000070 ) );
#5109 = DIRECTION( '', ( 1.00000000000000, -6.12303176910465E-017, 6.19544098563145E-016 ) );
#5110 = DIRECTION( '', ( 6.19544098563145E-016, 0.000000000000000, -1.00000000000000 ) );
#5111 = ORIENTED_EDGE( '', *, *, #6927, .F. );
#5112 = ORIENTED_EDGE( '', *, *, #6915, .F. );
#5113 = ORIENTED_EDGE( '', *, *, #6920, .T. );
#5114 = ORIENTED_EDGE( '', *, *, #6928, .T. );
#5115 = CARTESIAN_POINT( '', ( 1.60000000000000, -8.39999999999990, -3.20000000000070 ) );
#5116 = DIRECTION( '', ( 0.000000000000000, 1.16853672443507E-013, 1.00000000000000 ) );
#5117 = DIRECTION( '', ( 0.000000000000000, -1.00000000000000, 1.16853672443507E-013 ) );
#5118 = ORIENTED_EDGE( '', *, *, #6929, .F. );
#5119 = ORIENTED_EDGE( '', *, *, #6916, .F. );
#5120 = ORIENTED_EDGE( '', *, *, #6927, .T. );
#5121 = ORIENTED_EDGE( '', *, *, #6930, .T. );
#5122 = ORIENTED_EDGE( '', *, *, #6931, .T. );
#5123 = ORIENTED_EDGE( '', *, *, #6932, .T. );
#5124 = ORIENTED_EDGE( '', *, *, #6376, .T. );
#5125 = ORIENTED_EDGE( '', *, *, #6919, .F. );
#5126 = ORIENTED_EDGE( '', *, *, #6933, .F. );
#5127 = ORIENTED_EDGE( '', *, *, #6934, .F. );
#5128 = CARTESIAN_POINT( '', ( 1.60000000000000, -8.39999999999990, -2.85000000000070 ) );
#5129 = DIRECTION( '', ( -1.00000000000000, 6.12303176913361E-017, 1.85863229568943E-015 ) );
#5130 = DIRECTION( '', ( 1.85863229568943E-015, 0.000000000000000, 1.00000000000000 ) );
#5131 = ORIENTED_EDGE( '', *, *, #6930, .F. );
#5132 = ORIENTED_EDGE( '', *, *, #6928, .F. );
#5133 = ORIENTED_EDGE( '', *, *, #6926, .T. );
#5134 = ORIENTED_EDGE( '', *, *, #6935, .T. );
#5135 = CARTESIAN_POINT( '', ( -4.42752481230478E-016, -7.23093555489908, -2.67500000000013 ) );
#5136 = DIRECTION( '', ( -1.00000000000000, 6.12303176911189E-017, -0.000000000000000 ) );
#5137 = DIRECTION( '', ( 6.12303176911189E-017, 1.00000000000000, 0.000000000000000 ) );
#5138 = ORIENTED_EDGE( '', *, *, #6936, .T. );
#5139 = ORIENTED_EDGE( '', *, *, #6922, .F. );
#5140 = ORIENTED_EDGE( '', *, *, #6937, .F. );
#5141 = ORIENTED_EDGE( '', *, *, #6934, .T. );
#5142 = CARTESIAN_POINT( '', ( -4.42752481230478E-016, -7.23093555489908, -2.67500000000013 ) );
#5143 = DIRECTION( '', ( -1.00000000000000, 6.12303176911189E-017, -0.000000000000000 ) );
#5144 = DIRECTION( '', ( 6.12303176911189E-017, 1.00000000000000, 0.000000000000000 ) );
#5145 = ORIENTED_EDGE( '', *, *, #6937, .T. );
#5146 = ORIENTED_EDGE( '', *, *, #6921, .F. );
#5147 = ORIENTED_EDGE( '', *, *, #6913, .F. );
#5148 = ORIENTED_EDGE( '', *, *, #6929, .T. );
#5149 = CARTESIAN_POINT( '', ( 0.900000000000000, -8.39999999999990, -2.85000000000070 ) );
#5150 = DIRECTION( '', ( 0.000000000000000, -1.16853672443507E-013, -1.00000000000000 ) );
#5151 = DIRECTION( '', ( 0.000000000000000, 1.00000000000000, -1.16853672443507E-013 ) );
#5152 = ORIENTED_EDGE( '', *, *, #6931, .F. );
#5153 = ORIENTED_EDGE( '', *, *, #6935, .F. );
#5154 = ORIENTED_EDGE( '', *, *, #6925, .T. );
#5155 = ORIENTED_EDGE( '', *, *, #6938, .T. );
#5156 = CARTESIAN_POINT( '', ( 1.60000000000000, -6.73453222255046, -2.84590562200594 ) );
#5157 = DIRECTION( '', ( -5.78951118907348E-017, -0.945530156854504, 0.325534518106293 ) );
#5158 = DIRECTION( '', ( 0.000000000000000, -0.325534518106293, -0.945530156854504 ) );
#5159 = ORIENTED_EDGE( '', *, *, #6918, .T. );
#5160 = ORIENTED_EDGE( '', *, *, #6923, .F. );
#5161 = ORIENTED_EDGE( '', *, *, #6936, .F. );
#5162 = ORIENTED_EDGE( '', *, *, #6933, .T. );
#5163 = CARTESIAN_POINT( '', ( 0.900000000000000, -7.06546777744954, -2.73196854066874 ) );
#5164 = DIRECTION( '', ( 5.78951118907348E-017, 0.945530156854504, -0.325534518106293 ) );
#5165 = DIRECTION( '', ( 0.000000000000000, 0.325534518106293, 0.945530156854504 ) );
#5166 = ORIENTED_EDGE( '', *, *, #6932, .F. );
#5167 = ORIENTED_EDGE( '', *, *, #6938, .F. );
#5168 = ORIENTED_EDGE( '', *, *, #6924, .T. );
#5169 = ORIENTED_EDGE( '', *, *, #6373, .T. );
#5170 = CARTESIAN_POINT( '', ( -3.67381906146713E-016, -6.00000000000000, -1.25000000000000 ) );
#5171 = DIRECTION( '', ( 1.00000000000000, -6.12303176911189E-017, -0.000000000000000 ) );
#5172 = DIRECTION( '', ( -6.12303176911189E-017, -1.00000000000000, 0.000000000000000 ) );
#5173 = ORIENTED_EDGE( '', *, *, #6939, .F. );
#5174 = ORIENTED_EDGE( '', *, *, #6940, .F. );
#5175 = ORIENTED_EDGE( '', *, *, #6941, .F. );
#5176 = ORIENTED_EDGE( '', *, *, #6942, .F. );
#5177 = CARTESIAN_POINT( '', ( -1.25000000000000, -8.39999999999990, -3.02500000000070 ) );
#5178 = DIRECTION( '', ( 0.000000000000000, -1.00000000000000, 0.000000000000000 ) );
#5179 = DIRECTION( '', ( 0.000000000000000, 0.000000000000000, -1.00000000000000 ) );
#5180 = ORIENTED_EDGE( '', *, *, #6372, .F. );
#5181 = ORIENTED_EDGE( '', *, *, #6943, .F. );
#5182 = ORIENTED_EDGE( '', *, *, #6944, .T. );
#5183 = ORIENTED_EDGE( '', *, *, #6945, .T. );
#5184 = CARTESIAN_POINT( '', ( -3.67381906146713E-016, -6.00000000000000, -1.25000000000000 ) );
#5185 = DIRECTION( '', ( 1.00000000000000, -6.12303176911189E-017, -0.000000000000000 ) );
#5186 = DIRECTION( '', ( -6.12303176911189E-017, -1.00000000000000, 0.000000000000000 ) );
#5187 = ORIENTED_EDGE( '', *, *, #6946, .T. );
#5188 = ORIENTED_EDGE( '', *, *, #6947, .T. );
#5189 = ORIENTED_EDGE( '', *, *, #6948, .T. );
#5190 = ORIENTED_EDGE( '', *, *, #6949, .T. );
#5191 = ORIENTED_EDGE( '', *, *, #6369, .F. );
#5192 = ORIENTED_EDGE( '', *, *, #6945, .F. );
#5193 = ORIENTED_EDGE( '', *, *, #6950, .F. );
#5194 = ORIENTED_EDGE( '', *, *, #6951, .F. );
#5195 = ORIENTED_EDGE( '', *, *, #6952, .F. );
#5196 = ORIENTED_EDGE( '', *, *, #6942, .T. );
#5197 = CARTESIAN_POINT( '', ( -0.900000000000000, -8.39999999999990, -3.20000000000070 ) );
#5198 = DIRECTION( '', ( 1.00000000000000, -6.12303176913723E-017, -2.16840434497101E-015 ) );
#5199 = DIRECTION( '', ( -2.16840434497101E-015, 0.000000000000000, -1.00000000000000 ) );
#5200 = ORIENTED_EDGE( '', *, *, #6953, .T. );
#5201 = ORIENTED_EDGE( '', *, *, #6954, .F. );
#5202 = ORIENTED_EDGE( '', *, *, #6946, .F. );
#5203 = ORIENTED_EDGE( '', *, *, #6941, .T. );
#5204 = CARTESIAN_POINT( '', ( -1.60000000000000, -8.39999999999990, -3.20000000000070 ) );
#5205 = DIRECTION( '', ( 0.000000000000000, -1.16853672443507E-013, -1.00000000000000 ) );
#5206 = DIRECTION( '', ( 0.000000000000000, 1.00000000000000, -1.16853672443507E-013 ) );
#5207 = ORIENTED_EDGE( '', *, *, #6955, .T. );
#5208 = ORIENTED_EDGE( '', *, *, #6956, .T. );
#5209 = ORIENTED_EDGE( '', *, *, #6957, .T. );
#5210 = ORIENTED_EDGE( '', *, *, #6943, .T. );
#5211 = ORIENTED_EDGE( '', *, *, #6371, .F. );
#5212 = ORIENTED_EDGE( '', *, *, #6958, .F. );
#5213 = ORIENTED_EDGE( '', *, *, #6959, .F. );
#5214 = ORIENTED_EDGE( '', *, *, #6960, .F. );
#5215 = ORIENTED_EDGE( '', *, *, #6953, .F. );
#5216 = ORIENTED_EDGE( '', *, *, #6940, .T. );
#5217 = CARTESIAN_POINT( '', ( -1.60000000000000, -8.39999999999990, -2.85000000000070 ) );
#5218 = DIRECTION( '', ( -1.00000000000000, 6.12303176911189E-017, 0.000000000000000 ) );
#5219 = DIRECTION( '', ( -6.12303176911189E-017, -1.00000000000000, 0.000000000000000 ) );
#5220 = ORIENTED_EDGE( '', *, *, #6960, .T. );
#5221 = ORIENTED_EDGE( '', *, *, #6961, .F. );
#5222 = ORIENTED_EDGE( '', *, *, #6947, .F. );
#5223 = ORIENTED_EDGE( '', *, *, #6954, .T. );
#5224 = CARTESIAN_POINT( '', ( -4.42752481230478E-016, -7.23093555489908, -2.67500000000013 ) );
#5225 = DIRECTION( '', ( -1.00000000000000, 6.12303176911189E-017, -0.000000000000000 ) );
#5226 = DIRECTION( '', ( 6.12303176911189E-017, 1.00000000000000, 0.000000000000000 ) );
#5227 = ORIENTED_EDGE( '', *, *, #6962, .F. );
#5228 = ORIENTED_EDGE( '', *, *, #6956, .F. );
#5229 = ORIENTED_EDGE( '', *, *, #6963, .T. );
#5230 = ORIENTED_EDGE( '', *, *, #6951, .T. );
#5231 = CARTESIAN_POINT( '', ( -4.42752481230478E-016, -7.23093555489908, -2.67500000000013 ) );
#5232 = DIRECTION( '', ( -1.00000000000000, 6.12303176911189E-017, -0.000000000000000 ) );
#5233 = DIRECTION( '', ( 6.12303176911189E-017, 1.00000000000000, 0.000000000000000 ) );
#5234 = ORIENTED_EDGE( '', *, *, #6963, .F. );
#5235 = ORIENTED_EDGE( '', *, *, #6955, .F. );
#5236 = ORIENTED_EDGE( '', *, *, #6939, .T. );
#5237 = ORIENTED_EDGE( '', *, *, #6952, .T. );
#5238 = CARTESIAN_POINT( '', ( -0.900000000000000, -8.39999999999990, -2.85000000000070 ) );
#5239 = DIRECTION( '', ( -1.54886024640786E-016, 1.16853672443507E-013, 1.00000000000000 ) );
#5240 = DIRECTION( '', ( 0.000000000000000, -1.00000000000000, 1.16853672443507E-013 ) );
#5241 = ORIENTED_EDGE( '', *, *, #6959, .T. );
#5242 = ORIENTED_EDGE( '', *, *, #6964, .F. );
#5243 = ORIENTED_EDGE( '', *, *, #6948, .F. );
#5244 = ORIENTED_EDGE( '', *, *, #6961, .T. );
#5245 = CARTESIAN_POINT( '', ( -1.60000000000000, -6.73453222255046, -2.84590562200594 ) );
#5246 = DIRECTION( '', ( 5.78951118907348E-017, 0.945530156854504, -0.325534518106293 ) );
#5247 = DIRECTION( '', ( 0.000000000000000, 0.325534518106293, 0.945530156854504 ) );
#5248 = ORIENTED_EDGE( '', *, *, #6944, .F. );
#5249 = ORIENTED_EDGE( '', *, *, #6957, .F. );
#5250 = ORIENTED_EDGE( '', *, *, #6962, .T. );
#5251 = ORIENTED_EDGE( '', *, *, #6950, .T. );
#5252 = CARTESIAN_POINT( '', ( -0.900000000000000, -7.06546777744954, -2.73196854066874 ) );
#5253 = DIRECTION( '', ( -2.12781136531521E-016, -0.945530156854504, 0.325534518106293 ) );
#5254 = DIRECTION( '', ( 0.000000000000000, -0.325534518106293, -0.945530156854504 ) );
#5255 = ORIENTED_EDGE( '', *, *, #6958, .T. );
#5256 = ORIENTED_EDGE( '', *, *, #6370, .F. );
#5257 = ORIENTED_EDGE( '', *, *, #6949, .F. );
#5258 = ORIENTED_EDGE( '', *, *, #6964, .T. );
#5259 = CARTESIAN_POINT( '', ( -3.67381906146713E-016, -6.00000000000000, -1.25000000000000 ) );
#5260 = DIRECTION( '', ( 1.00000000000000, -6.12303176911189E-017, -0.000000000000000 ) );
#5261 = DIRECTION( '', ( -6.12303176911189E-017, -1.00000000000000, 0.000000000000000 ) );
#5262 = ORIENTED_EDGE( '', *, *, #6965, .F. );
#5263 = ORIENTED_EDGE( '', *, *, #6966, .F. );
#5264 = ORIENTED_EDGE( '', *, *, #6967, .F. );
#5265 = ORIENTED_EDGE( '', *, *, #6968, .F. );
#5266 = CARTESIAN_POINT( '', ( -3.75000000000000, -8.39999999999990, -3.02500000000070 ) );
#5267 = DIRECTION( '', ( 0.000000000000000, -1.00000000000000, 0.000000000000000 ) );
#5268 = DIRECTION( '', ( 0.000000000000000, 0.000000000000000, -1.00000000000000 ) );
#5269 = ORIENTED_EDGE( '', *, *, #6368, .F. );
#5270 = ORIENTED_EDGE( '', *, *, #6969, .F. );
#5271 = ORIENTED_EDGE( '', *, *, #6970, .T. );
#5272 = ORIENTED_EDGE( '', *, *, #6971, .T. );
#5273 = CARTESIAN_POINT( '', ( -3.67381906146713E-016, -6.00000000000000, -1.25000000000000 ) );
#5274 = DIRECTION( '', ( 1.00000000000000, -6.12303176911189E-017, -0.000000000000000 ) );
#5275 = DIRECTION( '', ( -6.12303176911189E-017, -1.00000000000000, 0.000000000000000 ) );
#5276 = ORIENTED_EDGE( '', *, *, #6972, .T. );
#5277 = ORIENTED_EDGE( '', *, *, #6973, .T. );
#5278 = ORIENTED_EDGE( '', *, *, #6974, .T. );
#5279 = ORIENTED_EDGE( '', *, *, #6975, .T. );
#5280 = ORIENTED_EDGE( '', *, *, #6365, .F. );
#5281 = ORIENTED_EDGE( '', *, *, #6971, .F. );
#5282 = ORIENTED_EDGE( '', *, *, #6976, .F. );
#5283 = ORIENTED_EDGE( '', *, *, #6977, .F. );
#5284 = ORIENTED_EDGE( '', *, *, #6978, .F. );
#5285 = ORIENTED_EDGE( '', *, *, #6968, .T. );
#5286 = CARTESIAN_POINT( '', ( -3.40000000000000, -8.39999999999990, -3.20000000000070 ) );
#5287 = DIRECTION( '', ( 1.00000000000000, -6.12303176912637E-017, -1.23908819712629E-015 ) );
#5288 = DIRECTION( '', ( -1.23908819712629E-015, 0.000000000000000, -1.00000000000000 ) );
#5289 = ORIENTED_EDGE( '', *, *, #6979, .T. );
#5290 = ORIENTED_EDGE( '', *, *, #6980, .F. );
#5291 = ORIENTED_EDGE( '', *, *, #6972, .F. );
#5292 = ORIENTED_EDGE( '', *, *, #6967, .T. );
#5293 = CARTESIAN_POINT( '', ( -4.10000000000000, -8.39999999999990, -3.20000000000070 ) );
#5294 = DIRECTION( '', ( 0.000000000000000, -1.16853672443507E-013, -1.00000000000000 ) );
#5295 = DIRECTION( '', ( 0.000000000000000, 1.00000000000000, -1.16853672443507E-013 ) );
#5296 = ORIENTED_EDGE( '', *, *, #6981, .T. );
#5297 = ORIENTED_EDGE( '', *, *, #6982, .T. );
#5298 = ORIENTED_EDGE( '', *, *, #6983, .T. );
#5299 = ORIENTED_EDGE( '', *, *, #6969, .T. );
#5300 = ORIENTED_EDGE( '', *, *, #6367, .F. );
#5301 = ORIENTED_EDGE( '', *, *, #6984, .F. );
#5302 = ORIENTED_EDGE( '', *, *, #6985, .F. );
#5303 = ORIENTED_EDGE( '', *, *, #6986, .F. );
#5304 = ORIENTED_EDGE( '', *, *, #6979, .F. );
#5305 = ORIENTED_EDGE( '', *, *, #6966, .T. );
#5306 = CARTESIAN_POINT( '', ( -4.10000000000000, -8.39999999999990, -2.85000000000070 ) );
#5307 = DIRECTION( '', ( -1.00000000000000, 6.12303176911189E-017, 0.000000000000000 ) );
#5308 = DIRECTION( '', ( -6.12303176911189E-017, -1.00000000000000, 0.000000000000000 ) );
#5309 = ORIENTED_EDGE( '', *, *, #6986, .T. );
#5310 = ORIENTED_EDGE( '', *, *, #6987, .F. );
#5311 = ORIENTED_EDGE( '', *, *, #6973, .F. );
#5312 = ORIENTED_EDGE( '', *, *, #6980, .T. );
#5313 = CARTESIAN_POINT( '', ( -4.42752481230478E-016, -7.23093555489908, -2.67500000000013 ) );
#5314 = DIRECTION( '', ( -1.00000000000000, 6.12303176911189E-017, -0.000000000000000 ) );
#5315 = DIRECTION( '', ( 6.12303176911189E-017, 1.00000000000000, 0.000000000000000 ) );
#5316 = ORIENTED_EDGE( '', *, *, #6988, .F. );
#5317 = ORIENTED_EDGE( '', *, *, #6982, .F. );
#5318 = ORIENTED_EDGE( '', *, *, #6989, .T. );
#5319 = ORIENTED_EDGE( '', *, *, #6977, .T. );
#5320 = CARTESIAN_POINT( '', ( -4.42752481230478E-016, -7.23093555489908, -2.67500000000013 ) );
#5321 = DIRECTION( '', ( -1.00000000000000, 6.12303176911189E-017, -0.000000000000000 ) );
#5322 = DIRECTION( '', ( 6.12303176911189E-017, 1.00000000000000, 0.000000000000000 ) );
#5323 = ORIENTED_EDGE( '', *, *, #6989, .F. );
#5324 = ORIENTED_EDGE( '', *, *, #6981, .F. );
#5325 = ORIENTED_EDGE( '', *, *, #6965, .T. );
#5326 = ORIENTED_EDGE( '', *, *, #6978, .T. );
#5327 = CARTESIAN_POINT( '', ( -3.40000000000000, -8.39999999999990, -2.85000000000070 ) );
#5328 = DIRECTION( '', ( 1.54886024640786E-016, 1.16853672443507E-013, 1.00000000000000 ) );
#5329 = DIRECTION( '', ( 0.000000000000000, -1.00000000000000, 1.16853672443507E-013 ) );
#5330 = ORIENTED_EDGE( '', *, *, #6985, .T. );
#5331 = ORIENTED_EDGE( '', *, *, #6990, .F. );
#5332 = ORIENTED_EDGE( '', *, *, #6974, .F. );
#5333 = ORIENTED_EDGE( '', *, *, #6987, .T. );
#5334 = CARTESIAN_POINT( '', ( -4.10000000000000, -6.73453222255046, -2.84590562200594 ) );
#5335 = DIRECTION( '', ( 5.78951118907348E-017, 0.945530156854504, -0.325534518106293 ) );
#5336 = DIRECTION( '', ( 0.000000000000000, 0.325534518106293, 0.945530156854504 ) );
#5337 = ORIENTED_EDGE( '', *, *, #6970, .F. );
#5338 = ORIENTED_EDGE( '', *, *, #6983, .F. );
#5339 = ORIENTED_EDGE( '', *, *, #6988, .T. );
#5340 = ORIENTED_EDGE( '', *, *, #6976, .T. );
#5341 = CARTESIAN_POINT( '', ( -3.40000000000000, -7.06546777744954, -2.73196854066874 ) );
#5342 = DIRECTION( '', ( 9.69909127500517E-017, -0.945530156854504, 0.325534518106293 ) );
#5343 = DIRECTION( '', ( 0.000000000000000, -0.325534518106293, -0.945530156854504 ) );
#5344 = ORIENTED_EDGE( '', *, *, #6984, .T. );
#5345 = ORIENTED_EDGE( '', *, *, #6366, .F. );
#5346 = ORIENTED_EDGE( '', *, *, #6975, .F. );
#5347 = ORIENTED_EDGE( '', *, *, #6990, .T. );
#5348 = CARTESIAN_POINT( '', ( -3.67381906146713E-016, -6.00000000000000, -1.25000000000000 ) );
#5349 = DIRECTION( '', ( 1.00000000000000, -6.12303176911189E-017, -0.000000000000000 ) );
#5350 = DIRECTION( '', ( -6.12303176911189E-017, -1.00000000000000, 0.000000000000000 ) );
#5351 = ORIENTED_EDGE( '', *, *, #6991, .F. );
#5352 = ORIENTED_EDGE( '', *, *, #6992, .F. );
#5353 = ORIENTED_EDGE( '', *, *, #6993, .F. );
#5354 = ORIENTED_EDGE( '', *, *, #6994, .F. );
#5355 = CARTESIAN_POINT( '', ( -6.25000000000000, -8.39999999999990, -3.02500000000070 ) );
#5356 = DIRECTION( '', ( 0.000000000000000, -1.00000000000000, 0.000000000000000 ) );
#5357 = DIRECTION( '', ( 0.000000000000000, 0.000000000000000, -1.00000000000000 ) );
#5358 = ORIENTED_EDGE( '', *, *, #6364, .F. );
#5359 = ORIENTED_EDGE( '', *, *, #6995, .F. );
#5360 = ORIENTED_EDGE( '', *, *, #6996, .T. );
#5361 = ORIENTED_EDGE( '', *, *, #6997, .T. );
#5362 = CARTESIAN_POINT( '', ( -3.67381906146713E-016, -6.00000000000000, -1.25000000000000 ) );
#5363 = DIRECTION( '', ( 1.00000000000000, -6.12303176911189E-017, -0.000000000000000 ) );
#5364 = DIRECTION( '', ( -6.12303176911189E-017, -1.00000000000000, 0.000000000000000 ) );
#5365 = ORIENTED_EDGE( '', *, *, #6998, .T. );
#5366 = ORIENTED_EDGE( '', *, *, #6999, .T. );
#5367 = ORIENTED_EDGE( '', *, *, #7000, .T. );
#5368 = ORIENTED_EDGE( '', *, *, #7001, .T. );
#5369 = ORIENTED_EDGE( '', *, *, #6361, .F. );
#5370 = ORIENTED_EDGE( '', *, *, #6997, .F. );
#5371 = ORIENTED_EDGE( '', *, *, #7002, .F. );
#5372 = ORIENTED_EDGE( '', *, *, #7003, .F. );
#5373 = ORIENTED_EDGE( '', *, *, #7004, .F. );
#5374 = ORIENTED_EDGE( '', *, *, #6994, .T. );
#5375 = CARTESIAN_POINT( '', ( -5.90000000000000, -8.39999999999990, -3.20000000000070 ) );
#5376 = DIRECTION( '', ( 1.00000000000000, -6.12303176911189E-017, 0.000000000000000 ) );
#5377 = DIRECTION( '', ( 6.12303176911189E-017, 1.00000000000000, 0.000000000000000 ) );
#5378 = ORIENTED_EDGE( '', *, *, #7005, .T. );
#5379 = ORIENTED_EDGE( '', *, *, #7006, .F. );
#5380 = ORIENTED_EDGE( '', *, *, #6998, .F. );
#5381 = ORIENTED_EDGE( '', *, *, #6993, .T. );
#5382 = CARTESIAN_POINT( '', ( -6.60000000000000, -8.39999999999990, -3.20000000000070 ) );
#5383 = DIRECTION( '', ( 0.000000000000000, -1.16853672443507E-013, -1.00000000000000 ) );
#5384 = DIRECTION( '', ( 0.000000000000000, 1.00000000000000, -1.16853672443507E-013 ) );
#5385 = ORIENTED_EDGE( '', *, *, #7007, .T. );
#5386 = ORIENTED_EDGE( '', *, *, #7008, .T. );
#5387 = ORIENTED_EDGE( '', *, *, #7009, .T. );
#5388 = ORIENTED_EDGE( '', *, *, #6995, .T. );
#5389 = ORIENTED_EDGE( '', *, *, #6363, .F. );
#5390 = ORIENTED_EDGE( '', *, *, #7010, .F. );
#5391 = ORIENTED_EDGE( '', *, *, #7011, .F. );
#5392 = ORIENTED_EDGE( '', *, *, #7012, .F. );
#5393 = ORIENTED_EDGE( '', *, *, #7005, .F. );
#5394 = ORIENTED_EDGE( '', *, *, #6992, .T. );
#5395 = CARTESIAN_POINT( '', ( -6.60000000000000, -8.39999999999990, -2.85000000000070 ) );
#5396 = DIRECTION( '', ( -1.00000000000000, 6.12303176911189E-017, 0.000000000000000 ) );
#5397 = DIRECTION( '', ( -6.12303176911189E-017, -1.00000000000000, 0.000000000000000 ) );
#5398 = ORIENTED_EDGE( '', *, *, #7012, .T. );
#5399 = ORIENTED_EDGE( '', *, *, #7013, .F. );
#5400 = ORIENTED_EDGE( '', *, *, #6999, .F. );
#5401 = ORIENTED_EDGE( '', *, *, #7006, .T. );
#5402 = CARTESIAN_POINT( '', ( -4.42752481230478E-016, -7.23093555489908, -2.67500000000013 ) );
#5403 = DIRECTION( '', ( -1.00000000000000, 6.12303176911189E-017, -0.000000000000000 ) );
#5404 = DIRECTION( '', ( 6.12303176911189E-017, 1.00000000000000, 0.000000000000000 ) );
#5405 = ORIENTED_EDGE( '', *, *, #7014, .F. );
#5406 = ORIENTED_EDGE( '', *, *, #7008, .F. );
#5407 = ORIENTED_EDGE( '', *, *, #7015, .T. );
#5408 = ORIENTED_EDGE( '', *, *, #7003, .T. );
#5409 = CARTESIAN_POINT( '', ( -4.42752481230478E-016, -7.23093555489908, -2.67500000000013 ) );
#5410 = DIRECTION( '', ( -1.00000000000000, 6.12303176911189E-017, -0.000000000000000 ) );
#5411 = DIRECTION( '', ( 6.12303176911189E-017, 1.00000000000000, 0.000000000000000 ) );
#5412 = ORIENTED_EDGE( '', *, *, #7015, .F. );
#5413 = ORIENTED_EDGE( '', *, *, #7007, .F. );
#5414 = ORIENTED_EDGE( '', *, *, #6991, .T. );
#5415 = ORIENTED_EDGE( '', *, *, #7004, .T. );
#5416 = CARTESIAN_POINT( '', ( -5.90000000000000, -8.39999999999990, -2.85000000000070 ) );
#5417 = DIRECTION( '', ( 1.54886024640786E-016, 1.16853672443507E-013, 1.00000000000000 ) );
#5418 = DIRECTION( '', ( 0.000000000000000, -1.00000000000000, 1.16853672443507E-013 ) );
#5419 = ORIENTED_EDGE( '', *, *, #7011, .T. );
#5420 = ORIENTED_EDGE( '', *, *, #7016, .F. );
#5421 = ORIENTED_EDGE( '', *, *, #7000, .F. );
#5422 = ORIENTED_EDGE( '', *, *, #7013, .T. );
#5423 = CARTESIAN_POINT( '', ( -6.60000000000000, -6.73453222255046, -2.84590562200594 ) );
#5424 = DIRECTION( '', ( 5.78951118907348E-017, 0.945530156854504, -0.325534518106293 ) );
#5425 = DIRECTION( '', ( 0.000000000000000, 0.325534518106293, 0.945530156854504 ) );
#5426 = ORIENTED_EDGE( '', *, *, #6996, .F. );
#5427 = ORIENTED_EDGE( '', *, *, #7009, .F. );
#5428 = ORIENTED_EDGE( '', *, *, #7014, .T. );
#5429 = ORIENTED_EDGE( '', *, *, #7002, .T. );
#5430 = CARTESIAN_POINT( '', ( -5.90000000000000, -7.06546777744954, -2.73196854066874 ) );
#5431 = DIRECTION( '', ( 9.69909127500518E-017, -0.945530156854504, 0.325534518106293 ) );
#5432 = DIRECTION( '', ( 0.000000000000000, -0.325534518106293, -0.945530156854504 ) );
#5433 = ORIENTED_EDGE( '', *, *, #7010, .T. );
#5434 = ORIENTED_EDGE( '', *, *, #6362, .F. );
#5435 = ORIENTED_EDGE( '', *, *, #7001, .F. );
#5436 = ORIENTED_EDGE( '', *, *, #7016, .T. );
#5437 = CARTESIAN_POINT( '', ( -3.67381906146713E-016, -6.00000000000000, -1.25000000000000 ) );
#5438 = DIRECTION( '', ( 1.00000000000000, -6.12303176911189E-017, -0.000000000000000 ) );
#5439 = DIRECTION( '', ( -6.12303176911189E-017, -1.00000000000000, 0.000000000000000 ) );
#5440 = ORIENTED_EDGE( '', *, *, #6296, .T. );
#5441 = ORIENTED_EDGE( '', *, *, #7017, .F. );
#5442 = ORIENTED_EDGE( '', *, *, #6441, .F. );
#5443 = ORIENTED_EDGE( '', *, *, #7018, .T. );
#5444 = CARTESIAN_POINT( '', ( 5.65000000000000, -3.50000000000000, 0.500000000000000 ) );
#5445 = DIRECTION( '', ( -1.00000000000000, 0.000000000000000, 0.000000000000000 ) );
#5446 = DIRECTION( '', ( 0.000000000000000, 0.000000000000000, 1.00000000000000 ) );
#5447 = ORIENTED_EDGE( '', *, *, #6232, .T. );
#5448 = ORIENTED_EDGE( '', *, *, #7019, .T. );
#5449 = ORIENTED_EDGE( '', *, *, #6298, .F. );
#5450 = ORIENTED_EDGE( '', *, *, #7020, .F. );
#5451 = CARTESIAN_POINT( '', ( -5.65000000000000, -3.50000000000000, 0.500000000000000 ) );
#5452 = DIRECTION( '', ( -1.00000000000000, 0.000000000000000, 0.000000000000000 ) );
#5453 = DIRECTION( '', ( 0.000000000000000, 0.000000000000000, 1.00000000000000 ) );
#5454 = ORIENTED_EDGE( '', *, *, #7021, .F. );
#5455 = ORIENTED_EDGE( '', *, *, #6308, .T. );
#5456 = ORIENTED_EDGE( '', *, *, #6317, .T. );
#5457 = ORIENTED_EDGE( '', *, *, #7022, .F. );
#5458 = CARTESIAN_POINT( '', ( -8.15000000000000, -6.00000000000000, -1.95000000000000 ) );
#5459 = DIRECTION( '', ( 1.00000000000000, -6.12303176911189E-017, 0.000000000000000 ) );
#5460 = DIRECTION( '', ( 6.12303176911189E-017, 1.00000000000000, 0.000000000000000 ) );
#5461 = ORIENTED_EDGE( '', *, *, #6304, .T. );
#5462 = ORIENTED_EDGE( '', *, *, #6388, .T. );
#5463 = ORIENTED_EDGE( '', *, *, #7023, .T. );
#5464 = ORIENTED_EDGE( '', *, *, #7024, .T. );
#5465 = CARTESIAN_POINT( '', ( 8.15000000000000, -6.00000000000000, -1.95000000000000 ) );
#5466 = DIRECTION( '', ( 1.00000000000000, -6.12303176911189E-017, 0.000000000000000 ) );
#5467 = DIRECTION( '', ( 6.12303176911189E-017, 1.00000000000000, 0.000000000000000 ) );
#5468 = ORIENTED_EDGE( '', *, *, #6335, .T. );
#5469 = ORIENTED_EDGE( '', *, *, #6309, .T. );
#5470 = ORIENTED_EDGE( '', *, *, #7021, .T. );
#5471 = ORIENTED_EDGE( '', *, *, #7025, .F. );
#5472 = ORIENTED_EDGE( '', *, *, #7023, .F. );
#5473 = ORIENTED_EDGE( '', *, *, #6387, .T. );
#5474 = CARTESIAN_POINT( '', ( 8.15000000000000, -6.00000000000000, -1.95000000000000 ) );
#5475 = DIRECTION( '', ( 0.000000000000000, 0.000000000000000, 1.00000000000000 ) );
#5476 = DIRECTION( '', ( 1.00000000000000, 0.000000000000000, 0.000000000000000 ) );
#5477 = ORIENTED_EDGE( '', *, *, #7022, .T. );
#5478 = ORIENTED_EDGE( '', *, *, #6316, .T. );
#5479 = ORIENTED_EDGE( '', *, *, #6233, .F. );
#5480 = ORIENTED_EDGE( '', *, *, #7020, .T. );
#5481 = ORIENTED_EDGE( '', *, *, #6297, .F. );
#5482 = ORIENTED_EDGE( '', *, *, #7018, .F. );
#5483 = ORIENTED_EDGE( '', *, *, #6440, .F. );
#5484 = ORIENTED_EDGE( '', *, *, #6301, .T. );
#5485 = ORIENTED_EDGE( '', *, *, #7024, .F. );
#5486 = ORIENTED_EDGE( '', *, *, #7025, .T. );
#5487 = CARTESIAN_POINT( '', ( 8.15000000000000, -3.50000000000000, -1.95000000000000 ) );
#5488 = DIRECTION( '', ( 0.000000000000000, -1.00000000000000, 0.000000000000000 ) );
#5489 = DIRECTION( '', ( 0.000000000000000, 0.000000000000000, -1.00000000000000 ) );
#5490 = ORIENTED_EDGE( '', *, *, #7026, .T. );
#5491 = ORIENTED_EDGE( '', *, *, #6398, .T. );
#5492 = ORIENTED_EDGE( '', *, *, #6442, .T. );
#5493 = ORIENTED_EDGE( '', *, *, #7017, .T. );
#5494 = ORIENTED_EDGE( '', *, *, #6295, .T. );
#5495 = ORIENTED_EDGE( '', *, *, #7019, .F. );
#5496 = ORIENTED_EDGE( '', *, *, #6231, .T. );
#5497 = ORIENTED_EDGE( '', *, *, #6311, .T. );
#5498 = ORIENTED_EDGE( '', *, *, #7027, .F. );
#5499 = ORIENTED_EDGE( '', *, *, #6647, .F. );
#5500 = CARTESIAN_POINT( '', ( 8.15000000000000, 3.50000000000000, -1.95000000000000 ) );
#5501 = DIRECTION( '', ( 0.000000000000000, -1.00000000000000, 0.000000000000000 ) );
#5502 = DIRECTION( '', ( 0.000000000000000, 0.000000000000000, -1.00000000000000 ) );
#5503 = ORIENTED_EDGE( '', *, *, #6313, .T. );
#5504 = ORIENTED_EDGE( '', *, *, #6419, .T. );
#5505 = ORIENTED_EDGE( '', *, *, #6648, .T. );
#5506 = ORIENTED_EDGE( '', *, *, #7027, .T. );
#5507 = CARTESIAN_POINT( '', ( -8.15000000000000, 6.00000000000000, -1.95000000000000 ) );
#5508 = DIRECTION( '', ( -1.00000000000000, 6.12303176911189E-017, 0.000000000000000 ) );
#5509 = DIRECTION( '', ( -6.12303176911189E-017, -1.00000000000000, 0.000000000000000 ) );
#5510 = ORIENTED_EDGE( '', *, *, #6646, .F. );
#5511 = ORIENTED_EDGE( '', *, *, #6390, .T. );
#5512 = ORIENTED_EDGE( '', *, *, #6399, .T. );
#5513 = ORIENTED_EDGE( '', *, *, #7026, .F. );
#5514 = CARTESIAN_POINT( '', ( 8.15000000000000, 6.00000000000000, -1.95000000000000 ) );
#5515 = DIRECTION( '', ( -1.00000000000000, 6.12303176911189E-017, 0.000000000000000 ) );
#5516 = DIRECTION( '', ( -6.12303176911189E-017, -1.00000000000000, 0.000000000000000 ) );
#5517 = ORIENTED_EDGE( '', *, *, #6425, .T. );
#5518 = ORIENTED_EDGE( '', *, *, #7028, .F. );
#5519 = ORIENTED_EDGE( '', *, *, #6485, .F. );
#5520 = ORIENTED_EDGE( '', *, *, #6337, .F. );
#5521 = CARTESIAN_POINT( '', ( 6.05000000000000, -5.90000000000000, -0.600000000000000 ) );
#5522 = DIRECTION( '', ( -0.000000000000000, -0.000000000000000, 1.00000000000000 ) );
#5523 = DIRECTION( '', ( -1.00000000000000, 0.000000000000000, 0.000000000000000 ) );
#5524 = ORIENTED_EDGE( '', *, *, #6456, .T. );
#5525 = ORIENTED_EDGE( '', *, *, #6423, .T. );
#5526 = ORIENTED_EDGE( '', *, *, #6430, .T. );
#5527 = CARTESIAN_POINT( '', ( -4.05000000000000, -6.00000000000000, -0.600000000000000 ) );
#5528 = DIRECTION( '', ( 1.00000000000000, 0.000000000000000, 0.000000000000000 ) );
#5529 = DIRECTION( '', ( 0.000000000000000, 0.000000000000000, -1.00000000000000 ) );
#5530 = ORIENTED_EDGE( '', *, *, #6334, .F. );
#5531 = ORIENTED_EDGE( '', *, *, #6466, .T. );
#5532 = ORIENTED_EDGE( '', *, *, #6235, .F. );
#5533 = ORIENTED_EDGE( '', *, *, #6314, .F. );
#5534 = CARTESIAN_POINT( '', ( 8.15000000000000, -5.90000000000000, 0.400000000000000 ) );
#5535 = DIRECTION( '', ( -1.00000000000000, -0.000000000000000, -0.000000000000000 ) );
#5536 = DIRECTION( '', ( 0.000000000000000, 0.000000000000000, -1.00000000000000 ) );
#5537 = ORIENTED_EDGE( '', *, *, #6454, .T. );
#5538 = ORIENTED_EDGE( '', *, *, #7029, .F. );
#5539 = ORIENTED_EDGE( '', *, *, #6426, .F. );
#5540 = ORIENTED_EDGE( '', *, *, #6238, .F. );
#5541 = CARTESIAN_POINT( '', ( 5.95000000000000, -4.46726295238420, 0.400000000000000 ) );
#5542 = DIRECTION( '', ( 1.00000000000000, -0.000000000000000, -0.000000000000000 ) );
#5543 = DIRECTION( '', ( 0.000000000000000, 0.000000000000000, 1.00000000000000 ) );
#5544 = ORIENTED_EDGE( '', *, *, #6431, .T. );
#5545 = ORIENTED_EDGE( '', *, *, #7029, .T. );
#5546 = ORIENTED_EDGE( '', *, *, #6459, .T. );
#5547 = ORIENTED_EDGE( '', *, *, #6464, .T. );
#5548 = CARTESIAN_POINT( '', ( 5.95000000000000, -6.00000000000000, -0.600000000000000 ) );
#5549 = DIRECTION( '', ( 0.000000000000000, -0.591363663627517, 0.806404995855706 ) );
#5550 = DIRECTION( '', ( 0.000000000000000, -0.806404995855706, -0.591363663627517 ) );
#5551 = ORIENTED_EDGE( '', *, *, #6460, .T. );
#5552 = ORIENTED_EDGE( '', *, *, #6462, .T. );
#5553 = ORIENTED_EDGE( '', *, *, #6468, .T. );
#5554 = CARTESIAN_POINT( '', ( -5.95000000000000, -4.50000000000000, -0.600000000000000 ) );
#5555 = DIRECTION( '', ( -1.00000000000000, 0.000000000000000, 0.000000000000000 ) );
#5556 = DIRECTION( '', ( 0.000000000000000, 0.000000000000000, 1.00000000000000 ) );
#5557 = ORIENTED_EDGE( '', *, *, #7030, .T. );
#5558 = ORIENTED_EDGE( '', *, *, #7031, .T. );
#5559 = ORIENTED_EDGE( '', *, *, #7032, .T. );
#5560 = ORIENTED_EDGE( '', *, *, #7033, .T. );
#5561 = CARTESIAN_POINT( '', ( 5.95000000000000, 6.00000000000000, -0.600000000000000 ) );
#5562 = DIRECTION( '', ( 0.000000000000000, -0.591363663627517, -0.806404995855706 ) );
#5563 = DIRECTION( '', ( 0.000000000000000, 0.806404995855706, -0.591363663627517 ) );
#5564 = ORIENTED_EDGE( '', *, *, #7034, .T. );
#5565 = ORIENTED_EDGE( '', *, *, #7035, .T. );
#5566 = ORIENTED_EDGE( '', *, *, #7036, .T. );
#5567 = ORIENTED_EDGE( '', *, *, #7037, .T. );
#5568 = CARTESIAN_POINT( '', ( 5.95000000000000, 6.00000000000000, -0.600000000000000 ) );
#5569 = DIRECTION( '', ( 0.000000000000000, -0.591363663627517, -0.806404995855706 ) );
#5570 = DIRECTION( '', ( 0.000000000000000, 0.806404995855706, -0.591363663627517 ) );
#5571 = ORIENTED_EDGE( '', *, *, #7038, .T. );
#5572 = ORIENTED_EDGE( '', *, *, #7039, .T. );
#5573 = ORIENTED_EDGE( '', *, *, #7040, .T. );
#5574 = ORIENTED_EDGE( '', *, *, #7041, .T. );
#5575 = CARTESIAN_POINT( '', ( 5.95000000000000, 6.00000000000000, -0.600000000000000 ) );
#5576 = DIRECTION( '', ( 0.000000000000000, -0.591363663627517, -0.806404995855706 ) );
#5577 = DIRECTION( '', ( 0.000000000000000, 0.806404995855706, -0.591363663627517 ) );
#5578 = ORIENTED_EDGE( '', *, *, #6679, .T. );
#5579 = ORIENTED_EDGE( '', *, *, #6676, .T. );
#5580 = ORIENTED_EDGE( '', *, *, #6216, .T. );
#5581 = ORIENTED_EDGE( '', *, *, #6685, .T. );
#5582 = CARTESIAN_POINT( '', ( 5.95000000000000, 6.00000000000000, -0.600000000000000 ) );
#5583 = DIRECTION( '', ( 0.000000000000000, -0.591363663627517, -0.806404995855706 ) );
#5584 = DIRECTION( '', ( 0.000000000000000, 0.806404995855706, -0.591363663627517 ) );
#5585 = ORIENTED_EDGE( '', *, *, #7042, .T. );
#5586 = ORIENTED_EDGE( '', *, *, #6597, .T. );
#5587 = ORIENTED_EDGE( '', *, *, #6594, .T. );
#5588 = ORIENTED_EDGE( '', *, *, #7043, .T. );
#5589 = CARTESIAN_POINT( '', ( 5.95000000000000, 6.00000000000000, -0.600000000000000 ) );
#5590 = DIRECTION( '', ( 0.000000000000000, -0.591363663627517, -0.806404995855706 ) );
#5591 = DIRECTION( '', ( 0.000000000000000, 0.806404995855706, -0.591363663627517 ) );
#5592 = ORIENTED_EDGE( '', *, *, #6564, .T. );
#5593 = ORIENTED_EDGE( '', *, *, #6559, .T. );
#5594 = ORIENTED_EDGE( '', *, *, #6561, .T. );
#5595 = ORIENTED_EDGE( '', *, *, #6571, .T. );
#5596 = CARTESIAN_POINT( '', ( 5.95000000000000, -6.00000000000000, -0.600000000000000 ) );
#5597 = DIRECTION( '', ( 0.000000000000000, -0.591363663627517, 0.806404995855706 ) );
#5598 = DIRECTION( '', ( 0.000000000000000, -0.806404995855706, -0.591363663627517 ) );
#5599 = ORIENTED_EDGE( '', *, *, #6488, .T. );
#5600 = ORIENTED_EDGE( '', *, *, #6480, .T. );
#5601 = ORIENTED_EDGE( '', *, *, #6477, .T. );
#5602 = ORIENTED_EDGE( '', *, *, #6484, .T. );
#5603 = CARTESIAN_POINT( '', ( 5.95000000000000, -6.00000000000000, -0.600000000000000 ) );
#5604 = DIRECTION( '', ( 0.000000000000000, -0.591363663627517, 0.806404995855706 ) );
#5605 = DIRECTION( '', ( 0.000000000000000, -0.806404995855706, -0.591363663627517 ) );
#5606 = ORIENTED_EDGE( '', *, *, #6667, .F. );
#5607 = ORIENTED_EDGE( '', *, *, #7044, .F. );
#5608 = ORIENTED_EDGE( '', *, *, #7045, .F. );
#5609 = ORIENTED_EDGE( '', *, *, #7038, .F. );
#5610 = CARTESIAN_POINT( '', ( -0.850000000000000, 5.08370284035119, 0.195958418660714 ) );
#5611 = DIRECTION( '', ( 1.04916725809190E-015, -0.806404995855706, 0.591363663627517 ) );
#5612 = DIRECTION( '', ( 0.000000000000000, 0.591363663627517, 0.806404995855706 ) );
#5613 = ORIENTED_EDGE( '', *, *, #7046, .T. );
#5614 = ORIENTED_EDGE( '', *, *, #7047, .F. );
#5615 = ORIENTED_EDGE( '', *, *, #7048, .F. );
#5616 = ORIENTED_EDGE( '', *, *, #7045, .T. );
#5617 = ORIENTED_EDGE( '', *, *, #7048, .T. );
#5618 = ORIENTED_EDGE( '', *, *, #7049, .F. );
#5619 = ORIENTED_EDGE( '', *, *, #7050, .F. );
#5620 = ORIENTED_EDGE( '', *, *, #7039, .F. );
#5621 = CARTESIAN_POINT( '', ( -3.45951294954821E-016, 4.46726295238419, 0.400000000000000 ) );
#5622 = DIRECTION( '', ( -1.00000000000000, -0.000000000000000, -0.000000000000000 ) );
#5623 = DIRECTION( '', ( 0.000000000000000, 0.000000000000000, -1.00000000000000 ) );
#5624 = ORIENTED_EDGE( '', *, *, #7050, .T. );
#5625 = ORIENTED_EDGE( '', *, *, #7051, .F. );
#5626 = ORIENTED_EDGE( '', *, *, #7052, .F. );
#5627 = ORIENTED_EDGE( '', *, *, #7053, .T. );
#5628 = ORIENTED_EDGE( '', *, *, #6665, .T. );
#5629 = ORIENTED_EDGE( '', *, *, #6696, .F. );
#5630 = ORIENTED_EDGE( '', *, *, #6689, .F. );
#5631 = ORIENTED_EDGE( '', *, *, #6607, .F. );
#5632 = CARTESIAN_POINT( '', ( 1.05000000000000, 5.90000000000000, 0.500000000000000 ) );
#5633 = DIRECTION( '', ( -0.000000000000000, -0.000000000000000, -1.00000000000000 ) );
#5634 = DIRECTION( '', ( 1.00000000000000, 0.000000000000000, 0.000000000000000 ) );
#5635 = ORIENTED_EDGE( '', *, *, #6664, .F. );
#5636 = ORIENTED_EDGE( '', *, *, #7040, .F. );
#5637 = ORIENTED_EDGE( '', *, *, #7053, .F. );
#5638 = ORIENTED_EDGE( '', *, *, #6694, .F. );
#5639 = CARTESIAN_POINT( '', ( 0.850000000000000, 6.05913636636275, -0.519359500414432 ) );
#5640 = DIRECTION( '', ( -4.66296559151957E-016, 0.806404995855706, -0.591363663627517 ) );
#5641 = DIRECTION( '', ( 0.000000000000000, -0.591363663627517, -0.806404995855706 ) );
#5642 = ORIENTED_EDGE( '', *, *, #6668, .T. );
#5643 = ORIENTED_EDGE( '', *, *, #7041, .F. );
#5644 = ORIENTED_EDGE( '', *, *, #6663, .F. );
#5645 = ORIENTED_EDGE( '', *, *, #6605, .F. );
#5646 = CARTESIAN_POINT( '', ( 8.15000000000000, 5.90000000000000, -0.650673834918257 ) );
#5647 = DIRECTION( '', ( 1.00000000000000, -0.000000000000000, -0.000000000000000 ) );
#5648 = DIRECTION( '', ( 0.000000000000000, 0.000000000000000, 1.00000000000000 ) );
#5649 = ORIENTED_EDGE( '', *, *, #7054, .T. );
#5650 = ORIENTED_EDGE( '', *, *, #7055, .T. );
#5651 = ORIENTED_EDGE( '', *, *, #7056, .F. );
#5652 = ORIENTED_EDGE( '', *, *, #6450, .F. );
#5653 = ORIENTED_EDGE( '', *, *, #6658, .T. );
#5654 = ORIENTED_EDGE( '', *, *, #6608, .F. );
#5655 = ORIENTED_EDGE( '', *, *, #7057, .F. );
#5656 = ORIENTED_EDGE( '', *, *, #6700, .F. );
#5657 = CARTESIAN_POINT( '', ( 1.45000000000000, 5.90000000000000, -0.600000000000000 ) );
#5658 = DIRECTION( '', ( -0.000000000000000, -0.000000000000000, 1.00000000000000 ) );
#5659 = DIRECTION( '', ( -1.00000000000000, 0.000000000000000, 0.000000000000000 ) );
#5660 = ORIENTED_EDGE( '', *, *, #6662, .T. );
#5661 = ORIENTED_EDGE( '', *, *, #7032, .F. );
#5662 = ORIENTED_EDGE( '', *, *, #7055, .F. );
#5663 = ORIENTED_EDGE( '', *, *, #6697, .F. );
#5664 = CARTESIAN_POINT( '', ( 3.35000000000000, 6.05913636636275, -0.519359500414431 ) );
#5665 = DIRECTION( '', ( -2.33148279575978E-016, 0.806404995855706, -0.591363663627517 ) );
#5666 = DIRECTION( '', ( 0.000000000000000, -0.591363663627517, -0.806404995855706 ) );
#5667 = ORIENTED_EDGE( '', *, *, #7058, .T. );
#5668 = ORIENTED_EDGE( '', *, *, #6698, .F. );
#5669 = ORIENTED_EDGE( '', *, *, #7054, .F. );
#5670 = ORIENTED_EDGE( '', *, *, #6449, .F. );
#5671 = CARTESIAN_POINT( '', ( 3.55000000000000, 4.50000000000000, 0.400000000000000 ) );
#5672 = DIRECTION( '', ( -2.89120579329467E-016, 1.00000000000000, -0.000000000000000 ) );
#5673 = DIRECTION( '', ( 1.00000000000000, 2.89120579329467E-016, 0.000000000000000 ) );
#5674 = ORIENTED_EDGE( '', *, *, #6661, .T. );
#5675 = ORIENTED_EDGE( '', *, *, #6610, .F. );
#5676 = ORIENTED_EDGE( '', *, *, #6657, .F. );
#5677 = ORIENTED_EDGE( '', *, *, #7033, .F. );
#5678 = CARTESIAN_POINT( '', ( 5.95000000000000, 5.90000000000000, -0.650673834918257 ) );
#5679 = DIRECTION( '', ( -1.00000000000000, -0.000000000000000, -0.000000000000000 ) );
#5680 = DIRECTION( '', ( 0.000000000000000, 0.000000000000000, -1.00000000000000 ) );
#5681 = ORIENTED_EDGE( '', *, *, #6414, .F. );
#5682 = ORIENTED_EDGE( '', *, *, #7059, .T. );
#5683 = ORIENTED_EDGE( '', *, *, #7058, .F. );
#5684 = CARTESIAN_POINT( '', ( 3.55000000000000, 5.90000000000000, 0.400000000000000 ) );
#5685 = DIRECTION( '', ( 0.000000000000000, 0.000000000000000, 1.00000000000000 ) );
#5686 = DIRECTION( '', ( 1.00000000000000, 0.000000000000000, 0.000000000000000 ) );
#5687 = ORIENTED_EDGE( '', *, *, #7060, .T. );
#5688 = ORIENTED_EDGE( '', *, *, #7061, .T. );
#5689 = ORIENTED_EDGE( '', *, *, #7062, .F. );
#5690 = ORIENTED_EDGE( '', *, *, #7063, .F. );
#5691 = ORIENTED_EDGE( '', *, *, #7064, .T. );
#5692 = ORIENTED_EDGE( '', *, *, #6209, .F. );
#5693 = ORIENTED_EDGE( '', *, *, #7065, .F. );
#5694 = ORIENTED_EDGE( '', *, *, #7062, .T. );
#5695 = ORIENTED_EDGE( '', *, *, #6701, .F. );
#5696 = CARTESIAN_POINT( '', ( 1.45000000000000, 6.00000000000000, 0.400000000000000 ) );
#5697 = DIRECTION( '', ( -2.89120579329467E-016, -1.00000000000000, -0.000000000000000 ) );
#5698 = DIRECTION( '', ( -1.00000000000000, 2.89120579329467E-016, 0.000000000000000 ) );
#5699 = ORIENTED_EDGE( '', *, *, #7057, .T. );
#5700 = ORIENTED_EDGE( '', *, *, #6409, .F. );
#5701 = ORIENTED_EDGE( '', *, *, #7064, .F. );
#5702 = CARTESIAN_POINT( '', ( 1.45000000000000, 5.90000000000000, 0.400000000000000 ) );
#5703 = DIRECTION( '', ( 0.000000000000000, 0.000000000000000, 1.00000000000000 ) );
#5704 = DIRECTION( '', ( 1.00000000000000, 0.000000000000000, 0.000000000000000 ) );
#5705 = ORIENTED_EDGE( '', *, *, #6659, .T. );
#5706 = ORIENTED_EDGE( '', *, *, #6702, .F. );
#5707 = ORIENTED_EDGE( '', *, *, #7061, .F. );
#5708 = ORIENTED_EDGE( '', *, *, #7030, .F. );
#5709 = CARTESIAN_POINT( '', ( 1.65000000000000, 6.05913636636275, -0.519359500414432 ) );
#5710 = DIRECTION( '', ( -2.33148279575978E-016, -0.806404995855706, 0.591363663627517 ) );
#5711 = DIRECTION( '', ( 0.000000000000000, 0.591363663627517, 0.806404995855706 ) );
#5712 = ORIENTED_EDGE( '', *, *, #7056, .T. );
#5713 = ORIENTED_EDGE( '', *, *, #7031, .F. );
#5714 = ORIENTED_EDGE( '', *, *, #7060, .F. );
#5715 = ORIENTED_EDGE( '', *, *, #7066, .T. );
#5716 = ORIENTED_EDGE( '', *, *, #6451, .F. );
#5717 = CARTESIAN_POINT( '', ( 5.95000000000000, 4.46726295238420, 0.400000000000000 ) );
#5718 = DIRECTION( '', ( 1.00000000000000, -0.000000000000000, -0.000000000000000 ) );
#5719 = DIRECTION( '', ( 0.000000000000000, 0.000000000000000, 1.00000000000000 ) );
#5720 = ORIENTED_EDGE( '', *, *, #6552, .T. );
#5721 = ORIENTED_EDGE( '', *, *, #7067, .F. );
#5722 = ORIENTED_EDGE( '', *, *, #6649, .F. );
#5723 = ORIENTED_EDGE( '', *, *, #6619, .F. );
#5724 = CARTESIAN_POINT( '', ( -6.05000000000000, 5.90000000000000, -0.600000000000000 ) );
#5725 = DIRECTION( '', ( -0.000000000000000, -0.000000000000000, -1.00000000000000 ) );
#5726 = DIRECTION( '', ( 1.00000000000000, 0.000000000000000, 0.000000000000000 ) );
#5727 = ORIENTED_EDGE( '', *, *, #6651, .T. );
#5728 = ORIENTED_EDGE( '', *, *, #7043, .F. );
#5729 = ORIENTED_EDGE( '', *, *, #6591, .F. );
#5730 = ORIENTED_EDGE( '', *, *, #6621, .F. );
#5731 = CARTESIAN_POINT( '', ( 8.15000000000000, 5.90000000000000, -0.650673834918257 ) );
#5732 = DIRECTION( '', ( 1.00000000000000, -0.000000000000000, -0.000000000000000 ) );
#5733 = DIRECTION( '', ( 0.000000000000000, 0.000000000000000, 1.00000000000000 ) );
#5734 = ORIENTED_EDGE( '', *, *, #7052, .T. );
#5735 = ORIENTED_EDGE( '', *, *, #7068, .T. );
#5736 = ORIENTED_EDGE( '', *, *, #6211, .F. );
#5737 = ORIENTED_EDGE( '', *, *, #6690, .F. );
#5738 = ORIENTED_EDGE( '', *, *, #6695, .F. );
#5739 = CARTESIAN_POINT( '', ( 1.05000000000000, -5.65000000000000, 0.400000000000000 ) );
#5740 = DIRECTION( '', ( -5.78241158658934E-016, 1.00000000000000, -0.000000000000000 ) );
#5741 = DIRECTION( '', ( 1.00000000000000, 5.78241158658934E-016, 0.000000000000000 ) );
#5742 = ORIENTED_EDGE( '', *, *, #7069, .T. );
#5743 = ORIENTED_EDGE( '', *, *, #6252, .T. );
#5744 = ORIENTED_EDGE( '', *, *, #7068, .F. );
#5745 = ORIENTED_EDGE( '', *, *, #7051, .T. );
#5746 = ORIENTED_EDGE( '', *, *, #7049, .T. );
#5747 = ORIENTED_EDGE( '', *, *, #7047, .T. );
#5748 = CARTESIAN_POINT( '', ( 0.000000000000000, 0.000000000000000, 0.500000000000000 ) );
#5749 = DIRECTION( '', ( 0.000000000000000, 0.000000000000000, -1.00000000000000 ) );
#5750 = DIRECTION( '', ( -1.00000000000000, 0.000000000000000, 0.000000000000000 ) );
#5751 = ORIENTED_EDGE( '', *, *, #7066, .F. );
#5752 = ORIENTED_EDGE( '', *, *, #7063, .T. );
#5753 = ORIENTED_EDGE( '', *, *, #7065, .T. );
#5754 = ORIENTED_EDGE( '', *, *, #6251, .T. );
#5755 = CARTESIAN_POINT( '', ( 0.000000000000000, 0.000000000000000, 0.500000000000000 ) );
#5756 = DIRECTION( '', ( 0.000000000000000, 0.000000000000000, -1.00000000000000 ) );
#5757 = DIRECTION( '', ( -1.00000000000000, 0.000000000000000, 0.000000000000000 ) );
#5758 = ORIENTED_EDGE( '', *, *, #6502, .T. );
#5759 = ORIENTED_EDGE( '', *, *, #6249, .T. );
#5760 = ORIENTED_EDGE( '', *, *, #7070, .F. );
#5761 = ORIENTED_EDGE( '', *, *, #6491, .T. );
#5762 = CARTESIAN_POINT( '', ( 0.000000000000000, 0.000000000000000, 0.500000000000000 ) );
#5763 = DIRECTION( '', ( 0.000000000000000, 0.000000000000000, -1.00000000000000 ) );
#5764 = DIRECTION( '', ( -1.00000000000000, 0.000000000000000, 0.000000000000000 ) );
#5765 = ORIENTED_EDGE( '', *, *, #6511, .T. );
#5766 = ORIENTED_EDGE( '', *, *, #6503, .T. );
#5767 = ORIENTED_EDGE( '', *, *, #6499, .T. );
#5768 = ORIENTED_EDGE( '', *, *, #6507, .T. );
#5769 = CARTESIAN_POINT( '', ( 5.95000000000000, -6.00000000000000, -0.600000000000000 ) );
#5770 = DIRECTION( '', ( 0.000000000000000, -0.591363663627517, 0.806404995855706 ) );
#5771 = DIRECTION( '', ( 0.000000000000000, -0.806404995855706, -0.591363663627517 ) );
#5772 = ORIENTED_EDGE( '', *, *, #6512, .F. );
#5773 = ORIENTED_EDGE( '', *, *, #7071, .F. );
#5774 = ORIENTED_EDGE( '', *, *, #6323, .F. );
#5775 = CARTESIAN_POINT( '', ( 3.55000000000000, -5.90000000000000, 0.400000000000000 ) );
#5776 = DIRECTION( '', ( 0.000000000000000, 0.000000000000000, 1.00000000000000 ) );
#5777 = DIRECTION( '', ( 1.00000000000000, 0.000000000000000, 0.000000000000000 ) );
#5778 = ORIENTED_EDGE( '', *, *, #7071, .T. );
#5779 = ORIENTED_EDGE( '', *, *, #7072, .F. );
#5780 = ORIENTED_EDGE( '', *, *, #6508, .F. );
#5781 = ORIENTED_EDGE( '', *, *, #6342, .F. );
#5782 = CARTESIAN_POINT( '', ( 3.55000000000000, -5.90000000000000, -0.600000000000000 ) );
#5783 = DIRECTION( '', ( -0.000000000000000, -0.000000000000000, 1.00000000000000 ) );
#5784 = DIRECTION( '', ( -1.00000000000000, 0.000000000000000, 0.000000000000000 ) );
#5785 = ORIENTED_EDGE( '', *, *, #6692, .F. );
#5786 = ORIENTED_EDGE( '', *, *, #6523, .T. );
#5787 = ORIENTED_EDGE( '', *, *, #6347, .F. );
#5788 = ORIENTED_EDGE( '', *, *, #6547, .T. );
#5789 = CARTESIAN_POINT( '', ( 8.15000000000000, -5.90000000000000, 0.400000000000000 ) );
#5790 = DIRECTION( '', ( -1.00000000000000, -0.000000000000000, -0.000000000000000 ) );
#5791 = DIRECTION( '', ( 0.000000000000000, 0.000000000000000, -1.00000000000000 ) );
#5792 = ORIENTED_EDGE( '', *, *, #6492, .T. );
#5793 = ORIENTED_EDGE( '', *, *, #7070, .T. );
#5794 = ORIENTED_EDGE( '', *, *, #6693, .F. );
#5795 = ORIENTED_EDGE( '', *, *, #6548, .F. );
#5796 = ORIENTED_EDGE( '', *, *, #7073, .F. );
#5797 = CARTESIAN_POINT( '', ( 1.45000000000000, -5.65000000000000, 0.400000000000000 ) );
#5798 = DIRECTION( '', ( 2.89120579329467E-016, -1.00000000000000, -0.000000000000000 ) );
#5799 = DIRECTION( '', ( -1.00000000000000, -2.89120579329467E-016, 0.000000000000000 ) );
#5800 = ORIENTED_EDGE( '', *, *, #7028, .T. );
#5801 = ORIENTED_EDGE( '', *, *, #6489, .T. );
#5802 = ORIENTED_EDGE( '', *, *, #6487, .T. );
#5803 = CARTESIAN_POINT( '', ( 5.95000000000000, -4.50000000000000, -0.600000000000000 ) );
#5804 = DIRECTION( '', ( -1.00000000000000, 0.000000000000000, 0.000000000000000 ) );
#5805 = DIRECTION( '', ( 0.000000000000000, 0.000000000000000, 1.00000000000000 ) );
#5806 = ORIENTED_EDGE( '', *, *, #6478, .T. );
#5807 = ORIENTED_EDGE( '', *, *, #7074, .T. );
#5808 = ORIENTED_EDGE( '', *, *, #6473, .T. );
#5809 = CARTESIAN_POINT( '', ( 4.05000000000000, -6.00000000000000, -0.600000000000000 ) );
#5810 = DIRECTION( '', ( 1.00000000000000, 1.15648231731787E-015, 0.000000000000000 ) );
#5811 = DIRECTION( '', ( -1.15648231731787E-015, 1.00000000000000, 0.000000000000000 ) );
#5812 = ORIENTED_EDGE( '', *, *, #6470, .T. );
#5813 = ORIENTED_EDGE( '', *, *, #6435, .F. );
#5814 = ORIENTED_EDGE( '', *, *, #7075, .F. );
#5815 = ORIENTED_EDGE( '', *, *, #7074, .F. );
#5816 = CARTESIAN_POINT( '', ( 3.95000000000000, -5.65000000000000, 0.400000000000000 ) );
#5817 = DIRECTION( '', ( 1.15648231731787E-015, -1.00000000000000, -0.000000000000000 ) );
#5818 = DIRECTION( '', ( -1.00000000000000, -1.15648231731787E-015, 0.000000000000000 ) );
#5819 = ORIENTED_EDGE( '', *, *, #6325, .F. );
#5820 = ORIENTED_EDGE( '', *, *, #6474, .T. );
#5821 = ORIENTED_EDGE( '', *, *, #7075, .T. );
#5822 = CARTESIAN_POINT( '', ( 3.95000000000000, -5.90000000000000, 0.400000000000000 ) );
#5823 = DIRECTION( '', ( 0.000000000000000, 0.000000000000000, 1.00000000000000 ) );
#5824 = DIRECTION( '', ( 1.00000000000000, 0.000000000000000, 0.000000000000000 ) );
#5825 = ORIENTED_EDGE( '', *, *, #6526, .T. );
#5826 = ORIENTED_EDGE( '', *, *, #6528, .T. );
#5827 = ORIENTED_EDGE( '', *, *, #6541, .T. );
#5828 = ORIENTED_EDGE( '', *, *, #7076, .T. );
#5829 = CARTESIAN_POINT( '', ( 5.95000000000000, -6.00000000000000, -0.600000000000000 ) );
#5830 = DIRECTION( '', ( 0.000000000000000, -0.591363663627517, 0.806404995855706 ) );
#5831 = DIRECTION( '', ( 0.000000000000000, -0.806404995855706, -0.591363663627517 ) );
#5832 = ORIENTED_EDGE( '', *, *, #6531, .T. );
#5833 = ORIENTED_EDGE( '', *, *, #6521, .T. );
#5834 = ORIENTED_EDGE( '', *, *, #6525, .T. );
#5835 = CARTESIAN_POINT( '', ( 0.950000000000000, -6.00000000000000, -0.600000000000000 ) );
#5836 = DIRECTION( '', ( 1.00000000000000, -5.78241158658934E-016, 0.000000000000000 ) );
#5837 = DIRECTION( '', ( 5.78241158658934E-016, 1.00000000000000, 0.000000000000000 ) );
#5838 = ORIENTED_EDGE( '', *, *, #6542, .T. );
#5839 = ORIENTED_EDGE( '', *, *, #6537, .T. );
#5840 = ORIENTED_EDGE( '', *, *, #6546, .T. );
#5841 = CARTESIAN_POINT( '', ( -0.950000000000000, -4.50000000000000, -0.600000000000000 ) );
#5842 = DIRECTION( '', ( -1.00000000000000, 1.44560289664733E-016, 0.000000000000000 ) );
#5843 = DIRECTION( '', ( -1.44560289664733E-016, -1.00000000000000, 0.000000000000000 ) );
#5844 = ORIENTED_EDGE( '', *, *, #6500, .T. );
#5845 = ORIENTED_EDGE( '', *, *, #7073, .T. );
#5846 = ORIENTED_EDGE( '', *, *, #6495, .T. );
#5847 = CARTESIAN_POINT( '', ( 1.55000000000000, -6.00000000000000, -0.600000000000000 ) );
#5848 = DIRECTION( '', ( 1.00000000000000, 2.89120579329467E-016, 0.000000000000000 ) );
#5849 = DIRECTION( '', ( -2.89120579329467E-016, 1.00000000000000, 0.000000000000000 ) );
#5850 = ORIENTED_EDGE( '', *, *, #7072, .T. );
#5851 = ORIENTED_EDGE( '', *, *, #6513, .T. );
#5852 = ORIENTED_EDGE( '', *, *, #6510, .T. );
#5853 = CARTESIAN_POINT( '', ( 3.45000000000000, -4.50000000000000, -0.600000000000000 ) );
#5854 = DIRECTION( '', ( -1.00000000000000, 2.89120579329467E-016, 0.000000000000000 ) );
#5855 = DIRECTION( '', ( -2.89120579329467E-016, -1.00000000000000, 0.000000000000000 ) );
#5856 = ORIENTED_EDGE( '', *, *, #6570, .T. );
#5857 = ORIENTED_EDGE( '', *, *, #6573, .T. );
#5858 = ORIENTED_EDGE( '', *, *, #6577, .T. );
#5859 = CARTESIAN_POINT( '', ( -1.55000000000000, -6.00000000000000, -0.600000000000000 ) );
#5860 = DIRECTION( '', ( 1.00000000000000, 0.000000000000000, 0.000000000000000 ) );
#5861 = DIRECTION( '', ( 0.000000000000000, 0.000000000000000, -1.00000000000000 ) );
#5862 = ORIENTED_EDGE( '', *, *, #6276, .F. );
#5863 = ORIENTED_EDGE( '', *, *, #6703, .T. );
#5864 = CARTESIAN_POINT( '', ( 0.000000000000000, 0.000000000000000, 3.00000000000000 ) );
#5865 = DIRECTION( '', ( 0.000000000000000, 0.000000000000000, -1.00000000000000 ) );
#5866 = DIRECTION( '', ( -1.00000000000000, 0.000000000000000, 0.000000000000000 ) );
#5867 = ORIENTED_EDGE( '', *, *, #6293, .T. );
#5868 = ORIENTED_EDGE( '', *, *, #6268, .F. );
#5869 = ORIENTED_EDGE( '', *, *, #6710, .T. );
#5870 = ORIENTED_EDGE( '', *, *, #6284, .F. );
#5871 = ORIENTED_EDGE( '', *, *, #6712, .T. );
#5872 = CARTESIAN_POINT( '', ( 0.000000000000000, 0.000000000000000, 3.00000000000000 ) );
#5873 = DIRECTION( '', ( 0.000000000000000, 0.000000000000000, -1.00000000000000 ) );
#5874 = DIRECTION( '', ( -1.00000000000000, 0.000000000000000, 0.000000000000000 ) );
#5875 = ORIENTED_EDGE( '', *, *, #6270, .T. );
#5876 = ORIENTED_EDGE( '', *, *, #6711, .T. );
#5877 = ORIENTED_EDGE( '', *, *, #6282, .T. );
#5878 = ORIENTED_EDGE( '', *, *, #6708, .T. );
#5879 = CARTESIAN_POINT( '', ( 5.65000000000000, 3.50000000000000, 3.00000000000000 ) );
#5880 = DIRECTION( '', ( 0.000000000000000, -1.00000000000000, 0.000000000000000 ) );
#5881 = DIRECTION( '', ( 0.000000000000000, 0.000000000000000, -1.00000000000000 ) );
#5882 = ORIENTED_EDGE( '', *, *, #6617, .F. );
#5883 = ORIENTED_EDGE( '', *, *, #7077, .T. );
#5884 = ORIENTED_EDGE( '', *, *, #6443, .F. );
#5885 = ORIENTED_EDGE( '', *, *, #6396, .F. );
#5886 = CARTESIAN_POINT( '', ( -3.45951294954821E-016, 5.90000000000000, 0.400000000000000 ) );
#5887 = DIRECTION( '', ( 1.00000000000000, -0.000000000000000, -0.000000000000000 ) );
#5888 = DIRECTION( '', ( 0.000000000000000, 0.000000000000000, 1.00000000000000 ) );
#5889 = ORIENTED_EDGE( '', *, *, #7078, .T. );
#5890 = ORIENTED_EDGE( '', *, *, #7079, .T. );
#5891 = ORIENTED_EDGE( '', *, *, #7044, .T. );
#5892 = CARTESIAN_POINT( '', ( -0.950000000000000, 4.50000000000000, -0.600000000000000 ) );
#5893 = DIRECTION( '', ( 1.00000000000000, 1.30104260698260E-015, 0.000000000000000 ) );
#5894 = DIRECTION( '', ( -1.30104260698260E-015, 1.00000000000000, 0.000000000000000 ) );
#5895 = ORIENTED_EDGE( '', *, *, #6595, .T. );
#5896 = ORIENTED_EDGE( '', *, *, #6585, .T. );
#5897 = ORIENTED_EDGE( '', *, *, #6587, .T. );
#5898 = CARTESIAN_POINT( '', ( -4.05000000000000, 6.00000000000000, -0.600000000000000 ) );
#5899 = DIRECTION( '', ( -1.00000000000000, 0.000000000000000, 0.000000000000000 ) );
#5900 = DIRECTION( '', ( 0.000000000000000, 0.000000000000000, 1.00000000000000 ) );
#5901 = ORIENTED_EDGE( '', *, *, #7067, .T. );
#5902 = ORIENTED_EDGE( '', *, *, #7080, .T. );
#5903 = ORIENTED_EDGE( '', *, *, #7081, .T. );
#5904 = CARTESIAN_POINT( '', ( -5.95000000000000, 4.50000000000000, -0.600000000000000 ) );
#5905 = DIRECTION( '', ( 1.00000000000000, 0.000000000000000, 0.000000000000000 ) );
#5906 = DIRECTION( '', ( 0.000000000000000, 0.000000000000000, -1.00000000000000 ) );
#5907 = ORIENTED_EDGE( '', *, *, #6684, .T. );
#5908 = ORIENTED_EDGE( '', *, *, #6687, .T. );
#5909 = ORIENTED_EDGE( '', *, *, #6686, .T. );
#5910 = CARTESIAN_POINT( '', ( -1.55000000000000, 6.00000000000000, -0.600000000000000 ) );
#5911 = DIRECTION( '', ( -1.00000000000000, 0.000000000000000, 0.000000000000000 ) );
#5912 = DIRECTION( '', ( 0.000000000000000, 0.000000000000000, 1.00000000000000 ) );
#5913 = ORIENTED_EDGE( '', *, *, #7082, .T. );
#5914 = ORIENTED_EDGE( '', *, *, #6673, .T. );
#5915 = ORIENTED_EDGE( '', *, *, #6677, .T. );
#5916 = CARTESIAN_POINT( '', ( -3.45000000000000, 4.50000000000000, -0.600000000000000 ) );
#5917 = DIRECTION( '', ( 1.00000000000000, -2.89120579329467E-016, 0.000000000000000 ) );
#5918 = DIRECTION( '', ( 2.89120579329467E-016, 1.00000000000000, 0.000000000000000 ) );
#5919 = ORIENTED_EDGE( '', *, *, #7083, .T. );
#5920 = ORIENTED_EDGE( '', *, *, #7084, .T. );
#5921 = ORIENTED_EDGE( '', *, *, #7085, .T. );
#5922 = CARTESIAN_POINT( '', ( 4.05000000000000, 6.00000000000000, -0.600000000000000 ) );
#5923 = DIRECTION( '', ( -1.00000000000000, 1.15648231731787E-015, 0.000000000000000 ) );
#5924 = DIRECTION( '', ( -1.15648231731787E-015, -1.00000000000000, 0.000000000000000 ) );
#5925 = ORIENTED_EDGE( '', *, *, #7086, .T. );
#5926 = ORIENTED_EDGE( '', *, *, #7087, .T. );
#5927 = ORIENTED_EDGE( '', *, *, #6583, .T. );
#5928 = CARTESIAN_POINT( '', ( 5.95000000000000, 4.50000000000000, -0.600000000000000 ) );
#5929 = DIRECTION( '', ( 1.00000000000000, 0.000000000000000, 0.000000000000000 ) );
#5930 = DIRECTION( '', ( 0.000000000000000, 0.000000000000000, -1.00000000000000 ) );
#5931 = ORIENTED_EDGE( '', *, *, #6404, .F. );
#5932 = ORIENTED_EDGE( '', *, *, #6674, .T. );
#5933 = ORIENTED_EDGE( '', *, *, #7088, .T. );
#5934 = CARTESIAN_POINT( '', ( -3.55000000000000, 5.90000000000000, 0.400000000000000 ) );
#5935 = DIRECTION( '', ( 0.000000000000000, 0.000000000000000, 1.00000000000000 ) );
#5936 = DIRECTION( '', ( 1.00000000000000, 0.000000000000000, 0.000000000000000 ) );
#5937 = ORIENTED_EDGE( '', *, *, #6715, .F. );
#5938 = ORIENTED_EDGE( '', *, *, #7089, .F. );
#5939 = ORIENTED_EDGE( '', *, *, #7090, .T. );
#5940 = ORIENTED_EDGE( '', *, *, #6730, .T. );
#5941 = CARTESIAN_POINT( '', ( -4.42752481230478E-016, 7.23093555489908, -2.67500000000013 ) );
#5942 = DIRECTION( '', ( -1.00000000000000, -6.12303176911189E-017, -0.000000000000000 ) );
#5943 = DIRECTION( '', ( -6.12303176911189E-017, 1.00000000000000, 0.000000000000000 ) );
#5944 = ORIENTED_EDGE( '', *, *, #7091, .T. );
#5945 = ORIENTED_EDGE( '', *, *, #6722, .F. );
#5946 = ORIENTED_EDGE( '', *, *, #6729, .F. );
#5947 = ORIENTED_EDGE( '', *, *, #7092, .T. );
#5948 = CARTESIAN_POINT( '', ( -4.42752481230478E-016, 7.23093555489908, -2.67500000000013 ) );
#5949 = DIRECTION( '', ( -1.00000000000000, -6.12303176911189E-017, -0.000000000000000 ) );
#5950 = DIRECTION( '', ( -6.12303176911189E-017, 1.00000000000000, 0.000000000000000 ) );
#5951 = ORIENTED_EDGE( '', *, *, #7090, .F. );
#5952 = ORIENTED_EDGE( '', *, *, #7093, .F. );
#5953 = ORIENTED_EDGE( '', *, *, #7094, .T. );
#5954 = ORIENTED_EDGE( '', *, *, #6731, .T. );
#5955 = CARTESIAN_POINT( '', ( 6.60000000000000, 6.49640333234861, -1.07909437799420 ) );
#5956 = DIRECTION( '', ( -2.12781136531522E-016, 0.945530156854504, 0.325534518106293 ) );
#5957 = DIRECTION( '', ( 0.000000000000000, -0.325534518106293, 0.945530156854504 ) );
#5958 = ORIENTED_EDGE( '', *, *, #7095, .T. );
#5959 = ORIENTED_EDGE( '', *, *, #7092, .F. );
#5960 = ORIENTED_EDGE( '', *, *, #6728, .F. );
#5961 = ORIENTED_EDGE( '', *, *, #6737, .T. );
#5962 = CARTESIAN_POINT( '', ( 5.90000000000000, 6.16546777744954, -1.19303145933140 ) );
#5963 = DIRECTION( '', ( 5.78951118907348E-017, -0.945530156854504, -0.325534518106293 ) );
#5964 = DIRECTION( '', ( 0.000000000000000, 0.325534518106293, -0.945530156854504 ) );
#5965 = ORIENTED_EDGE( '', *, *, #7094, .F. );
#5966 = ORIENTED_EDGE( '', *, *, #7096, .F. );
#5967 = ORIENTED_EDGE( '', *, *, #6643, .T. );
#5968 = ORIENTED_EDGE( '', *, *, #6732, .T. );
#5969 = CARTESIAN_POINT( '', ( -3.67381906146713E-016, 6.00000000000000, -1.25000000000000 ) );
#5970 = DIRECTION( '', ( 1.00000000000000, 6.12303176911189E-017, -0.000000000000000 ) );
#5971 = DIRECTION( '', ( 6.12303176911189E-017, -1.00000000000000, 0.000000000000000 ) );
#5972 = ORIENTED_EDGE( '', *, *, #7096, .T. );
#5973 = ORIENTED_EDGE( '', *, *, #7093, .T. );
#5974 = ORIENTED_EDGE( '', *, *, #7089, .T. );
#5975 = ORIENTED_EDGE( '', *, *, #6714, .T. );
#5976 = ORIENTED_EDGE( '', *, *, #6719, .F. );
#5977 = ORIENTED_EDGE( '', *, *, #6720, .F. );
#5978 = ORIENTED_EDGE( '', *, *, #7091, .F. );
#5979 = ORIENTED_EDGE( '', *, *, #7095, .F. );
#5980 = ORIENTED_EDGE( '', *, *, #6736, .F. );
#5981 = ORIENTED_EDGE( '', *, *, #6644, .T. );
#5982 = CARTESIAN_POINT( '', ( 5.90000000000000, 6.00000000000000, -0.725000000000000 ) );
#5983 = DIRECTION( '', ( -1.00000000000000, -6.12303176911189E-017, 0.000000000000000 ) );
#5984 = DIRECTION( '', ( 6.12303176911189E-017, -1.00000000000000, 0.000000000000000 ) );
#5985 = ORIENTED_EDGE( '', *, *, #6544, .T. );
#5986 = ORIENTED_EDGE( '', *, *, #6350, .F. );
#5987 = ORIENTED_EDGE( '', *, *, #6532, .F. );
#5988 = ORIENTED_EDGE( '', *, *, #7076, .F. );
#5989 = CARTESIAN_POINT( '', ( 5.95000000000000, -5.90000000000000, -0.650673834918257 ) );
#5990 = DIRECTION( '', ( 1.00000000000000, -0.000000000000000, -0.000000000000000 ) );
#5991 = DIRECTION( '', ( 0.000000000000000, 0.000000000000000, 1.00000000000000 ) );
#5992 = ORIENTED_EDGE( '', *, *, #6551, .T. );
#5993 = ORIENTED_EDGE( '', *, *, #6228, .F. );
#5994 = ORIENTED_EDGE( '', *, *, #7097, .F. );
#5995 = ORIENTED_EDGE( '', *, *, #7080, .F. );
#5996 = CARTESIAN_POINT( '', ( -6.05000000000000, -5.65000000000000, 0.400000000000000 ) );
#5997 = DIRECTION( '', ( -0.000000000000000, -1.00000000000000, -0.000000000000000 ) );
#5998 = DIRECTION( '', ( 0.000000000000000, 0.000000000000000, 1.00000000000000 ) );
#5999 = ORIENTED_EDGE( '', *, *, #6650, .F. );
#6000 = ORIENTED_EDGE( '', *, *, #7081, .F. );
#6001 = ORIENTED_EDGE( '', *, *, #7098, .F. );
#6002 = ORIENTED_EDGE( '', *, *, #7042, .F. );
#6003 = CARTESIAN_POINT( '', ( -5.85000000000000, 6.05913636636275, -0.519359500414431 ) );
#6004 = DIRECTION( '', ( -0.000000000000000, 0.806404995855706, -0.591363663627517 ) );
#6005 = DIRECTION( '', ( 0.000000000000000, -0.591363663627517, -0.806404995855706 ) );
#6006 = ORIENTED_EDGE( '', *, *, #7097, .T. );
#6007 = ORIENTED_EDGE( '', *, *, #6227, .F. );
#6008 = ORIENTED_EDGE( '', *, *, #6596, .F. );
#6009 = ORIENTED_EDGE( '', *, *, #7098, .T. );
#6010 = ORIENTED_EDGE( '', *, *, #7099, .T. );
#6011 = ORIENTED_EDGE( '', *, *, #6448, .F. );
#6012 = ORIENTED_EDGE( '', *, *, #7100, .T. );
#6013 = ORIENTED_EDGE( '', *, *, #7084, .F. );
#6014 = CARTESIAN_POINT( '', ( 3.95000000000000, 6.00000000000000, 0.400000000000000 ) );
#6015 = DIRECTION( '', ( -1.15648231731787E-015, -1.00000000000000, -0.000000000000000 ) );
#6016 = DIRECTION( '', ( -1.00000000000000, 1.15648231731787E-015, 0.000000000000000 ) );
#6017 = ORIENTED_EDGE( '', *, *, #7059, .F. );
#6018 = ORIENTED_EDGE( '', *, *, #6612, .F. );
#6019 = ORIENTED_EDGE( '', *, *, #6660, .F. );
#6020 = ORIENTED_EDGE( '', *, *, #6699, .F. );
#6021 = CARTESIAN_POINT( '', ( 3.55000000000000, 5.90000000000000, 0.500000000000000 ) );
#6022 = DIRECTION( '', ( -0.000000000000000, -0.000000000000000, 1.00000000000000 ) );
#6023 = DIRECTION( '', ( -1.00000000000000, 0.000000000000000, 0.000000000000000 ) );
#6024 = ORIENTED_EDGE( '', *, *, #7101, .T. );
#6025 = ORIENTED_EDGE( '', *, *, #7102, .T. );
#6026 = ORIENTED_EDGE( '', *, *, #7100, .F. );
#6027 = ORIENTED_EDGE( '', *, *, #6447, .F. );
#6028 = ORIENTED_EDGE( '', *, *, #7103, .T. );
#6029 = ORIENTED_EDGE( '', *, *, #6416, .F. );
#6030 = ORIENTED_EDGE( '', *, *, #7099, .F. );
#6031 = CARTESIAN_POINT( '', ( 3.95000000000000, 5.90000000000000, 0.400000000000000 ) );
#6032 = DIRECTION( '', ( 0.000000000000000, 0.000000000000000, 1.00000000000000 ) );
#6033 = DIRECTION( '', ( 1.00000000000000, 0.000000000000000, 0.000000000000000 ) );
#6034 = ORIENTED_EDGE( '', *, *, #7104, .T. );
#6035 = ORIENTED_EDGE( '', *, *, #7035, .F. );
#6036 = ORIENTED_EDGE( '', *, *, #7101, .F. );
#6037 = ORIENTED_EDGE( '', *, *, #6446, .F. );
#6038 = CARTESIAN_POINT( '', ( 5.95000000000000, 4.46726295238420, 0.400000000000000 ) );
#6039 = DIRECTION( '', ( 1.00000000000000, -0.000000000000000, -0.000000000000000 ) );
#6040 = DIRECTION( '', ( 0.000000000000000, 0.000000000000000, 1.00000000000000 ) );
#6041 = ORIENTED_EDGE( '', *, *, #6654, .T. );
#6042 = ORIENTED_EDGE( '', *, *, #7085, .F. );
#6043 = ORIENTED_EDGE( '', *, *, #7102, .F. );
#6044 = ORIENTED_EDGE( '', *, *, #7034, .F. );
#6045 = CARTESIAN_POINT( '', ( 4.15000000000000, 6.05913636636275, -0.519359500414432 ) );
#6046 = DIRECTION( '', ( -9.32593118303914E-016, -0.806404995855706, 0.591363663627517 ) );
#6047 = DIRECTION( '', ( 0.000000000000000, 0.591363663627517, 0.806404995855706 ) );
#6048 = ORIENTED_EDGE( '', *, *, #7105, .T. );
#6049 = ORIENTED_EDGE( '', *, *, #7087, .F. );
#6050 = ORIENTED_EDGE( '', *, *, #7106, .F. );
#6051 = ORIENTED_EDGE( '', *, *, #6444, .F. );
#6052 = CARTESIAN_POINT( '', ( 6.05000000000000, 4.50000000000000, 0.400000000000000 ) );
#6053 = DIRECTION( '', ( -0.000000000000000, 1.00000000000000, -0.000000000000000 ) );
#6054 = DIRECTION( '', ( 0.000000000000000, 0.000000000000000, -1.00000000000000 ) );
#6055 = ORIENTED_EDGE( '', *, *, #6656, .T. );
#6056 = ORIENTED_EDGE( '', *, *, #7036, .F. );
#6057 = ORIENTED_EDGE( '', *, *, #7107, .F. );
#6058 = ORIENTED_EDGE( '', *, *, #7086, .F. );
#6059 = CARTESIAN_POINT( '', ( 5.85000000000000, 5.08370284035119, 0.195958418660715 ) );
#6060 = DIRECTION( '', ( -0.000000000000000, -0.806404995855706, 0.591363663627517 ) );
#6061 = DIRECTION( '', ( 0.000000000000000, 0.591363663627517, 0.806404995855706 ) );
#6062 = ORIENTED_EDGE( '', *, *, #6653, .T. );
#6063 = ORIENTED_EDGE( '', *, *, #6613, .F. );
#6064 = ORIENTED_EDGE( '', *, *, #7103, .F. );
#6065 = ORIENTED_EDGE( '', *, *, #7083, .F. );
#6066 = CARTESIAN_POINT( '', ( 3.95000000000000, 5.90000000000000, -0.600000000000000 ) );
#6067 = DIRECTION( '', ( -0.000000000000000, -0.000000000000000, 1.00000000000000 ) );
#6068 = DIRECTION( '', ( -1.00000000000000, 0.000000000000000, 0.000000000000000 ) );
#6069 = ORIENTED_EDGE( '', *, *, #7106, .T. );
#6070 = ORIENTED_EDGE( '', *, *, #7107, .T. );
#6071 = ORIENTED_EDGE( '', *, *, #7104, .F. );
#6072 = ORIENTED_EDGE( '', *, *, #6445, .F. );
#6073 = ORIENTED_EDGE( '', *, *, #7077, .F. );
#6074 = ORIENTED_EDGE( '', *, *, #6580, .T. );
#6075 = ORIENTED_EDGE( '', *, *, #7105, .F. );
#6076 = CARTESIAN_POINT( '', ( 6.05000000000000, 5.90000000000000, 0.400000000000000 ) );
#6077 = DIRECTION( '', ( 0.000000000000000, 0.000000000000000, 1.00000000000000 ) );
#6078 = DIRECTION( '', ( 1.00000000000000, 0.000000000000000, 0.000000000000000 ) );
#6079 = ORIENTED_EDGE( '', *, *, #6655, .T. );
#6080 = ORIENTED_EDGE( '', *, *, #6615, .F. );
#6081 = ORIENTED_EDGE( '', *, *, #6652, .F. );
#6082 = ORIENTED_EDGE( '', *, *, #7037, .F. );
#6083 = CARTESIAN_POINT( '', ( 5.95000000000000, 5.90000000000000, -0.650673834918257 ) );
#6084 = DIRECTION( '', ( -1.00000000000000, -0.000000000000000, -0.000000000000000 ) );
#6085 = DIRECTION( '', ( 0.000000000000000, 0.000000000000000, -1.00000000000000 ) );
#6086 = ORIENTED_EDGE( '', *, *, #7108, .F. );
#6087 = ORIENTED_EDGE( '', *, *, #7109, .F. );
#6088 = ORIENTED_EDGE( '', *, *, #6412, .F. );
#6089 = CARTESIAN_POINT( '', ( -1.05000000000000, 5.90000000000000, 0.400000000000000 ) );
#6090 = DIRECTION( '', ( 0.000000000000000, 0.000000000000000, 1.00000000000000 ) );
#6091 = DIRECTION( '', ( 1.00000000000000, 0.000000000000000, 0.000000000000000 ) );
#6092 = ORIENTED_EDGE( '', *, *, #7108, .T. );
#6093 = ORIENTED_EDGE( '', *, *, #6691, .F. );
#6094 = ORIENTED_EDGE( '', *, *, #7069, .F. );
#6095 = ORIENTED_EDGE( '', *, *, #7046, .F. );
#6096 = ORIENTED_EDGE( '', *, *, #7079, .F. );
#6097 = CARTESIAN_POINT( '', ( -1.04999999999999, -5.65000000000000, 0.400000000000000 ) );
#6098 = DIRECTION( '', ( 1.30104260698260E-015, -1.00000000000000, -0.000000000000000 ) );
#6099 = DIRECTION( '', ( -1.00000000000000, -1.30104260698260E-015, 0.000000000000000 ) );
#6100 = ORIENTED_EDGE( '', *, *, #7109, .T. );
#6101 = ORIENTED_EDGE( '', *, *, #7078, .F. );
#6102 = ORIENTED_EDGE( '', *, *, #6666, .F. );
#6103 = ORIENTED_EDGE( '', *, *, #6603, .F. );
#6104 = CARTESIAN_POINT( '', ( -1.05000000000000, 5.90000000000000, -0.600000000000000 ) );
#6105 = DIRECTION( '', ( -0.000000000000000, -0.000000000000000, -1.00000000000000 ) );
#6106 = DIRECTION( '', ( 1.00000000000000, 0.000000000000000, 0.000000000000000 ) );
#6107 = ORIENTED_EDGE( '', *, *, #6670, .T. );
#6108 = ORIENTED_EDGE( '', *, *, #6598, .F. );
#6109 = ORIENTED_EDGE( '', *, *, #7088, .F. );
#6110 = ORIENTED_EDGE( '', *, *, #7082, .F. );
#6111 = CARTESIAN_POINT( '', ( -3.55000000000000, 5.90000000000000, -0.600000000000000 ) );
#6112 = DIRECTION( '', ( -0.000000000000000, -0.000000000000000, -1.00000000000000 ) );
#6113 = DIRECTION( '', ( 1.00000000000000, 0.000000000000000, 0.000000000000000 ) );
#6114 = COLOUR_RGB( '', 0.200000002980232, 0.200000002980232, 0.200000002980232 );
#6115 = CARTESIAN_POINT( '', ( -5.95000000000000, 3.35000000000000, 0.000000000000000 ) );
#6116 = CARTESIAN_POINT( '', ( -7.30000000000000, 3.35000000000000, -3.44431912260194E-016 ) );
#6117 = CARTESIAN_POINT( '', ( -7.30000000000000, 3.35000000000000, -3.44431912260194E-016 ) );
#6118 = VECTOR( '', #7110, 1000.00000000000 );
#6119 = CARTESIAN_POINT( '', ( -5.95000000000000, -3.35000000000000, 0.000000000000000 ) );
#6120 = CARTESIAN_POINT( '', ( -5.95000000000000, -3.35000000000000, 0.000000000000000 ) );
#6121 = VECTOR( '', #7111, 1000.00000000000 );
#6122 = CARTESIAN_POINT( '', ( -7.30000000000000, -3.35000000000000, -3.44431912260194E-016 ) );
#6123 = CARTESIAN_POINT( '', ( -7.30000000000000, -3.35000000000000, -3.44431912260194E-016 ) );
#6124 = VECTOR( '', #7112, 1000.00000000000 );
#6125 = CARTESIAN_POINT( '', ( -7.30000000000000, -3.35000000000000, -3.44431912260194E-016 ) );
#6126 = VECTOR( '', #7113, 1000.00000000000 );
#6127 = COLOUR_RGB( '', 0.200000002980232, 0.200000002980232, 0.200000002980232 );
#6128 = CARTESIAN_POINT( '', ( -2.40000000000000, 0.000000000000000, 1.80000000000000 ) );
#6129 = AXIS2_PLACEMENT_3D( '', #7114, #7115, #7116 );
#6130 = CARTESIAN_POINT( '', ( -5.95000000000000, -2.85000000000000, 1.80000000000000 ) );
#6131 = CARTESIAN_POINT( '', ( -5.95000000000000, 2.85000000000000, 1.80000000000000 ) );
#6132 = CARTESIAN_POINT( '', ( -5.95000000000000, -3.35000000000000, 1.80000000000000 ) );
#6133 = VECTOR( '', #7117, 1000.00000000000 );
#6134 = CARTESIAN_POINT( '', ( 5.95000000000000, 2.85000000000000, 1.80000000000000 ) );
#6135 = CARTESIAN_POINT( '', ( -5.95000000000000, 2.85000000000000, 1.80000000000000 ) );
#6136 = VECTOR( '', #7118, 1000.00000000000 );
#6137 = CARTESIAN_POINT( '', ( 5.95000000000000, -2.85000000000000, 1.80000000000000 ) );
#6138 = CARTESIAN_POINT( '', ( 5.95000000000000, -3.35000000000000, 1.80000000000000 ) );
#6139 = VECTOR( '', #7119, 1000.00000000000 );
#6140 = CARTESIAN_POINT( '', ( -5.95000000000000, -2.85000000000000, 1.80000000000000 ) );
#6141 = VECTOR( '', #7120, 1000.00000000000 );
#6142 = COLOUR_RGB( '', 0.200000002980232, 0.200000002980232, 0.200000002980232 );
#6143 = CARTESIAN_POINT( '', ( 5.95000000000000, 3.35000000000000, 0.000000000000000 ) );
#6144 = CARTESIAN_POINT( '', ( 5.95000000000000, 3.35000000000000, 2.30000000000000 ) );
#6145 = CARTESIAN_POINT( '', ( 5.95000000000000, 3.35000000000000, 1.80000000000000 ) );
#6146 = VECTOR( '', #7121, 1000.00000000000 );
#6147 = CARTESIAN_POINT( '', ( 5.95000000000000, -3.35000000000000, 0.000000000000000 ) );
#6148 = CARTESIAN_POINT( '', ( 5.95000000000000, -3.35000000000000, 0.000000000000000 ) );
#6149 = VECTOR( '', #7122, 1000.00000000000 );
#6150 = CARTESIAN_POINT( '', ( 5.95000000000000, -3.35000000000000, 2.30000000000000 ) );
#6151 = CARTESIAN_POINT( '', ( 5.95000000000000, -3.35000000000000, 1.80000000000000 ) );
#6152 = VECTOR( '', #7123, 1000.00000000000 );
#6153 = AXIS2_PLACEMENT_3D( '', #7124, #7125, #7126 );
#6154 = AXIS2_PLACEMENT_3D( '', #7127, #7128, #7129 );
#6155 = COLOUR_RGB( '', 0.200000002980232, 0.200000002980232, 0.200000002980232 );
#6156 = CARTESIAN_POINT( '', ( 7.30000000000000, 3.35000000000000, 3.00000000000000 ) );
#6157 = CARTESIAN_POINT( '', ( 7.30000000000000, 3.35000000000000, -4.33680868994202E-016 ) );
#6158 = CARTESIAN_POINT( '', ( 7.30000000000000, 3.35000000000000, 3.00000000000000 ) );
#6159 = VECTOR( '', #7130, 1000.00000000000 );
#6160 = CARTESIAN_POINT( '', ( 7.30000000000000, -3.35000000000000, 3.00000000000000 ) );
#6161 = CARTESIAN_POINT( '', ( 7.30000000000000, -3.35000000000000, 3.00000000000000 ) );
#6162 = VECTOR( '', #7131, 1000.00000000000 );
#6163 = CARTESIAN_POINT( '', ( 7.30000000000000, -3.35000000000000, -4.33680868994202E-016 ) );
#6164 = CARTESIAN_POINT( '', ( 7.30000000000000, -3.35000000000000, 3.00000000000000 ) );
#6165 = VECTOR( '', #7132, 1000.00000000000 );
#6166 = CARTESIAN_POINT( '', ( 7.30000000000000, -3.35000000000000, -4.33680868994202E-016 ) );
#6167 = VECTOR( '', #7133, 1000.00000000000 );
#6168 = COLOUR_RGB( '', 0.200000002980232, 0.200000002980232, 0.200000002980232 );
#6169 = CARTESIAN_POINT( '', ( -5.95000000000000, 3.35000000000000, 2.30000000000000 ) );
#6170 = CARTESIAN_POINT( '', ( -5.95000000000000, 3.35000000000000, 0.000000000000000 ) );
#6171 = VECTOR( '', #7134, 1000.00000000000 );
#6172 = AXIS2_PLACEMENT_3D( '', #7135, #7136, #7137 );
#6173 = CARTESIAN_POINT( '', ( -5.95000000000000, -3.35000000000000, 2.30000000000000 ) );
#6174 = AXIS2_PLACEMENT_3D( '', #7138, #7139, #7140 );
#6175 = CARTESIAN_POINT( '', ( -5.95000000000000, -3.35000000000000, 0.000000000000000 ) );
#6176 = VECTOR( '', #7141, 1000.00000000000 );
#6177 = COLOUR_RGB( '', 0.200000002980232, 0.200000002980232, 0.200000002980232 );
#6178 = CARTESIAN_POINT( '', ( 5.95000000000000, -3.35000000000000, 2.30000000000000 ) );
#6179 = VECTOR( '', #7142, 1000.00000000000 );
#6180 = COLOUR_RGB( '', 0.200000002980232, 0.200000002980232, 0.200000002980232 );
#6181 = CARTESIAN_POINT( '', ( -7.30000000000000, 3.35000000000000, 2.30000000000000 ) );
#6182 = VECTOR( '', #7143, 1000.00000000000 );
#6183 = CARTESIAN_POINT( '', ( -7.30000000000000, 3.35000000000000, 3.00000000000000 ) );
#6184 = CARTESIAN_POINT( '', ( -7.30000000000000, 3.35000000000000, -3.44431912260194E-016 ) );
#6185 = VECTOR( '', #7144, 1000.00000000000 );
#6186 = CARTESIAN_POINT( '', ( -7.30000000000000, 3.35000000000000, 3.00000000000000 ) );
#6187 = VECTOR( '', #7145, 1000.00000000000 );
#6188 = CARTESIAN_POINT( '', ( 7.30000000000000, 3.35000000000000, -3.44431912260194E-016 ) );
#6189 = VECTOR( '', #7146, 1000.00000000000 );
#6190 = COLOUR_RGB( '', 0.200000002980232, 0.200000002980232, 0.200000002980232 );
#6191 = CARTESIAN_POINT( '', ( 2.40000000000000, 0.000000000000000, 0.000000000000000 ) );
#6192 = AXIS2_PLACEMENT_3D( '', #7147, #7148, #7149 );
#6193 = COLOUR_RGB( '', 0.200000002980232, 0.200000002980232, 0.200000002980232 );
#6194 = COLOUR_RGB( '', 0.200000002980232, 0.200000002980232, 0.200000002980232 );
#6195 = CARTESIAN_POINT( '', ( -7.30000000000000, -3.35000000000000, 3.00000000000000 ) );
#6196 = CARTESIAN_POINT( '', ( -7.30000000000000, -3.35000000000000, -3.44431912260194E-016 ) );
#6197 = VECTOR( '', #7150, 1000.00000000000 );
#6198 = CARTESIAN_POINT( '', ( -7.30000000000000, -3.35000000000000, 3.00000000000000 ) );
#6199 = VECTOR( '', #7151, 1000.00000000000 );
#6200 = COLOUR_RGB( '', 0.200000002980232, 0.200000002980232, 0.200000002980232 );
#6201 = CARTESIAN_POINT( '', ( -7.30000000000000, -3.35000000000000, 3.00000000000000 ) );
#6202 = VECTOR( '', #7152, 1000.00000000000 );
#6203 = COLOUR_RGB( '', 0.200000002980232, 0.200000002980232, 0.200000002980232 );
#6204 = CARTESIAN_POINT( '', ( 7.30000000000000, -3.35000000000000, -3.44431912260194E-016 ) );
#6205 = VECTOR( '', #7153, 1000.00000000000 );
#6206 = COLOUR_RGB( '', 0.200000002980232, 0.200000002980232, 0.200000002980232 );
#6207 = COLOUR_RGB( '', 0.200000002980232, 0.200000002980232, 0.200000002980232 );
#6208 = EDGE_CURVE( '', #7154, #7155, #7156, .T. );
#6209 = EDGE_CURVE( '', #7155, #7157, #7158, .F. );
#6210 = EDGE_CURVE( '', #7157, #7159, #7160, .T. );
#6211 = EDGE_CURVE( '', #7159, #7154, #7161, .T. );
#6212 = EDGE_CURVE( '', #7162, #7163, #7164, .T. );
#6213 = EDGE_CURVE( '', #7165, #7162, #7166, .T. );
#6214 = EDGE_CURVE( '', #7163, #7165, #7167, .F. );
#6215 = EDGE_CURVE( '', #7168, #7169, #7170, .F. );
#6216 = EDGE_CURVE( '', #7171, #7169, #7172, .F. );
#6217 = EDGE_CURVE( '', #7173, #7171, #7174, .T. );
#6218 = EDGE_CURVE( '', #7175, #7173, #7176, .T. );
#6219 = EDGE_CURVE( '', #7168, #7175, #7177, .T. );
#6220 = EDGE_CURVE( '', #7178, #7175, #7179, .T. );
#6221 = EDGE_CURVE( '', #7173, #7180, #7181, .F. );
#6222 = EDGE_CURVE( '', #7180, #7182, #7183, .T. );
#6223 = EDGE_CURVE( '', #7182, #7184, #7185, .T. );
#6224 = EDGE_CURVE( '', #7184, #7186, #7187, .T. );
#6225 = EDGE_CURVE( '', #7186, #7188, #7189, .F. );
#6226 = EDGE_CURVE( '', #7188, #7190, #7191, .T. );
#6227 = EDGE_CURVE( '', #7190, #7192, #7193, .F. );
#6228 = EDGE_CURVE( '', #7192, #7194, #7195, .T. );
#6229 = EDGE_CURVE( '', #7194, #7196, #7197, .T. );
#6230 = EDGE_CURVE( '', #7196, #7198, #7199, .F. );
#6231 = EDGE_CURVE( '', #7200, #7198, #7201, .T. );
#6232 = EDGE_CURVE( '', #7202, #7200, #7203, .T. );
#6233 = EDGE_CURVE( '', #7202, #7204, #7205, .T. );
#6234 = EDGE_CURVE( '', #7204, #7206, #7207, .T. );
#6235 = EDGE_CURVE( '', #7206, #7208, #7209, .F. );
#6236 = EDGE_CURVE( '', #7208, #7210, #7211, .F. );
#6237 = EDGE_CURVE( '', #7210, #7212, #7213, .F. );
#6238 = EDGE_CURVE( '', #7212, #7214, #7215, .F. );
#6239 = EDGE_CURVE( '', #7214, #7216, #7217, .F. );
#6240 = EDGE_CURVE( '', #7216, #7218, #7219, .F. );
#6241 = EDGE_CURVE( '', #7218, #7220, #7221, .F. );
#6242 = EDGE_CURVE( '', #7220, #7222, #7223, .F. );
#6243 = EDGE_CURVE( '', #7222, #7224, #7225, .F. );
#6244 = EDGE_CURVE( '', #7224, #7178, #7226, .F. );
#6245 = EDGE_CURVE( '', #7227, #7228, #7229, .F. );
#6246 = EDGE_CURVE( '', #7227, #7168, #7230, .F. );
#6247 = EDGE_CURVE( '', #7175, #7228, #7231, .T. );
#6248 = EDGE_CURVE( '', #7232, #7232, #7233, .T. );
#6249 = EDGE_CURVE( '', #7234, #7235, #7236, .T. );
#6250 = EDGE_CURVE( '', #7237, #7234, #7238, .T. );
#6251 = EDGE_CURVE( '', #7155, #7237, #7239, .T. );
#6252 = EDGE_CURVE( '', #7240, #7154, #7241, .T. );
#6253 = EDGE_CURVE( '', #7228, #7240, #7242, .T. );
#6254 = EDGE_CURVE( '', #7243, #7178, #7244, .T. );
#6255 = EDGE_CURVE( '', #7245, #7243, #7246, .T. );
#6256 = EDGE_CURVE( '', #7247, #7245, #7248, .T. );
#6257 = EDGE_CURVE( '', #7235, #7247, #7249, .T. );
#6258 = EDGE_CURVE( '', #7250, #7251, #7252, .T. );
#6259 = EDGE_CURVE( '', #7253, #7250, #7254, .F. );
#6260 = EDGE_CURVE( '', #7255, #7253, #7256, .T. );
#6261 = EDGE_CURVE( '', #7251, #7255, #7257, .T. );
#6262 = EDGE_CURVE( '', #7251, #7258, #7259, .T. );
#6263 = EDGE_CURVE( '', #7258, #7260, #7261, .T. );
#6264 = EDGE_CURVE( '', #7260, #7262, #7263, .T. );
#6265 = EDGE_CURVE( '', #7262, #7264, #7265, .T. );
#6266 = EDGE_CURVE( '', #7264, #7266, #7267, .T. );
#6267 = EDGE_CURVE( '', #7266, #7268, #7269, .T. );
#6268 = EDGE_CURVE( '', #7268, #7270, #7271, .T. );
#6269 = EDGE_CURVE( '', #7270, #7272, #7273, .T. );
#6270 = EDGE_CURVE( '', #7274, #7272, #7275, .T. );
#6271 = EDGE_CURVE( '', #7274, #7276, #7277, .T. );
#6272 = EDGE_CURVE( '', #7278, #7276, #7279, .T. );
#6273 = EDGE_CURVE( '', #7278, #7280, #7281, .T. );
#6274 = EDGE_CURVE( '', #7282, #7280, #7283, .T. );
#6275 = EDGE_CURVE( '', #7282, #7284, #7285, .T. );
#6276 = EDGE_CURVE( '', #7284, #7286, #7287, .T. );
#6277 = EDGE_CURVE( '', #7286, #7288, #7289, .T. );
#6278 = EDGE_CURVE( '', #7290, #7288, #7291, .T. );
#6279 = EDGE_CURVE( '', #7290, #7292, #7293, .T. );
#6280 = EDGE_CURVE( '', #7294, #7292, #7295, .T. );
#6281 = EDGE_CURVE( '', #7294, #7296, #7297, .T. );
#6282 = EDGE_CURVE( '', #7298, #7296, #7299, .F. );
#6283 = EDGE_CURVE( '', #7298, #7300, #7301, .T. );
#6284 = EDGE_CURVE( '', #7300, #7302, #7303, .T. );
#6285 = EDGE_CURVE( '', #7302, #7304, #7305, .T. );
#6286 = EDGE_CURVE( '', #7304, #7306, #7307, .F. );
#6287 = EDGE_CURVE( '', #7306, #7308, #7309, .T. );
#6288 = EDGE_CURVE( '', #7308, #7310, #7311, .T. );
#6289 = EDGE_CURVE( '', #7310, #7312, #7313, .T. );
#6290 = EDGE_CURVE( '', #7312, #7255, #7314, .T. );
#6291 = EDGE_CURVE( '', #7253, #7250, #7315, .T. );
#6292 = EDGE_CURVE( '', #7316, #7316, #7317, .T. );
#6293 = EDGE_CURVE( '', #7318, #7318, #7319, .T. );
#6294 = EDGE_CURVE( '', #7320, #7320, #7321, .T. );
#6295 = EDGE_CURVE( '', #7322, #7323, #7324, .T. );
#6296 = EDGE_CURVE( '', #7325, #7322, #7326, .T. );
#6297 = EDGE_CURVE( '', #7325, #7327, #7328, .T. );
#6298 = EDGE_CURVE( '', #7327, #7323, #7329, .T. );
#6299 = EDGE_CURVE( '', #7260, #7310, #7330, .F. );
#6300 = EDGE_CURVE( '', #7312, #7258, #7331, .T. );
#6301 = EDGE_CURVE( '', #7332, #7333, #7334, .F. );
#6302 = EDGE_CURVE( '', #7335, #7332, #7336, .F. );
#6303 = EDGE_CURVE( '', #7337, #7335, #7338, .T. );
#6304 = EDGE_CURVE( '', #7333, #7337, #7339, .T. );
#6305 = EDGE_CURVE( '', #7264, #7306, #7340, .F. );
#6306 = EDGE_CURVE( '', #7308, #7262, #7341, .T. );
#6307 = EDGE_CURVE( '', #7342, #7343, #7344, .F. );
#6308 = EDGE_CURVE( '', #7345, #7343, #7346, .F. );
#6309 = EDGE_CURVE( '', #7347, #7345, #7348, .F. );
#6310 = EDGE_CURVE( '', #7342, #7347, #7349, .T. );
#6311 = EDGE_CURVE( '', #7198, #7350, #7351, .T. );
#6312 = EDGE_CURVE( '', #7352, #7196, #7353, .T. );
#6313 = EDGE_CURVE( '', #7350, #7352, #7354, .T. );
#6314 = EDGE_CURVE( '', #7342, #7206, #7355, .T. );
#6315 = EDGE_CURVE( '', #7206, #7343, #7356, .T. );
#6316 = EDGE_CURVE( '', #7357, #7204, #7358, .F. );
#6317 = EDGE_CURVE( '', #7343, #7357, #7359, .F. );
#6318 = EDGE_CURVE( '', #7360, #7335, #7361, .F. );
#6319 = EDGE_CURVE( '', #7360, #7362, #7363, .T. );
#6320 = EDGE_CURVE( '', #7364, #7362, #7365, .T. );
#6321 = EDGE_CURVE( '', #7364, #7335, #7366, .F. );
#6322 = EDGE_CURVE( '', #7367, #7368, #7369, .F. );
#6323 = EDGE_CURVE( '', #7367, #7370, #7371, .T. );
#6324 = EDGE_CURVE( '', #7372, #7370, #7373, .T. );
#6325 = EDGE_CURVE( '', #7372, #7368, #7374, .F. );
#6326 = EDGE_CURVE( '', #7375, #7376, #7377, .F. );
#6327 = EDGE_CURVE( '', #7375, #7378, #7379, .T. );
#6328 = EDGE_CURVE( '', #7378, #7380, #7381, .T. );
#6329 = EDGE_CURVE( '', #7380, #7382, #7383, .F. );
#6330 = EDGE_CURVE( '', #7384, #7382, #7385, .F. );
#6331 = EDGE_CURVE( '', #7384, #7386, #7387, .F. );
#6332 = EDGE_CURVE( '', #7388, #7386, #7389, .F. );
#6333 = EDGE_CURVE( '', #7388, #7390, #7391, .T. );
#6334 = EDGE_CURVE( '', #7390, #7342, #7392, .T. );
#6335 = EDGE_CURVE( '', #7393, #7347, #7394, .T. );
#6336 = EDGE_CURVE( '', #7393, #7364, #7395, .F. );
#6337 = EDGE_CURVE( '', #7362, #7396, #7397, .F. );
#6338 = EDGE_CURVE( '', #7398, #7396, #7399, .F. );
#6339 = EDGE_CURVE( '', #7398, #7400, #7401, .T. );
#6340 = EDGE_CURVE( '', #7402, #7400, #7403, .F. );
#6341 = EDGE_CURVE( '', #7402, #7372, #7404, .T. );
#6342 = EDGE_CURVE( '', #7370, #7405, #7406, .F. );
#6343 = EDGE_CURVE( '', #7407, #7405, #7408, .F. );
#6344 = EDGE_CURVE( '', #7407, #7409, #7410, .T. );
#6345 = EDGE_CURVE( '', #7411, #7409, #7412, .F. );
#6346 = EDGE_CURVE( '', #7411, #7413, #7414, .T. );
#6347 = EDGE_CURVE( '', #7413, #7415, #7416, .T. );
#6348 = EDGE_CURVE( '', #7415, #7417, #7418, .F. );
#6349 = EDGE_CURVE( '', #7419, #7417, #7420, .F. );
#6350 = EDGE_CURVE( '', #7419, #7421, #7422, .F. );
#6351 = EDGE_CURVE( '', #7423, #7421, #7424, .F. );
#6352 = EDGE_CURVE( '', #7423, #7425, #7426, .T. );
#6353 = EDGE_CURVE( '', #7425, #7427, #7428, .T. );
#6354 = EDGE_CURVE( '', #7427, #7429, #7430, .F. );
#6355 = EDGE_CURVE( '', #7431, #7429, #7432, .F. );
#6356 = EDGE_CURVE( '', #7431, #7376, #7433, .F. );
#6357 = EDGE_CURVE( '', #7434, #7435, #7436, .F. );
#6358 = EDGE_CURVE( '', #7437, #7434, #7438, .F. );
#6359 = EDGE_CURVE( '', #7439, #7437, #7440, .F. );
#6360 = EDGE_CURVE( '', #7435, #7439, #7441, .F. );
#6361 = EDGE_CURVE( '', #7442, #7443, #7444, .F. );
#6362 = EDGE_CURVE( '', #7443, #7445, #7446, .F. );
#6363 = EDGE_CURVE( '', #7445, #7447, #7448, .F. );
#6364 = EDGE_CURVE( '', #7447, #7442, #7449, .F. );
#6365 = EDGE_CURVE( '', #7450, #7451, #7452, .F. );
#6366 = EDGE_CURVE( '', #7451, #7453, #7454, .F. );
#6367 = EDGE_CURVE( '', #7453, #7455, #7456, .F. );
#6368 = EDGE_CURVE( '', #7455, #7450, #7457, .F. );
#6369 = EDGE_CURVE( '', #7458, #7459, #7460, .F. );
#6370 = EDGE_CURVE( '', #7459, #7461, #7462, .F. );
#6371 = EDGE_CURVE( '', #7461, #7463, #7464, .F. );
#6372 = EDGE_CURVE( '', #7463, #7458, #7465, .F. );
#6373 = EDGE_CURVE( '', #7466, #7467, #7468, .F. );
#6374 = EDGE_CURVE( '', #7469, #7466, #7470, .F. );
#6375 = EDGE_CURVE( '', #7471, #7469, #7472, .F. );
#6376 = EDGE_CURVE( '', #7467, #7471, #7473, .F. );
#6377 = EDGE_CURVE( '', #7474, #7475, #7476, .F. );
#6378 = EDGE_CURVE( '', #7477, #7474, #7478, .F. );
#6379 = EDGE_CURVE( '', #7479, #7477, #7480, .F. );
#6380 = EDGE_CURVE( '', #7475, #7479, #7481, .F. );
#6381 = EDGE_CURVE( '', #7482, #7483, #7484, .F. );
#6382 = EDGE_CURVE( '', #7482, #7427, #7485, .T. );
#6383 = EDGE_CURVE( '', #7425, #7483, #7486, .F. );
#6384 = EDGE_CURVE( '', #7378, #7220, #7487, .F. );
#6385 = EDGE_CURVE( '', #7218, #7380, #7488, .T. );
#6386 = EDGE_CURVE( '', #7364, #7337, #7489, .T. );
#6387 = EDGE_CURVE( '', #7490, #7393, #7491, .F. );
#6388 = EDGE_CURVE( '', #7337, #7490, #7492, .T. );
#6389 = EDGE_CURVE( '', #7493, #7494, #7495, .F. );
#6390 = EDGE_CURVE( '', #7496, #7494, #7497, .F. );
#6391 = EDGE_CURVE( '', #7498, #7496, #7499, .T. );
#6392 = EDGE_CURVE( '', #7493, #7498, #7500, .T. );
#6393 = EDGE_CURVE( '', #7501, #7502, #7503, .T. );
#6394 = EDGE_CURVE( '', #7502, #7504, #7505, .F. );
#6395 = EDGE_CURVE( '', #7504, #7501, #7506, .T. );
#6396 = EDGE_CURVE( '', #7493, #7507, #7508, .T. );
#6397 = EDGE_CURVE( '', #7507, #7494, #7509, .T. );
#6398 = EDGE_CURVE( '', #7510, #7511, #7512, .T. );
#6399 = EDGE_CURVE( '', #7494, #7510, #7513, .F. );
#6400 = EDGE_CURVE( '', #7511, #7507, #7514, .T. );
#6401 = EDGE_CURVE( '', #7194, #7515, #7516, .T. );
#6402 = EDGE_CURVE( '', #7517, #7515, #7518, .F. );
#6403 = EDGE_CURVE( '', #7517, #7196, #7519, .F. );
#6404 = EDGE_CURVE( '', #7182, #7520, #7521, .T. );
#6405 = EDGE_CURVE( '', #7522, #7520, #7523, .F. );
#6406 = EDGE_CURVE( '', #7522, #7184, #7524, .F. );
#6407 = EDGE_CURVE( '', #7525, #7526, #7527, .F. );
#6408 = EDGE_CURVE( '', #7525, #7159, #7528, .F. );
#6409 = EDGE_CURVE( '', #7157, #7526, #7529, .T. );
#6410 = EDGE_CURVE( '', #7163, #7530, #7531, .F. );
#6411 = EDGE_CURVE( '', #7532, #7165, #7533, .T. );
#6412 = EDGE_CURVE( '', #7532, #7530, #7534, .T. );
#6413 = EDGE_CURVE( '', #7535, #7536, #7537, .F. );
#6414 = EDGE_CURVE( '', #7535, #7538, #7539, .F. );
#6415 = EDGE_CURVE( '', #7540, #7538, #7541, .T. );
#6416 = EDGE_CURVE( '', #7540, #7536, #7542, .T. );
#6417 = EDGE_CURVE( '', #7517, #7352, #7543, .T. );
#6418 = EDGE_CURVE( '', #7544, #7545, #7546, .T. );
#6419 = EDGE_CURVE( '', #7352, #7544, #7547, .T. );
#6420 = EDGE_CURVE( '', #7545, #7517, #7548, .F. );
#6421 = EDGE_CURVE( '', #7549, #7218, #7550, .T. );
#6422 = EDGE_CURVE( '', #7216, #7551, #7552, .F. );
#6423 = EDGE_CURVE( '', #7549, #7551, #7553, .T. );
#6424 = EDGE_CURVE( '', #7554, #7360, #7555, .T. );
#6425 = EDGE_CURVE( '', #7362, #7554, #7556, .T. );
#6426 = EDGE_CURVE( '', #7214, #7557, #7558, .T. );
#6427 = EDGE_CURVE( '', #7557, #7551, #7559, .T. );
#6428 = EDGE_CURVE( '', #7549, #7380, #7560, .T. );
#6429 = EDGE_CURVE( '', #7561, #7562, #7563, .T. );
#6430 = EDGE_CURVE( '', #7551, #7562, #7564, .T. );
#6431 = EDGE_CURVE( '', #7561, #7557, #7565, .F. );
#6432 = EDGE_CURVE( '', #7234, #7566, #7567, .T. );
#6433 = EDGE_CURVE( '', #7566, #7568, #7569, .F. );
#6434 = EDGE_CURVE( '', #7568, #7367, #7570, .T. );
#6435 = EDGE_CURVE( '', #7368, #7571, #7572, .T. );
#6436 = EDGE_CURVE( '', #7571, #7573, #7574, .F. );
#6437 = EDGE_CURVE( '', #7573, #7575, #7576, .T. );
#6438 = EDGE_CURVE( '', #7575, #7577, #7578, .F. );
#6439 = EDGE_CURVE( '', #7577, #7360, #7579, .T. );
#6440 = EDGE_CURVE( '', #7332, #7580, #7581, .T. );
#6441 = EDGE_CURVE( '', #7580, #7582, #7583, .T. );
#6442 = EDGE_CURVE( '', #7511, #7582, #7584, .T. );
#6443 = EDGE_CURVE( '', #7507, #7585, #7586, .T. );
#6444 = EDGE_CURVE( '', #7585, #7587, #7588, .F. );
#6445 = EDGE_CURVE( '', #7587, #7589, #7590, .F. );
#6446 = EDGE_CURVE( '', #7589, #7591, #7592, .F. );
#6447 = EDGE_CURVE( '', #7591, #7593, #7594, .F. );
#6448 = EDGE_CURVE( '', #7593, #7540, #7595, .F. );
#6449 = EDGE_CURVE( '', #7538, #7596, #7597, .F. );
#6450 = EDGE_CURVE( '', #7596, #7598, #7599, .F. );
#6451 = EDGE_CURVE( '', #7598, #7237, #7600, .F. );
#6452 = EDGE_CURVE( '', #7210, #7601, #7602, .T. );
#6453 = EDGE_CURVE( '', #7601, #7603, #7604, .T. );
#6454 = EDGE_CURVE( '', #7212, #7603, #7605, .F. );
#6455 = EDGE_CURVE( '', #7562, #7382, #7606, .F. );
#6456 = EDGE_CURVE( '', #7562, #7549, #7607, .T. );
#6457 = EDGE_CURVE( '', #7561, #7384, #7608, .T. );
#6458 = EDGE_CURVE( '', #7609, #7610, #7611, .T. );
#6459 = EDGE_CURVE( '', #7603, #7610, #7612, .F. );
#6460 = EDGE_CURVE( '', #7609, #7601, #7613, .T. );
#6461 = EDGE_CURVE( '', #7208, #7614, #7615, .T. );
#6462 = EDGE_CURVE( '', #7601, #7614, #7616, .T. );
#6463 = EDGE_CURVE( '', #7610, #7386, #7617, .F. );
#6464 = EDGE_CURVE( '', #7610, #7561, #7618, .T. );
#6465 = EDGE_CURVE( '', #7609, #7388, #7619, .T. );
#6466 = EDGE_CURVE( '', #7390, #7208, #7620, .F. );
#6467 = EDGE_CURVE( '', #7390, #7614, #7621, .T. );
#6468 = EDGE_CURVE( '', #7614, #7609, #7622, .F. );
#6469 = EDGE_CURVE( '', #7623, #7573, #7624, .T. );
#6470 = EDGE_CURVE( '', #7625, #7571, #7626, .F. );
#6471 = EDGE_CURVE( '', #7625, #7623, #7627, .T. );
#6472 = EDGE_CURVE( '', #7402, #7628, #7629, .F. );
#6473 = EDGE_CURVE( '', #7630, #7628, #7631, .F. );
#6474 = EDGE_CURVE( '', #7372, #7630, #7632, .T. );
#6475 = EDGE_CURVE( '', #7400, #7633, #7634, .T. );
#6476 = EDGE_CURVE( '', #7633, #7628, #7635, .F. );
#6477 = EDGE_CURVE( '', #7623, #7633, #7636, .T. );
#6478 = EDGE_CURVE( '', #7628, #7625, #7637, .F. );
#6479 = EDGE_CURVE( '', #7638, #7575, #7639, .F. );
#6480 = EDGE_CURVE( '', #7638, #7623, #7640, .F. );
#6481 = EDGE_CURVE( '', #7641, #7577, #7642, .T. );
#6482 = EDGE_CURVE( '', #7638, #7641, #7643, .T. );
#6483 = EDGE_CURVE( '', #7398, #7644, #7645, .F. );
#6484 = EDGE_CURVE( '', #7633, #7644, #7646, .F. );
#6485 = EDGE_CURVE( '', #7396, #7647, #7648, .T. );
#6486 = EDGE_CURVE( '', #7647, #7644, #7649, .F. );
#6487 = EDGE_CURVE( '', #7641, #7647, #7650, .F. );
#6488 = EDGE_CURVE( '', #7644, #7638, #7651, .T. );
#6489 = EDGE_CURVE( '', #7554, #7641, #7652, .F. );
#6490 = EDGE_CURVE( '', #7653, #7654, #7655, .T. );
#6491 = EDGE_CURVE( '', #7656, #7654, #7657, .F. );
#6492 = EDGE_CURVE( '', #7658, #7656, #7659, .F. );
#6493 = EDGE_CURVE( '', #7658, #7653, #7660, .T. );
#6494 = EDGE_CURVE( '', #7411, #7661, #7662, .F. );
#6495 = EDGE_CURVE( '', #7663, #7661, #7664, .F. );
#6496 = EDGE_CURVE( '', #7413, #7663, #7665, .T. );
#6497 = EDGE_CURVE( '', #7409, #7666, #7667, .T. );
#6498 = EDGE_CURVE( '', #7666, #7661, #7668, .F. );
#6499 = EDGE_CURVE( '', #7653, #7666, #7669, .T. );
#6500 = EDGE_CURVE( '', #7661, #7658, #7670, .F. );
#6501 = EDGE_CURVE( '', #7671, #7566, #7672, .F. );
#6502 = EDGE_CURVE( '', #7654, #7234, #7673, .T. );
#6503 = EDGE_CURVE( '', #7671, #7653, #7674, .F. );
#6504 = EDGE_CURVE( '', #7675, #7568, #7676, .T. );
#6505 = EDGE_CURVE( '', #7671, #7675, #7677, .T. );
#6506 = EDGE_CURVE( '', #7407, #7678, #7679, .F. );
#6507 = EDGE_CURVE( '', #7666, #7678, #7680, .F. );
#6508 = EDGE_CURVE( '', #7405, #7681, #7682, .T. );
#6509 = EDGE_CURVE( '', #7681, #7678, #7683, .F. );
#6510 = EDGE_CURVE( '', #7675, #7681, #7684, .F. );
#6511 = EDGE_CURVE( '', #7678, #7671, #7685, .T. );
#6512 = EDGE_CURVE( '', #7686, #7367, #7687, .T. );
#6513 = EDGE_CURVE( '', #7686, #7675, #7688, .F. );
#6514 = EDGE_CURVE( '', #7689, #7690, #7691, .T. );
#6515 = EDGE_CURVE( '', #7690, #7692, #7693, .T. );
#6516 = EDGE_CURVE( '', #7694, #7692, #7695, .F. );
#6517 = EDGE_CURVE( '', #7689, #7694, #7696, .F. );
#6518 = EDGE_CURVE( '', #7697, #7698, #7699, .T. );
#6519 = EDGE_CURVE( '', #7247, #7698, #7700, .F. );
#6520 = EDGE_CURVE( '', #7694, #7247, #7701, .F. );
#6521 = EDGE_CURVE( '', #7697, #7692, #7702, .T. );
#6522 = EDGE_CURVE( '', #7697, #7415, #7703, .T. );
#6523 = EDGE_CURVE( '', #7698, #7415, #7704, .T. );
#6524 = EDGE_CURVE( '', #7705, #7706, #7707, .T. );
#6525 = EDGE_CURVE( '', #7692, #7706, #7708, .T. );
#6526 = EDGE_CURVE( '', #7705, #7690, #7709, .F. );
#6527 = EDGE_CURVE( '', #7710, #7711, #7712, .F. );
#6528 = EDGE_CURVE( '', #7690, #7711, #7713, .T. );
#6529 = EDGE_CURVE( '', #7710, #7689, #7714, .F. );
#6530 = EDGE_CURVE( '', #7706, #7417, #7715, .F. );
#6531 = EDGE_CURVE( '', #7706, #7697, #7716, .T. );
#6532 = EDGE_CURVE( '', #7705, #7419, #7717, .T. );
#6533 = EDGE_CURVE( '', #7718, #7719, #7720, .T. );
#6534 = EDGE_CURVE( '', #7719, #7711, #7721, .T. );
#6535 = EDGE_CURVE( '', #7718, #7710, #7722, .F. );
#6536 = EDGE_CURVE( '', #7483, #7723, #7724, .T. );
#6537 = EDGE_CURVE( '', #7719, #7723, #7725, .T. );
#6538 = EDGE_CURVE( '', #7718, #7245, #7726, .F. );
#6539 = EDGE_CURVE( '', #7483, #7245, #7727, .F. );
#6540 = EDGE_CURVE( '', #7728, #7729, #7730, .T. );
#6541 = EDGE_CURVE( '', #7711, #7729, #7731, .F. );
#6542 = EDGE_CURVE( '', #7728, #7719, #7732, .T. );
#6543 = EDGE_CURVE( '', #7728, #7423, #7733, .T. );
#6544 = EDGE_CURVE( '', #7729, #7421, #7734, .F. );
#6545 = EDGE_CURVE( '', #7425, #7723, #7735, .T. );
#6546 = EDGE_CURVE( '', #7723, #7728, #7736, .F. );
#6547 = EDGE_CURVE( '', #7413, #7737, #7738, .F. );
#6548 = EDGE_CURVE( '', #7663, #7737, #7739, .T. );
#6549 = EDGE_CURVE( '', #7502, #7220, #7740, .T. );
#6550 = EDGE_CURVE( '', #7378, #7502, #7741, .T. );
#6551 = EDGE_CURVE( '', #7742, #7194, #7743, .T. );
#6552 = EDGE_CURVE( '', #7515, #7742, #7744, .T. );
#6553 = EDGE_CURVE( '', #7375, #7504, #7745, .F. );
#6554 = EDGE_CURVE( '', #7501, #7222, #7746, .F. );
#6555 = EDGE_CURVE( '', #7376, #7747, #7748, .T. );
#6556 = EDGE_CURVE( '', #7747, #7504, #7749, .F. );
#6557 = EDGE_CURVE( '', #7750, #7224, #7751, .T. );
#6558 = EDGE_CURVE( '', #7501, #7750, #7752, .T. );
#6559 = EDGE_CURVE( '', #7750, #7747, #7753, .F. );
#6560 = EDGE_CURVE( '', #7431, #7754, #7755, .F. );
#6561 = EDGE_CURVE( '', #7747, #7754, #7756, .T. );
#6562 = EDGE_CURVE( '', #7757, #7758, #7759, .F. );
#6563 = EDGE_CURVE( '', #7178, #7758, #7760, .F. );
#6564 = EDGE_CURVE( '', #7757, #7750, #7761, .T. );
#6565 = EDGE_CURVE( '', #7429, #7762, #7763, .T. );
#6566 = EDGE_CURVE( '', #7762, #7754, #7764, .F. );
#6567 = EDGE_CURVE( '', #7765, #7766, #7767, .T. );
#6568 = EDGE_CURVE( '', #7758, #7766, #7768, .F. );
#6569 = EDGE_CURVE( '', #7757, #7765, #7769, .T. );
#6570 = EDGE_CURVE( '', #7765, #7762, #7770, .T. );
#6571 = EDGE_CURVE( '', #7754, #7757, #7771, .F. );
#6572 = EDGE_CURVE( '', #7427, #7772, #7773, .T. );
#6573 = EDGE_CURVE( '', #7762, #7772, #7774, .T. );
#6574 = EDGE_CURVE( '', #7772, #7482, #7775, .T. );
#6575 = EDGE_CURVE( '', #7243, #7482, #7776, .F. );
#6576 = EDGE_CURVE( '', #7766, #7243, #7777, .F. );
#6577 = EDGE_CURVE( '', #7772, #7765, #7778, .T. );
#6578 = EDGE_CURVE( '', #7522, #7779, #7780, .T. );
#6579 = EDGE_CURVE( '', #7779, #7184, #7781, .T. );
#6580 = EDGE_CURVE( '', #7782, #7783, #7784, .T. );
#6581 = EDGE_CURVE( '', #7785, #7782, #7786, .T. );
#6582 = EDGE_CURVE( '', #7787, #7785, #7788, .T. );
#6583 = EDGE_CURVE( '', #7783, #7787, #7789, .F. );
#6584 = EDGE_CURVE( '', #7790, #7186, #7791, .F. );
#6585 = EDGE_CURVE( '', #7790, #7779, #7792, .F. );
#6586 = EDGE_CURVE( '', #7793, #7794, #7795, .F. );
#6587 = EDGE_CURVE( '', #7779, #7794, #7796, .F. );
#6588 = EDGE_CURVE( '', #7793, #7522, #7797, .T. );
#6589 = EDGE_CURVE( '', #7798, #7188, #7799, .T. );
#6590 = EDGE_CURVE( '', #7790, #7798, #7800, .T. );
#6591 = EDGE_CURVE( '', #7801, #7802, #7803, .T. );
#6592 = EDGE_CURVE( '', #7802, #7794, #7804, .T. );
#6593 = EDGE_CURVE( '', #7793, #7801, #7805, .T. );
#6594 = EDGE_CURVE( '', #7798, #7802, #7806, .F. );
#6595 = EDGE_CURVE( '', #7794, #7790, #7807, .T. );
#6596 = EDGE_CURVE( '', #7808, #7190, #7809, .F. );
#6597 = EDGE_CURVE( '', #7808, #7798, #7810, .F. );
#6598 = EDGE_CURVE( '', #7520, #7811, #7812, .F. );
#6599 = EDGE_CURVE( '', #7813, #7811, #7814, .T. );
#6600 = EDGE_CURVE( '', #7813, #7815, #7816, .T. );
#6601 = EDGE_CURVE( '', #7817, #7815, #7818, .T. );
#6602 = EDGE_CURVE( '', #7817, #7163, #7819, .T. );
#6603 = EDGE_CURVE( '', #7530, #7820, #7821, .F. );
#6604 = EDGE_CURVE( '', #7822, #7820, #7823, .T. );
#6605 = EDGE_CURVE( '', #7822, #7824, #7825, .T. );
#6606 = EDGE_CURVE( '', #7826, #7824, #7827, .T. );
#6607 = EDGE_CURVE( '', #7826, #7525, #7828, .T. );
#6608 = EDGE_CURVE( '', #7526, #7829, #7830, .F. );
#6609 = EDGE_CURVE( '', #7831, #7829, #7832, .T. );
#6610 = EDGE_CURVE( '', #7831, #7833, #7834, .F. );
#6611 = EDGE_CURVE( '', #7835, #7833, #7836, .T. );
#6612 = EDGE_CURVE( '', #7835, #7535, #7837, .T. );
#6613 = EDGE_CURVE( '', #7536, #7838, #7839, .F. );
#6614 = EDGE_CURVE( '', #7840, #7838, #7841, .T. );
#6615 = EDGE_CURVE( '', #7840, #7842, #7843, .F. );
#6616 = EDGE_CURVE( '', #7785, #7842, #7844, .T. );
#6617 = EDGE_CURVE( '', #7782, #7493, #7845, .F. );
#6618 = EDGE_CURVE( '', #7498, #7545, #7846, .T. );
#6619 = EDGE_CURVE( '', #7515, #7847, #7848, .F. );
#6620 = EDGE_CURVE( '', #7849, #7847, #7850, .T. );
#6621 = EDGE_CURVE( '', #7849, #7801, #7851, .T. );
#6622 = EDGE_CURVE( '', #7852, #7853, #7854, .F. );
#6623 = EDGE_CURVE( '', #7853, #7855, #7856, .F. );
#6624 = EDGE_CURVE( '', #7855, #7857, #7858, .F. );
#6625 = EDGE_CURVE( '', #7857, #7852, #7859, .F. );
#6626 = EDGE_CURVE( '', #7860, #7861, #7862, .F. );
#6627 = EDGE_CURVE( '', #7861, #7863, #7864, .F. );
#6628 = EDGE_CURVE( '', #7863, #7865, #7866, .F. );
#6629 = EDGE_CURVE( '', #7865, #7860, #7867, .F. );
#6630 = EDGE_CURVE( '', #7868, #7869, #7870, .F. );
#6631 = EDGE_CURVE( '', #7869, #7871, #7872, .F. );
#6632 = EDGE_CURVE( '', #7871, #7873, #7874, .F. );
#6633 = EDGE_CURVE( '', #7873, #7868, #7875, .F. );
#6634 = EDGE_CURVE( '', #7876, #7877, #7878, .F. );
#6635 = EDGE_CURVE( '', #7879, #7876, #7880, .F. );
#6636 = EDGE_CURVE( '', #7881, #7879, #7882, .F. );
#6637 = EDGE_CURVE( '', #7877, #7881, #7883, .F. );
#6638 = EDGE_CURVE( '', #7884, #7885, #7886, .F. );
#6639 = EDGE_CURVE( '', #7887, #7884, #7888, .F. );
#6640 = EDGE_CURVE( '', #7889, #7887, #7890, .F. );
#6641 = EDGE_CURVE( '', #7885, #7889, #7891, .F. );
#6642 = EDGE_CURVE( '', #7892, #7893, #7894, .F. );
#6643 = EDGE_CURVE( '', #7895, #7892, #7896, .F. );
#6644 = EDGE_CURVE( '', #7897, #7895, #7898, .F. );
#6645 = EDGE_CURVE( '', #7893, #7897, #7899, .F. );
#6646 = EDGE_CURVE( '', #7496, #7900, #7901, .T. );
#6647 = EDGE_CURVE( '', #7900, #7902, #7903, .T. );
#6648 = EDGE_CURVE( '', #7544, #7902, #7904, .T. );
#6649 = EDGE_CURVE( '', #7847, #7905, #7906, .T. );
#6650 = EDGE_CURVE( '', #7905, #7907, #7908, .T. );
#6651 = EDGE_CURVE( '', #7849, #7907, #7909, .F. );
#6652 = EDGE_CURVE( '', #7910, #7840, #7911, .T. );
#6653 = EDGE_CURVE( '', #7912, #7838, #7913, .F. );
#6654 = EDGE_CURVE( '', #7910, #7912, #7914, .F. );
#6655 = EDGE_CURVE( '', #7915, #7842, #7916, .F. );
#6656 = EDGE_CURVE( '', #7787, #7915, #7917, .F. );
#6657 = EDGE_CURVE( '', #7918, #7831, #7919, .T. );
#6658 = EDGE_CURVE( '', #7920, #7829, #7921, .F. );
#6659 = EDGE_CURVE( '', #7918, #7920, #7922, .F. );
#6660 = EDGE_CURVE( '', #7923, #7835, #7924, .T. );
#6661 = EDGE_CURVE( '', #7925, #7833, #7926, .F. );
#6662 = EDGE_CURVE( '', #7923, #7925, #7927, .F. );
#6663 = EDGE_CURVE( '', #7824, #7928, #7929, .T. );
#6664 = EDGE_CURVE( '', #7928, #7930, #7931, .T. );
#6665 = EDGE_CURVE( '', #7826, #7930, #7932, .F. );
#6666 = EDGE_CURVE( '', #7820, #7933, #7934, .T. );
#6667 = EDGE_CURVE( '', #7933, #7935, #7936, .T. );
#6668 = EDGE_CURVE( '', #7822, #7935, #7937, .F. );
#6669 = EDGE_CURVE( '', #7938, #7813, #7939, .T. );
#6670 = EDGE_CURVE( '', #7940, #7811, #7941, .F. );
#6671 = EDGE_CURVE( '', #7940, #7938, #7942, .T. );
#6672 = EDGE_CURVE( '', #7180, #7943, #7944, .F. );
#6673 = EDGE_CURVE( '', #7945, #7943, #7946, .F. );
#6674 = EDGE_CURVE( '', #7182, #7945, #7947, .T. );
#6675 = EDGE_CURVE( '', #7171, #7943, #7948, .T. );
#6676 = EDGE_CURVE( '', #7938, #7171, #7949, .F. );
#6677 = EDGE_CURVE( '', #7943, #7940, #7950, .T. );
#6678 = EDGE_CURVE( '', #7951, #7815, #7952, .F. );
#6679 = EDGE_CURVE( '', #7951, #7938, #7953, .F. );
#6680 = EDGE_CURVE( '', #7954, #7817, #7955, .T. );
#6681 = EDGE_CURVE( '', #7951, #7954, #7956, .T. );
#6682 = EDGE_CURVE( '', #7227, #7957, #7958, .T. );
#6683 = EDGE_CURVE( '', #7957, #7169, #7959, .T. );
#6684 = EDGE_CURVE( '', #7954, #7957, #7960, .T. );
#6685 = EDGE_CURVE( '', #7169, #7951, #7961, .F. );
#6686 = EDGE_CURVE( '', #7162, #7954, #7962, .F. );
#6687 = EDGE_CURVE( '', #7957, #7162, #7963, .F. );
#6688 = EDGE_CURVE( '', #7165, #7228, #7964, .T. );
#6689 = EDGE_CURVE( '', #7525, #7965, #7966, .T. );
#6690 = EDGE_CURVE( '', #7965, #7159, #7967, .T. );
#6691 = EDGE_CURVE( '', #7240, #7532, #7968, .T. );
#6692 = EDGE_CURVE( '', #7698, #7737, #7969, .F. );
#6693 = EDGE_CURVE( '', #7737, #7235, #7970, .T. );
#6694 = EDGE_CURVE( '', #7930, #7971, #7972, .T. );
#6695 = EDGE_CURVE( '', #7971, #7965, #7973, .F. );
#6696 = EDGE_CURVE( '', #7965, #7930, #7974, .F. );
#6697 = EDGE_CURVE( '', #7923, #7975, #7976, .F. );
#6698 = EDGE_CURVE( '', #7975, #7977, #7978, .T. );
#6699 = EDGE_CURVE( '', #7977, #7923, #7979, .F. );
#6700 = EDGE_CURVE( '', #7920, #7980, #7981, .T. );
#6701 = EDGE_CURVE( '', #7980, #7982, #7983, .T. );
#6702 = EDGE_CURVE( '', #7982, #7920, #7984, .F. );
#6703 = EDGE_CURVE( '', #7284, #7286, #7985, .F. );
#6704 = EDGE_CURVE( '', #7288, #7282, #7986, .T. );
#6705 = EDGE_CURVE( '', #7280, #7290, #7987, .F. );
#6706 = EDGE_CURVE( '', #7276, #7294, #7988, .F. );
#6707 = EDGE_CURVE( '', #7292, #7278, #7989, .T. );
#6708 = EDGE_CURVE( '', #7296, #7274, #7990, .T. );
#6709 = EDGE_CURVE( '', #7304, #7266, #7991, .T. );
#6710 = EDGE_CURVE( '', #7268, #7302, #7992, .F. );
#6711 = EDGE_CURVE( '', #7272, #7298, #7993, .F. );
#6712 = EDGE_CURVE( '', #7300, #7270, #7994, .T. );
#6713 = EDGE_CURVE( '', #7995, #7996, #7997, .F. );
#6714 = EDGE_CURVE( '', #7998, #7995, #7999, .T. );
#6715 = EDGE_CURVE( '', #7998, #8000, #8001, .F. );
#6716 = EDGE_CURVE( '', #8000, #7996, #8002, .T. );
#6717 = EDGE_CURVE( '', #7996, #8003, #8004, .F. );
#6718 = EDGE_CURVE( '', #8003, #8005, #8006, .F. );
#6719 = EDGE_CURVE( '', #8005, #7995, #8007, .F. );
#6720 = EDGE_CURVE( '', #8008, #8005, #8009, .T. );
#6721 = EDGE_CURVE( '', #8010, #8003, #8011, .T. );
#6722 = EDGE_CURVE( '', #8010, #8008, #8012, .F. );
#6723 = EDGE_CURVE( '', #8013, #8014, #8015, .F. );
#6724 = EDGE_CURVE( '', #8014, #8016, #8017, .F. );
#6725 = EDGE_CURVE( '', #8016, #8018, #8019, .F. );
#6726 = EDGE_CURVE( '', #8018, #8013, #8020, .F. );
#6727 = EDGE_CURVE( '', #7893, #8021, #8022, .T. );
#6728 = EDGE_CURVE( '', #8021, #8023, #8024, .T. );
#6729 = EDGE_CURVE( '', #8023, #8010, #8025, .T. );
#6730 = EDGE_CURVE( '', #8026, #8000, #8027, .T. );
#6731 = EDGE_CURVE( '', #8028, #8026, #8029, .T. );
#6732 = EDGE_CURVE( '', #7892, #8028, #8030, .T. );
#6733 = EDGE_CURVE( '', #8031, #8013, #8032, .T. );
#6734 = EDGE_CURVE( '', #8031, #8033, #8034, .F. );
#6735 = EDGE_CURVE( '', #8033, #8014, #8035, .T. );
#6736 = EDGE_CURVE( '', #7897, #8036, #8037, .T. );
#6737 = EDGE_CURVE( '', #8021, #8036, #8038, .F. );
#6738 = EDGE_CURVE( '', #8039, #8018, #8040, .T. );
#6739 = EDGE_CURVE( '', #8041, #8016, #8042, .T. );
#6740 = EDGE_CURVE( '', #8041, #8039, #8043, .F. );
#6741 = EDGE_CURVE( '', #8044, #8045, #8046, .F. );
#6742 = EDGE_CURVE( '', #8045, #8047, #8048, .F. );
#6743 = EDGE_CURVE( '', #8047, #8049, #8050, .F. );
#6744 = EDGE_CURVE( '', #8049, #8044, #8051, .F. );
#6745 = EDGE_CURVE( '', #7885, #8052, #8053, .T. );
#6746 = EDGE_CURVE( '', #8052, #8054, #8055, .T. );
#6747 = EDGE_CURVE( '', #8054, #8041, #8056, .T. );
#6748 = EDGE_CURVE( '', #8057, #8033, #8058, .T. );
#6749 = EDGE_CURVE( '', #8059, #8057, #8060, .T. );
#6750 = EDGE_CURVE( '', #7884, #8059, #8061, .T. );
#6751 = EDGE_CURVE( '', #7889, #8062, #8063, .T. );
#6752 = EDGE_CURVE( '', #8052, #8062, #8064, .F. );
#6753 = EDGE_CURVE( '', #7887, #8065, #8066, .T. );
#6754 = EDGE_CURVE( '', #8065, #8067, #8068, .T. );
#6755 = EDGE_CURVE( '', #8067, #8031, #8069, .T. );
#6756 = EDGE_CURVE( '', #8070, #8039, #8071, .T. );
#6757 = EDGE_CURVE( '', #8062, #8070, #8072, .T. );
#6758 = EDGE_CURVE( '', #8054, #8070, #8073, .F. );
#6759 = EDGE_CURVE( '', #8067, #8057, #8074, .F. );
#6760 = EDGE_CURVE( '', #8065, #8059, #8075, .F. );
#6761 = EDGE_CURVE( '', #8076, #8044, #8077, .T. );
#6762 = EDGE_CURVE( '', #8076, #8078, #8079, .F. );
#6763 = EDGE_CURVE( '', #8078, #8045, #8080, .T. );
#6764 = EDGE_CURVE( '', #7877, #8081, #8082, .T. );
#6765 = EDGE_CURVE( '', #8081, #8083, #8084, .T. );
#6766 = EDGE_CURVE( '', #8083, #8085, #8086, .T. );
#6767 = EDGE_CURVE( '', #8085, #8047, #8087, .T. );
#6768 = EDGE_CURVE( '', #8088, #8078, #8089, .T. );
#6769 = EDGE_CURVE( '', #8090, #8088, #8091, .T. );
#6770 = EDGE_CURVE( '', #7876, #8090, #8092, .T. );
#6771 = EDGE_CURVE( '', #7881, #8093, #8094, .T. );
#6772 = EDGE_CURVE( '', #8081, #8093, #8095, .F. );
#6773 = EDGE_CURVE( '', #7879, #8096, #8097, .T. );
#6774 = EDGE_CURVE( '', #8096, #8098, #8099, .T. );
#6775 = EDGE_CURVE( '', #8098, #8076, #8100, .T. );
#6776 = EDGE_CURVE( '', #8101, #8049, #8102, .T. );
#6777 = EDGE_CURVE( '', #8103, #8101, #8104, .T. );
#6778 = EDGE_CURVE( '', #8093, #8103, #8105, .T. );
#6779 = EDGE_CURVE( '', #8083, #8103, #8106, .F. );
#6780 = EDGE_CURVE( '', #8098, #8088, #8107, .F. );
#6781 = EDGE_CURVE( '', #8096, #8090, #8108, .F. );
#6782 = EDGE_CURVE( '', #8085, #8101, #8109, .F. );
#6783 = EDGE_CURVE( '', #8110, #8111, #8112, .F. );
#6784 = EDGE_CURVE( '', #8113, #8110, #8114, .F. );
#6785 = EDGE_CURVE( '', #8115, #8113, #8116, .F. );
#6786 = EDGE_CURVE( '', #8111, #8115, #8117, .F. );
#6787 = EDGE_CURVE( '', #8118, #8111, #8119, .T. );
#6788 = EDGE_CURVE( '', #8120, #8118, #8121, .F. );
#6789 = EDGE_CURVE( '', #8120, #8110, #8122, .T. );
#6790 = EDGE_CURVE( '', #7855, #8123, #8124, .T. );
#6791 = EDGE_CURVE( '', #7853, #8125, #8126, .T. );
#6792 = EDGE_CURVE( '', #8125, #8127, #8128, .T. );
#6793 = EDGE_CURVE( '', #8127, #8118, #8129, .T. );
#6794 = EDGE_CURVE( '', #8130, #8115, #8131, .T. );
#6795 = EDGE_CURVE( '', #8132, #8130, #8133, .T. );
#6796 = EDGE_CURVE( '', #8123, #8132, #8134, .T. );
#6797 = EDGE_CURVE( '', #7857, #8135, #8136, .T. );
#6798 = EDGE_CURVE( '', #8123, #8135, #8137, .F. );
#6799 = EDGE_CURVE( '', #7852, #8138, #8139, .T. );
#6800 = EDGE_CURVE( '', #8135, #8140, #8141, .T. );
#6801 = EDGE_CURVE( '', #8140, #8142, #8143, .T. );
#6802 = EDGE_CURVE( '', #8142, #8113, #8144, .T. );
#6803 = EDGE_CURVE( '', #8145, #8120, #8146, .T. );
#6804 = EDGE_CURVE( '', #8138, #8145, #8147, .T. );
#6805 = EDGE_CURVE( '', #8132, #8140, #8148, .F. );
#6806 = EDGE_CURVE( '', #8145, #8127, #8149, .F. );
#6807 = EDGE_CURVE( '', #8138, #8125, #8150, .F. );
#6808 = EDGE_CURVE( '', #8130, #8142, #8151, .F. );
#6809 = EDGE_CURVE( '', #8152, #8153, #8154, .F. );
#6810 = EDGE_CURVE( '', #8155, #8152, #8156, .F. );
#6811 = EDGE_CURVE( '', #8157, #8155, #8158, .F. );
#6812 = EDGE_CURVE( '', #8153, #8157, #8159, .F. );
#6813 = EDGE_CURVE( '', #8160, #8153, #8161, .T. );
#6814 = EDGE_CURVE( '', #8162, #8160, #8163, .F. );
#6815 = EDGE_CURVE( '', #8162, #8152, #8164, .T. );
#6816 = EDGE_CURVE( '', #7871, #8165, #8166, .T. );
#6817 = EDGE_CURVE( '', #7869, #8167, #8168, .T. );
#6818 = EDGE_CURVE( '', #8167, #8169, #8170, .T. );
#6819 = EDGE_CURVE( '', #8169, #8160, #8171, .T. );
#6820 = EDGE_CURVE( '', #8172, #8157, #8173, .T. );
#6821 = EDGE_CURVE( '', #8174, #8172, #8175, .T. );
#6822 = EDGE_CURVE( '', #8165, #8174, #8176, .T. );
#6823 = EDGE_CURVE( '', #7873, #8177, #8178, .T. );
#6824 = EDGE_CURVE( '', #8165, #8177, #8179, .F. );
#6825 = EDGE_CURVE( '', #7868, #8180, #8181, .T. );
#6826 = EDGE_CURVE( '', #8177, #8182, #8183, .T. );
#6827 = EDGE_CURVE( '', #8182, #8184, #8185, .T. );
#6828 = EDGE_CURVE( '', #8184, #8155, #8186, .T. );
#6829 = EDGE_CURVE( '', #8187, #8162, #8188, .T. );
#6830 = EDGE_CURVE( '', #8180, #8187, #8189, .T. );
#6831 = EDGE_CURVE( '', #8174, #8182, #8190, .F. );
#6832 = EDGE_CURVE( '', #8187, #8169, #8191, .F. );
#6833 = EDGE_CURVE( '', #8180, #8167, #8192, .F. );
#6834 = EDGE_CURVE( '', #8172, #8184, #8193, .F. );
#6835 = EDGE_CURVE( '', #8194, #8195, #8196, .F. );
#6836 = EDGE_CURVE( '', #8197, #8194, #8198, .F. );
#6837 = EDGE_CURVE( '', #8199, #8197, #8200, .F. );
#6838 = EDGE_CURVE( '', #8195, #8199, #8201, .F. );
#6839 = EDGE_CURVE( '', #8202, #8195, #8203, .T. );
#6840 = EDGE_CURVE( '', #8204, #8202, #8205, .F. );
#6841 = EDGE_CURVE( '', #8204, #8194, #8206, .T. );
#6842 = EDGE_CURVE( '', #7863, #8207, #8208, .T. );
#6843 = EDGE_CURVE( '', #7861, #8209, #8210, .T. );
#6844 = EDGE_CURVE( '', #8209, #8211, #8212, .T. );
#6845 = EDGE_CURVE( '', #8211, #8202, #8213, .T. );
#6846 = EDGE_CURVE( '', #8214, #8199, #8215, .T. );
#6847 = EDGE_CURVE( '', #8216, #8214, #8217, .T. );
#6848 = EDGE_CURVE( '', #8207, #8216, #8218, .T. );
#6849 = EDGE_CURVE( '', #7865, #8219, #8220, .T. );
#6850 = EDGE_CURVE( '', #8207, #8219, #8221, .F. );
#6851 = EDGE_CURVE( '', #7860, #8222, #8223, .T. );
#6852 = EDGE_CURVE( '', #8219, #8224, #8225, .T. );
#6853 = EDGE_CURVE( '', #8224, #8226, #8227, .T. );
#6854 = EDGE_CURVE( '', #8226, #8197, #8228, .T. );
#6855 = EDGE_CURVE( '', #8229, #8204, #8230, .T. );
#6856 = EDGE_CURVE( '', #8222, #8229, #8231, .T. );
#6857 = EDGE_CURVE( '', #8216, #8224, #8232, .F. );
#6858 = EDGE_CURVE( '', #8229, #8211, #8233, .F. );
#6859 = EDGE_CURVE( '', #8222, #8209, #8234, .F. );
#6860 = EDGE_CURVE( '', #8214, #8226, #8235, .F. );
#6861 = EDGE_CURVE( '', #8236, #8237, #8238, .F. );
#6862 = EDGE_CURVE( '', #8237, #8239, #8240, .F. );
#6863 = EDGE_CURVE( '', #8239, #8241, #8242, .F. );
#6864 = EDGE_CURVE( '', #8241, #8236, #8243, .F. );
#6865 = EDGE_CURVE( '', #8244, #7477, #8245, .T. );
#6866 = EDGE_CURVE( '', #8246, #8244, #8247, .F. );
#6867 = EDGE_CURVE( '', #8246, #7479, #8248, .T. );
#6868 = EDGE_CURVE( '', #8239, #8249, #8250, .T. );
#6869 = EDGE_CURVE( '', #8237, #8251, #8252, .T. );
#6870 = EDGE_CURVE( '', #8251, #8253, #8254, .T. );
#6871 = EDGE_CURVE( '', #8253, #8244, #8255, .T. );
#6872 = EDGE_CURVE( '', #8256, #7474, #8257, .T. );
#6873 = EDGE_CURVE( '', #8258, #8256, #8259, .T. );
#6874 = EDGE_CURVE( '', #8249, #8258, #8260, .T. );
#6875 = EDGE_CURVE( '', #8241, #8261, #8262, .T. );
#6876 = EDGE_CURVE( '', #8249, #8261, #8263, .F. );
#6877 = EDGE_CURVE( '', #8236, #8264, #8265, .T. );
#6878 = EDGE_CURVE( '', #8261, #8266, #8267, .T. );
#6879 = EDGE_CURVE( '', #8266, #8268, #8269, .T. );
#6880 = EDGE_CURVE( '', #8268, #7475, #8270, .T. );
#6881 = EDGE_CURVE( '', #8271, #8246, #8272, .T. );
#6882 = EDGE_CURVE( '', #8264, #8271, #8273, .T. );
#6883 = EDGE_CURVE( '', #8258, #8266, #8274, .F. );
#6884 = EDGE_CURVE( '', #8271, #8253, #8275, .F. );
#6885 = EDGE_CURVE( '', #8264, #8251, #8276, .F. );
#6886 = EDGE_CURVE( '', #8256, #8268, #8277, .F. );
#6887 = EDGE_CURVE( '', #8278, #8279, #8280, .F. );
#6888 = EDGE_CURVE( '', #8279, #8281, #8282, .F. );
#6889 = EDGE_CURVE( '', #8281, #8283, #8284, .F. );
#6890 = EDGE_CURVE( '', #8283, #8278, #8285, .F. );
#6891 = EDGE_CURVE( '', #8286, #7437, #8287, .T. );
#6892 = EDGE_CURVE( '', #8288, #8286, #8289, .F. );
#6893 = EDGE_CURVE( '', #8288, #7439, #8290, .T. );
#6894 = EDGE_CURVE( '', #8281, #8291, #8292, .T. );
#6895 = EDGE_CURVE( '', #8279, #8293, #8294, .T. );
#6896 = EDGE_CURVE( '', #8293, #8295, #8296, .T. );
#6897 = EDGE_CURVE( '', #8295, #8286, #8297, .T. );
#6898 = EDGE_CURVE( '', #8298, #7434, #8299, .T. );
#6899 = EDGE_CURVE( '', #8300, #8298, #8301, .T. );
#6900 = EDGE_CURVE( '', #8291, #8300, #8302, .T. );
#6901 = EDGE_CURVE( '', #8283, #8303, #8304, .T. );
#6902 = EDGE_CURVE( '', #8291, #8303, #8305, .F. );
#6903 = EDGE_CURVE( '', #8278, #8306, #8307, .T. );
#6904 = EDGE_CURVE( '', #8303, #8308, #8309, .T. );
#6905 = EDGE_CURVE( '', #8308, #8310, #8311, .T. );
#6906 = EDGE_CURVE( '', #8310, #7435, #8312, .T. );
#6907 = EDGE_CURVE( '', #8313, #8288, #8314, .T. );
#6908 = EDGE_CURVE( '', #8306, #8313, #8315, .T. );
#6909 = EDGE_CURVE( '', #8300, #8308, #8316, .F. );
#6910 = EDGE_CURVE( '', #8313, #8295, #8317, .F. );
#6911 = EDGE_CURVE( '', #8306, #8293, #8318, .F. );
#6912 = EDGE_CURVE( '', #8298, #8310, #8319, .F. );
#6913 = EDGE_CURVE( '', #8320, #8321, #8322, .F. );
#6914 = EDGE_CURVE( '', #8321, #8323, #8324, .F. );
#6915 = EDGE_CURVE( '', #8323, #8325, #8326, .F. );
#6916 = EDGE_CURVE( '', #8325, #8320, #8327, .F. );
#6917 = EDGE_CURVE( '', #8328, #7469, #8329, .T. );
#6918 = EDGE_CURVE( '', #8330, #8328, #8331, .F. );
#6919 = EDGE_CURVE( '', #8330, #7471, #8332, .T. );
#6920 = EDGE_CURVE( '', #8323, #8333, #8334, .T. );
#6921 = EDGE_CURVE( '', #8321, #8335, #8336, .T. );
#6922 = EDGE_CURVE( '', #8335, #8337, #8338, .T. );
#6923 = EDGE_CURVE( '', #8337, #8328, #8339, .T. );
#6924 = EDGE_CURVE( '', #8340, #7466, #8341, .T. );
#6925 = EDGE_CURVE( '', #8342, #8340, #8343, .T. );
#6926 = EDGE_CURVE( '', #8333, #8342, #8344, .T. );
#6927 = EDGE_CURVE( '', #8325, #8345, #8346, .T. );
#6928 = EDGE_CURVE( '', #8333, #8345, #8347, .F. );
#6929 = EDGE_CURVE( '', #8320, #8348, #8349, .T. );
#6930 = EDGE_CURVE( '', #8345, #8350, #8351, .T. );
#6931 = EDGE_CURVE( '', #8350, #8352, #8353, .T. );
#6932 = EDGE_CURVE( '', #8352, #7467, #8354, .T. );
#6933 = EDGE_CURVE( '', #8355, #8330, #8356, .T. );
#6934 = EDGE_CURVE( '', #8348, #8355, #8357, .T. );
#6935 = EDGE_CURVE( '', #8342, #8350, #8358, .F. );
#6936 = EDGE_CURVE( '', #8355, #8337, #8359, .F. );
#6937 = EDGE_CURVE( '', #8348, #8335, #8360, .F. );
#6938 = EDGE_CURVE( '', #8340, #8352, #8361, .F. );
#6939 = EDGE_CURVE( '', #8362, #8363, #8364, .F. );
#6940 = EDGE_CURVE( '', #8365, #8362, #8366, .F. );
#6941 = EDGE_CURVE( '', #8367, #8365, #8368, .F. );
#6942 = EDGE_CURVE( '', #8363, #8367, #8369, .F. );
#6943 = EDGE_CURVE( '', #8370, #7463, #8371, .T. );
#6944 = EDGE_CURVE( '', #8370, #8372, #8373, .F. );
#6945 = EDGE_CURVE( '', #8372, #7458, #8374, .T. );
#6946 = EDGE_CURVE( '', #8367, #8375, #8376, .T. );
#6947 = EDGE_CURVE( '', #8375, #8377, #8378, .T. );
#6948 = EDGE_CURVE( '', #8377, #8379, #8380, .T. );
#6949 = EDGE_CURVE( '', #8379, #7459, #8381, .T. );
#6950 = EDGE_CURVE( '', #8382, #8372, #8383, .T. );
#6951 = EDGE_CURVE( '', #8384, #8382, #8385, .T. );
#6952 = EDGE_CURVE( '', #8363, #8384, #8386, .T. );
#6953 = EDGE_CURVE( '', #8365, #8387, #8388, .T. );
#6954 = EDGE_CURVE( '', #8375, #8387, #8389, .F. );
#6955 = EDGE_CURVE( '', #8362, #8390, #8391, .T. );
#6956 = EDGE_CURVE( '', #8390, #8392, #8393, .T. );
#6957 = EDGE_CURVE( '', #8392, #8370, #8394, .T. );
#6958 = EDGE_CURVE( '', #8395, #7461, #8396, .T. );
#6959 = EDGE_CURVE( '', #8397, #8395, #8398, .T. );
#6960 = EDGE_CURVE( '', #8387, #8397, #8399, .T. );
#6961 = EDGE_CURVE( '', #8377, #8397, #8400, .F. );
#6962 = EDGE_CURVE( '', #8392, #8382, #8401, .F. );
#6963 = EDGE_CURVE( '', #8390, #8384, #8402, .F. );
#6964 = EDGE_CURVE( '', #8379, #8395, #8403, .F. );
#6965 = EDGE_CURVE( '', #8404, #8405, #8406, .F. );
#6966 = EDGE_CURVE( '', #8407, #8404, #8408, .F. );
#6967 = EDGE_CURVE( '', #8409, #8407, #8410, .F. );
#6968 = EDGE_CURVE( '', #8405, #8409, #8411, .F. );
#6969 = EDGE_CURVE( '', #8412, #7455, #8413, .T. );
#6970 = EDGE_CURVE( '', #8412, #8414, #8415, .F. );
#6971 = EDGE_CURVE( '', #8414, #7450, #8416, .T. );
#6972 = EDGE_CURVE( '', #8409, #8417, #8418, .T. );
#6973 = EDGE_CURVE( '', #8417, #8419, #8420, .T. );
#6974 = EDGE_CURVE( '', #8419, #8421, #8422, .T. );
#6975 = EDGE_CURVE( '', #8421, #7451, #8423, .T. );
#6976 = EDGE_CURVE( '', #8424, #8414, #8425, .T. );
#6977 = EDGE_CURVE( '', #8426, #8424, #8427, .T. );
#6978 = EDGE_CURVE( '', #8405, #8426, #8428, .T. );
#6979 = EDGE_CURVE( '', #8407, #8429, #8430, .T. );
#6980 = EDGE_CURVE( '', #8417, #8429, #8431, .F. );
#6981 = EDGE_CURVE( '', #8404, #8432, #8433, .T. );
#6982 = EDGE_CURVE( '', #8432, #8434, #8435, .T. );
#6983 = EDGE_CURVE( '', #8434, #8412, #8436, .T. );
#6984 = EDGE_CURVE( '', #8437, #7453, #8438, .T. );
#6985 = EDGE_CURVE( '', #8439, #8437, #8440, .T. );
#6986 = EDGE_CURVE( '', #8429, #8439, #8441, .T. );
#6987 = EDGE_CURVE( '', #8419, #8439, #8442, .F. );
#6988 = EDGE_CURVE( '', #8434, #8424, #8443, .F. );
#6989 = EDGE_CURVE( '', #8432, #8426, #8444, .F. );
#6990 = EDGE_CURVE( '', #8421, #8437, #8445, .F. );
#6991 = EDGE_CURVE( '', #8446, #8447, #8448, .F. );
#6992 = EDGE_CURVE( '', #8449, #8446, #8450, .F. );
#6993 = EDGE_CURVE( '', #8451, #8449, #8452, .F. );
#6994 = EDGE_CURVE( '', #8447, #8451, #8453, .F. );
#6995 = EDGE_CURVE( '', #8454, #7447, #8455, .T. );
#6996 = EDGE_CURVE( '', #8454, #8456, #8457, .F. );
#6997 = EDGE_CURVE( '', #8456, #7442, #8458, .T. );
#6998 = EDGE_CURVE( '', #8451, #8459, #8460, .T. );
#6999 = EDGE_CURVE( '', #8459, #8461, #8462, .T. );
#7000 = EDGE_CURVE( '', #8461, #8463, #8464, .T. );
#7001 = EDGE_CURVE( '', #8463, #7443, #8465, .T. );
#7002 = EDGE_CURVE( '', #8466, #8456, #8467, .T. );
#7003 = EDGE_CURVE( '', #8468, #8466, #8469, .T. );
#7004 = EDGE_CURVE( '', #8447, #8468, #8470, .T. );
#7005 = EDGE_CURVE( '', #8449, #8471, #8472, .T. );
#7006 = EDGE_CURVE( '', #8459, #8471, #8473, .F. );
#7007 = EDGE_CURVE( '', #8446, #8474, #8475, .T. );
#7008 = EDGE_CURVE( '', #8474, #8476, #8477, .T. );
#7009 = EDGE_CURVE( '', #8476, #8454, #8478, .T. );
#7010 = EDGE_CURVE( '', #8479, #7445, #8480, .T. );
#7011 = EDGE_CURVE( '', #8481, #8479, #8482, .T. );
#7012 = EDGE_CURVE( '', #8471, #8481, #8483, .T. );
#7013 = EDGE_CURVE( '', #8461, #8481, #8484, .F. );
#7014 = EDGE_CURVE( '', #8476, #8466, #8485, .F. );
#7015 = EDGE_CURVE( '', #8474, #8468, #8486, .F. );
#7016 = EDGE_CURVE( '', #8463, #8479, #8487, .F. );
#7017 = EDGE_CURVE( '', #7582, #7322, #8488, .T. );
#7018 = EDGE_CURVE( '', #7580, #7325, #8489, .T. );
#7019 = EDGE_CURVE( '', #7200, #7323, #8490, .T. );
#7020 = EDGE_CURVE( '', #7202, #7327, #8491, .T. );
#7021 = EDGE_CURVE( '', #7345, #8492, #8493, .T. );
#7022 = EDGE_CURVE( '', #8492, #7357, #8494, .T. );
#7023 = EDGE_CURVE( '', #7490, #8495, #8496, .T. );
#7024 = EDGE_CURVE( '', #8495, #7333, #8497, .T. );
#7025 = EDGE_CURVE( '', #8495, #8492, #8498, .T. );
#7026 = EDGE_CURVE( '', #7900, #7510, #8499, .T. );
#7027 = EDGE_CURVE( '', #7902, #7350, #8500, .T. );
#7028 = EDGE_CURVE( '', #7647, #7554, #8501, .T. );
#7029 = EDGE_CURVE( '', #7557, #7603, #8502, .T. );
#7030 = EDGE_CURVE( '', #7918, #8503, #8504, .T. );
#7031 = EDGE_CURVE( '', #8503, #8505, #8506, .T. );
#7032 = EDGE_CURVE( '', #8505, #7925, #8507, .T. );
#7033 = EDGE_CURVE( '', #7925, #7918, #8508, .T. );
#7034 = EDGE_CURVE( '', #7910, #8509, #8510, .T. );
#7035 = EDGE_CURVE( '', #8509, #8511, #8512, .T. );
#7036 = EDGE_CURVE( '', #8511, #7915, #8513, .F. );
#7037 = EDGE_CURVE( '', #7915, #7910, #8514, .T. );
#7038 = EDGE_CURVE( '', #7935, #8515, #8516, .F. );
#7039 = EDGE_CURVE( '', #8515, #8517, #8518, .F. );
#7040 = EDGE_CURVE( '', #8517, #7928, #8519, .F. );
#7041 = EDGE_CURVE( '', #7928, #7935, #8520, .F. );
#7042 = EDGE_CURVE( '', #7907, #7808, #8521, .T. );
#7043 = EDGE_CURVE( '', #7802, #7907, #8522, .F. );
#7044 = EDGE_CURVE( '', #8523, #7933, #8524, .T. );
#7045 = EDGE_CURVE( '', #8515, #8523, #8525, .T. );
#7046 = EDGE_CURVE( '', #8523, #8526, #8527, .T. );
#7047 = EDGE_CURVE( '', #8528, #8526, #8529, .F. );
#7048 = EDGE_CURVE( '', #8515, #8528, #8530, .F. );
#7049 = EDGE_CURVE( '', #8531, #8528, #8532, .T. );
#7050 = EDGE_CURVE( '', #8517, #8531, #8533, .T. );
#7051 = EDGE_CURVE( '', #8534, #8531, #8535, .F. );
#7052 = EDGE_CURVE( '', #7971, #8534, #8536, .F. );
#7053 = EDGE_CURVE( '', #7971, #8517, #8537, .T. );
#7054 = EDGE_CURVE( '', #7596, #7975, #8538, .T. );
#7055 = EDGE_CURVE( '', #7975, #8505, #8539, .T. );
#7056 = EDGE_CURVE( '', #7598, #8505, #8540, .F. );
#7057 = EDGE_CURVE( '', #7980, #7526, #8541, .T. );
#7058 = EDGE_CURVE( '', #7538, #7977, #8542, .T. );
#7059 = EDGE_CURVE( '', #7535, #7977, #8543, .T. );
#7060 = EDGE_CURVE( '', #8544, #8503, #8545, .T. );
#7061 = EDGE_CURVE( '', #8503, #7982, #8546, .T. );
#7062 = EDGE_CURVE( '', #8547, #7982, #8548, .F. );
#7063 = EDGE_CURVE( '', #8544, #8547, #8549, .F. );
#7064 = EDGE_CURVE( '', #7980, #7157, #8550, .T. );
#7065 = EDGE_CURVE( '', #8547, #7155, #8551, .F. );
#7066 = EDGE_CURVE( '', #8544, #7237, #8552, .F. );
#7067 = EDGE_CURVE( '', #7905, #7742, #8553, .T. );
#7068 = EDGE_CURVE( '', #8534, #7154, #8554, .F. );
#7069 = EDGE_CURVE( '', #8526, #7240, #8555, .T. );
#7070 = EDGE_CURVE( '', #7656, #7235, #8556, .F. );
#7071 = EDGE_CURVE( '', #7370, #7686, #8557, .T. );
#7072 = EDGE_CURVE( '', #7681, #7686, #8558, .T. );
#7073 = EDGE_CURVE( '', #7658, #7663, #8559, .F. );
#7074 = EDGE_CURVE( '', #7625, #7630, #8560, .F. );
#7075 = EDGE_CURVE( '', #7630, #7368, #8561, .T. );
#7076 = EDGE_CURVE( '', #7729, #7705, #8562, .T. );
#7077 = EDGE_CURVE( '', #7782, #7585, #8563, .F. );
#7078 = EDGE_CURVE( '', #7933, #8564, #8565, .T. );
#7079 = EDGE_CURVE( '', #8564, #8523, #8566, .F. );
#7080 = EDGE_CURVE( '', #7742, #8567, #8568, .F. );
#7081 = EDGE_CURVE( '', #8567, #7905, #8569, .F. );
#7082 = EDGE_CURVE( '', #7940, #7945, #8570, .T. );
#7083 = EDGE_CURVE( '', #7912, #8571, #8572, .T. );
#7084 = EDGE_CURVE( '', #8571, #8573, #8574, .T. );
#7085 = EDGE_CURVE( '', #8573, #7912, #8575, .F. );
#7086 = EDGE_CURVE( '', #7787, #8576, #8577, .T. );
#7087 = EDGE_CURVE( '', #8576, #7783, #8578, .T. );
#7088 = EDGE_CURVE( '', #7945, #7520, #8579, .T. );
#7089 = EDGE_CURVE( '', #8580, #7998, #8581, .T. );
#7090 = EDGE_CURVE( '', #8580, #8026, #8582, .F. );
#7091 = EDGE_CURVE( '', #8583, #8008, #8584, .T. );
#7092 = EDGE_CURVE( '', #8023, #8583, #8585, .F. );
#7093 = EDGE_CURVE( '', #8586, #8580, #8587, .T. );
#7094 = EDGE_CURVE( '', #8586, #8028, #8588, .F. );
#7095 = EDGE_CURVE( '', #8036, #8583, #8589, .T. );
#7096 = EDGE_CURVE( '', #7895, #8586, #8590, .T. );
#7097 = EDGE_CURVE( '', #8567, #7192, #8591, .T. );
#7098 = EDGE_CURVE( '', #7808, #8567, #8592, .T. );
#7099 = EDGE_CURVE( '', #8571, #7540, #8593, .T. );
#7100 = EDGE_CURVE( '', #7593, #8573, #8594, .F. );
#7101 = EDGE_CURVE( '', #7591, #8509, #8595, .T. );
#7102 = EDGE_CURVE( '', #8509, #8573, #8596, .T. );
#7103 = EDGE_CURVE( '', #8571, #7536, #8597, .T. );
#7104 = EDGE_CURVE( '', #7589, #8511, #8598, .F. );
#7105 = EDGE_CURVE( '', #7585, #7783, #8599, .T. );
#7106 = EDGE_CURVE( '', #7587, #8576, #8600, .T. );
#7107 = EDGE_CURVE( '', #8576, #8511, #8601, .T. );
#7108 = EDGE_CURVE( '', #8564, #7532, #8602, .T. );
#7109 = EDGE_CURVE( '', #7530, #8564, #8603, .T. );
#7110 = DIRECTION( '', ( -1.00000000000000, 0.000000000000000, -2.55134749822366E-016 ) );
#7111 = DIRECTION( '', ( 0.000000000000000, 1.00000000000000, 0.000000000000000 ) );
#7112 = DIRECTION( '', ( -1.00000000000000, 0.000000000000000, -2.55134749822366E-016 ) );
#7113 = DIRECTION( '', ( 0.000000000000000, 1.00000000000000, 0.000000000000000 ) );
#7114 = CARTESIAN_POINT( '', ( 4.36595107072001E-016, 0.000000000000000, 1.80000000000000 ) );
#7115 = DIRECTION( '', ( 0.000000000000000, 0.000000000000000, -1.00000000000000 ) );
#7116 = DIRECTION( '', ( -1.00000000000000, 0.000000000000000, 0.000000000000000 ) );
#7117 = DIRECTION( '', ( 0.000000000000000, 1.00000000000000, 0.000000000000000 ) );
#7118 = DIRECTION( '', ( -1.00000000000000, 0.000000000000000, 0.000000000000000 ) );
#7119 = DIRECTION( '', ( 0.000000000000000, 1.00000000000000, 0.000000000000000 ) );
#7120 = DIRECTION( '', ( -1.00000000000000, 0.000000000000000, 0.000000000000000 ) );
#7121 = DIRECTION( '', ( 9.63735264431560E-016, 0.000000000000000, 1.00000000000000 ) );
#7122 = DIRECTION( '', ( 0.000000000000000, 1.00000000000000, 0.000000000000000 ) );
#7123 = DIRECTION( '', ( 9.63735264431560E-016, 0.000000000000000, 1.00000000000000 ) );
#7124 = CARTESIAN_POINT( '', ( 5.95000000000000, -2.85000000000000, 2.30000000000000 ) );
#7125 = DIRECTION( '', ( -1.00000000000000, 0.000000000000000, 9.63735264431560E-016 ) );
#7126 = DIRECTION( '', ( 9.63735264431560E-016, 0.000000000000000, 1.00000000000000 ) );
#7127 = CARTESIAN_POINT( '', ( 5.95000000000000, 2.85000000000000, 2.30000000000000 ) );
#7128 = DIRECTION( '', ( -1.00000000000000, 0.000000000000000, 9.63735264431560E-016 ) );
#7129 = DIRECTION( '', ( 9.63735264431560E-016, 0.000000000000000, 1.00000000000000 ) );
#7130 = DIRECTION( '', ( -5.78241158658935E-016, 0.000000000000000, -1.00000000000000 ) );
#7131 = DIRECTION( '', ( 0.000000000000000, 1.00000000000000, 0.000000000000000 ) );
#7132 = DIRECTION( '', ( -5.78241158658935E-016, 0.000000000000000, -1.00000000000000 ) );
#7133 = DIRECTION( '', ( 0.000000000000000, 1.00000000000000, 0.000000000000000 ) );
#7134 = DIRECTION( '', ( 9.63735264431560E-016, 0.000000000000000, -1.00000000000000 ) );
#7135 = CARTESIAN_POINT( '', ( -5.95000000000000, 2.85000000000000, 2.30000000000000 ) );
#7136 = DIRECTION( '', ( 1.00000000000000, 0.000000000000000, 9.63735264431560E-016 ) );
#7137 = DIRECTION( '', ( 9.63735264431560E-016, 0.000000000000000, -1.00000000000000 ) );
#7138 = CARTESIAN_POINT( '', ( -5.95000000000000, -2.85000000000000, 2.30000000000000 ) );
#7139 = DIRECTION( '', ( 1.00000000000000, 0.000000000000000, 9.63735264431560E-016 ) );
#7140 = DIRECTION( '', ( 9.63735264431560E-016, 0.000000000000000, -1.00000000000000 ) );
#7141 = DIRECTION( '', ( 9.63735264431560E-016, 0.000000000000000, -1.00000000000000 ) );
#7142 = DIRECTION( '', ( -1.00000000000000, 0.000000000000000, 0.000000000000000 ) );
#7143 = DIRECTION( '', ( -1.00000000000000, 0.000000000000000, 0.000000000000000 ) );
#7144 = DIRECTION( '', ( 0.000000000000000, 0.000000000000000, 1.00000000000000 ) );
#7145 = DIRECTION( '', ( 1.00000000000000, 0.000000000000000, 1.18816676436768E-016 ) );
#7146 = DIRECTION( '', ( -1.00000000000000, 0.000000000000000, 2.55134749822366E-016 ) );
#7147 = CARTESIAN_POINT( '', ( 4.36595107072001E-016, 0.000000000000000, 0.000000000000000 ) );
#7148 = DIRECTION( '', ( 0.000000000000000, 0.000000000000000, -1.00000000000000 ) );
#7149 = DIRECTION( '', ( 1.00000000000000, 0.000000000000000, 0.000000000000000 ) );
#7150 = DIRECTION( '', ( 0.000000000000000, 0.000000000000000, 1.00000000000000 ) );
#7151 = DIRECTION( '', ( 0.000000000000000, 1.00000000000000, 0.000000000000000 ) );
#7152 = DIRECTION( '', ( 1.00000000000000, 0.000000000000000, 1.18816676436768E-016 ) );
#7153 = DIRECTION( '', ( -1.00000000000000, 0.000000000000000, 2.55134749822366E-016 ) );
#7154 = VERTEX_POINT( '', #8604 );
#7155 = VERTEX_POINT( '', #8605 );
#7156 = CIRCLE( '', #8606, 5.25000000000000 );
#7157 = VERTEX_POINT( '', #8607 );
#7158 = LINE( '', #8608, #8609 );
#7159 = VERTEX_POINT( '', #8610 );
#7160 = LINE( '', #8611, #8612 );
#7161 = LINE( '', #8613, #8614 );
#7162 = VERTEX_POINT( '', #8615 );
#7163 = VERTEX_POINT( '', #8616 );
#7164 = CIRCLE( '', #8617, 0.100000000000000 );
#7165 = VERTEX_POINT( '', #8618 );
#7166 = CIRCLE( '', #8619, 0.100000000000000 );
#7167 = CIRCLE( '', #8620, 0.100000000000000 );
#7168 = VERTEX_POINT( '', #8621 );
#7169 = VERTEX_POINT( '', #8622 );
#7170 = CIRCLE( '', #8623, 0.100000000000000 );
#7171 = VERTEX_POINT( '', #8624 );
#7172 = LINE( '', #8625, #8626 );
#7173 = VERTEX_POINT( '', #8627 );
#7174 = CIRCLE( '', #8628, 0.100000000000000 );
#7175 = VERTEX_POINT( '', #8629 );
#7176 = LINE( '', #8630, #8631 );
#7177 = LINE( '', #8632, #8633 );
#7178 = VERTEX_POINT( '', #8634 );
#7179 = CIRCLE( '', #8635, 5.25000000000000 );
#7180 = VERTEX_POINT( '', #8636 );
#7181 = ELLIPSE( '', #8637, 0.338201367958878, 0.200000000000000 );
#7182 = VERTEX_POINT( '', #8638 );
#7183 = LINE( '', #8639, #8640 );
#7184 = VERTEX_POINT( '', #8641 );
#7185 = LINE( '', #8642, #8643 );
#7186 = VERTEX_POINT( '', #8644 );
#7187 = LINE( '', #8645, #8646 );
#7188 = VERTEX_POINT( '', #8647 );
#7189 = ELLIPSE( '', #8648, 0.338201367958878, 0.200000000000000 );
#7190 = VERTEX_POINT( '', #8649 );
#7191 = LINE( '', #8650, #8651 );
#7192 = VERTEX_POINT( '', #8652 );
#7193 = ELLIPSE( '', #8653, 0.338201367958878, 0.200000000000000 );
#7194 = VERTEX_POINT( '', #8654 );
#7195 = LINE( '', #8655, #8656 );
#7196 = VERTEX_POINT( '', #8657 );
#7197 = LINE( '', #8658, #8659 );
#7198 = VERTEX_POINT( '', #8660 );
#7199 = LINE( '', #8661, #8662 );
#7200 = VERTEX_POINT( '', #8663 );
#7201 = LINE( '', #8664, #8665 );
#7202 = VERTEX_POINT( '', #8666 );
#7203 = LINE( '', #8667, #8668 );
#7204 = VERTEX_POINT( '', #8669 );
#7205 = LINE( '', #8670, #8671 );
#7206 = VERTEX_POINT( '', #8672 );
#7207 = LINE( '', #8673, #8674 );
#7208 = VERTEX_POINT( '', #8675 );
#7209 = LINE( '', #8676, #8677 );
#7210 = VERTEX_POINT( '', #8678 );
#7211 = LINE( '', #8679, #8680 );
#7212 = VERTEX_POINT( '', #8681 );
#7213 = ELLIPSE( '', #8682, 0.338201367958878, 0.200000000000000 );
#7214 = VERTEX_POINT( '', #8683 );
#7215 = LINE( '', #8684, #8685 );
#7216 = VERTEX_POINT( '', #8686 );
#7217 = ELLIPSE( '', #8687, 0.338201367958878, 0.200000000000000 );
#7218 = VERTEX_POINT( '', #8688 );
#7219 = LINE( '', #8689, #8690 );
#7220 = VERTEX_POINT( '', #8691 );
#7221 = LINE( '', #8692, #8693 );
#7222 = VERTEX_POINT( '', #8694 );
#7223 = LINE( '', #8695, #8696 );
#7224 = VERTEX_POINT( '', #8697 );
#7225 = ELLIPSE( '', #8698, 0.338201367958878, 0.200000000000000 );
#7226 = LINE( '', #8699, #8700 );
#7227 = VERTEX_POINT( '', #8701 );
#7228 = VERTEX_POINT( '', #8702 );
#7229 = LINE( '', #8703, #8704 );
#7230 = ELLIPSE( '', #8705, 0.338201367958878, 0.200000000000000 );
#7231 = CIRCLE( '', #8706, 5.25000000000000 );
#7232 = VERTEX_POINT( '', #8707 );
#7233 = CIRCLE( '', #8708, 5.25000000000000 );
#7234 = VERTEX_POINT( '', #8709 );
#7235 = VERTEX_POINT( '', #8710 );
#7236 = CIRCLE( '', #8711, 5.25000000000000 );
#7237 = VERTEX_POINT( '', #8712 );
#7238 = CIRCLE( '', #8713, 5.25000000000000 );
#7239 = CIRCLE( '', #8714, 5.25000000000000 );
#7240 = VERTEX_POINT( '', #8715 );
#7241 = CIRCLE( '', #8716, 5.25000000000000 );
#7242 = CIRCLE( '', #8717, 5.25000000000000 );
#7243 = VERTEX_POINT( '', #8718 );
#7244 = CIRCLE( '', #8719, 5.25000000000000 );
#7245 = VERTEX_POINT( '', #8720 );
#7246 = CIRCLE( '', #8721, 5.25000000000000 );
#7247 = VERTEX_POINT( '', #8722 );
#7248 = CIRCLE( '', #8723, 5.25000000000000 );
#7249 = CIRCLE( '', #8724, 5.25000000000000 );
#7250 = VERTEX_POINT( '', #8725 );
#7251 = VERTEX_POINT( '', #8726 );
#7252 = B_SPLINE_CURVE_WITH_KNOTS( '', 3, ( #8727, #8728, #8729, #8730 ), .UNSPECIFIED., .F., .F., ( 4, 4 ), ( 0.000000000000000, 0.000178749318809672 ), .UNSPECIFIED. );
#7253 = VERTEX_POINT( '', #8731 );
#7254 = LINE( '', #8732, #8733 );
#7255 = VERTEX_POINT( '', #8734 );
#7256 = B_SPLINE_CURVE_WITH_KNOTS( '', 3, ( #8735, #8736, #8737, #8738 ), .UNSPECIFIED., .F., .F., ( 4, 4 ), ( 1.06229684024259E-018, 0.000179470759265442 ), .UNSPECIFIED. );
#7257 = LINE( '', #8739, #8740 );
#7258 = VERTEX_POINT( '', #8741 );
#7259 = ELLIPSE( '', #8742, 8.58004626313581, 5.65000000000000 );
#7260 = VERTEX_POINT( '', #8743 );
#7261 = B_SPLINE_CURVE_WITH_KNOTS( '', 3, ( #8744, #8745, #8746, #8747 ), .UNSPECIFIED., .F., .F., ( 4, 4 ), ( 0.000000000000000, 0.000164500021729466 ), .UNSPECIFIED. );
#7262 = VERTEX_POINT( '', #8748 );
#7263 = CIRCLE( '', #8749, 5.65000000000000 );
#7264 = VERTEX_POINT( '', #8750 );
#7265 = B_SPLINE_CURVE_WITH_KNOTS( '', 3, ( #8751, #8752, #8753, #8754, #8755, #8756 ), .UNSPECIFIED., .F., .F., ( 4, 2, 4 ), ( 0.000000000000000, 0.000134805086844001, 0.000269610173688003 ), .UNSPECIFIED. );
#7266 = VERTEX_POINT( '', #8757 );
#7267 = LINE( '', #8758, #8759 );
#7268 = VERTEX_POINT( '', #8760 );
#7269 = B_SPLINE_CURVE_WITH_KNOTS( '', 3, ( #8761, #8762, #8763, #8764, #8765, #8766, #8767, #8768, #8769, #8770, #8771, #8772, #8773, #8774, #8775, #8776, #8777, #8778, #8779 ), .UNSPECIFIED., .F., .F., ( 4, 3, 3, 3, 3, 3, 4 ), ( 0.000000000000000, 4.26867990788194E-005, 8.51159303133663E-005, 0.000130847802947890, 0.000186136352719380, 0.000253001887641003, 0.000265022139843209 ), .UNSPECIFIED. );
#7270 = VERTEX_POINT( '', #8780 );
#7271 = CIRCLE( '', #8781, 5.65000000000000 );
#7272 = VERTEX_POINT( '', #8782 );
#7273 = B_SPLINE_CURVE_WITH_KNOTS( '', 3, ( #8783, #8784, #8785, #8786, #8787, #8788 ), .UNSPECIFIED., .F., .F., ( 4, 2, 4 ), ( 0.000000000000000, 0.000132435316515290, 0.000264870633030580 ), .UNSPECIFIED. );
#7274 = VERTEX_POINT( '', #8789 );
#7275 = LINE( '', #8790, #8791 );
#7276 = VERTEX_POINT( '', #8792 );
#7277 = B_SPLINE_CURVE_WITH_KNOTS( '', 3, ( #8793, #8794, #8795, #8796, #8797, #8798 ), .UNSPECIFIED., .F., .F., ( 4, 2, 4 ), ( 0.000000000000000, 0.000135072862278787, 0.000270145724557574 ), .UNSPECIFIED. );
#7278 = VERTEX_POINT( '', #8799 );
#7279 = CIRCLE( '', #8800, 5.65000000000000 );
#7280 = VERTEX_POINT( '', #8801 );
#7281 = B_SPLINE_CURVE_WITH_KNOTS( '', 3, ( #8802, #8803, #8804, #8805 ), .UNSPECIFIED., .F., .F., ( 4, 4 ), ( 0.000000000000000, 0.000164682618615321 ), .UNSPECIFIED. );
#7282 = VERTEX_POINT( '', #8806 );
#7283 = ELLIPSE( '', #8807, 8.58004626313581, 5.65000000000000 );
#7284 = VERTEX_POINT( '', #8808 );
#7285 = B_SPLINE_CURVE_WITH_KNOTS( '', 3, ( #8809, #8810, #8811, #8812 ), .UNSPECIFIED., .F., .F., ( 4, 4 ), ( 1.06229684024259E-018, 0.000179470759265442 ), .UNSPECIFIED. );
#7286 = VERTEX_POINT( '', #8813 );
#7287 = CIRCLE( '', #8814, 5.65000000000000 );
#7288 = VERTEX_POINT( '', #8815 );
#7289 = B_SPLINE_CURVE_WITH_KNOTS( '', 3, ( #8816, #8817, #8818, #8819 ), .UNSPECIFIED., .F., .F., ( 4, 4 ), ( 0.000000000000000, 0.000178749318809672 ), .UNSPECIFIED. );
#7290 = VERTEX_POINT( '', #8820 );
#7291 = ELLIPSE( '', #8821, 8.58004626313581, 5.65000000000000 );
#7292 = VERTEX_POINT( '', #8822 );
#7293 = B_SPLINE_CURVE_WITH_KNOTS( '', 3, ( #8823, #8824, #8825, #8826 ), .UNSPECIFIED., .F., .F., ( 4, 4 ), ( 0.000000000000000, 0.000164500021729466 ), .UNSPECIFIED. );
#7294 = VERTEX_POINT( '', #8827 );
#7295 = CIRCLE( '', #8828, 5.65000000000000 );
#7296 = VERTEX_POINT( '', #8829 );
#7297 = B_SPLINE_CURVE_WITH_KNOTS( '', 3, ( #8830, #8831, #8832, #8833, #8834, #8835 ), .UNSPECIFIED., .F., .F., ( 4, 2, 4 ), ( 0.000000000000000, 0.000134805086844001, 0.000269610173688003 ), .UNSPECIFIED. );
#7298 = VERTEX_POINT( '', #8836 );
#7299 = LINE( '', #8837, #8838 );
#7300 = VERTEX_POINT( '', #8839 );
#7301 = B_SPLINE_CURVE_WITH_KNOTS( '', 3, ( #8840, #8841, #8842, #8843, #8844, #8845, #8846, #8847, #8848, #8849, #8850, #8851, #8852, #8853, #8854, #8855, #8856, #8857, #8858 ), .UNSPECIFIED., .F., .F., ( 4, 3, 3, 3, 3, 3, 4 ), ( 0.000000000000000, 4.26867990788194E-005, 8.51159303133663E-005, 0.000130847802947890, 0.000186136352719380, 0.000253001887641003, 0.000265022139843209 ), .UNSPECIFIED. );
#7302 = VERTEX_POINT( '', #8859 );
#7303 = CIRCLE( '', #8860, 5.65000000000000 );
#7304 = VERTEX_POINT( '', #8861 );
#7305 = B_SPLINE_CURVE_WITH_KNOTS( '', 3, ( #8862, #8863, #8864, #8865, #8866, #8867 ), .UNSPECIFIED., .F., .F., ( 4, 2, 4 ), ( 0.000000000000000, 0.000132435316515290, 0.000264870633030580 ), .UNSPECIFIED. );
#7306 = VERTEX_POINT( '', #8868 );
#7307 = LINE( '', #8869, #8870 );
#7308 = VERTEX_POINT( '', #8871 );
#7309 = B_SPLINE_CURVE_WITH_KNOTS( '', 3, ( #8872, #8873, #8874, #8875, #8876, #8877 ), .UNSPECIFIED., .F., .F., ( 4, 2, 4 ), ( 0.000000000000000, 0.000135072862278787, 0.000270145724557574 ), .UNSPECIFIED. );
#7310 = VERTEX_POINT( '', #8878 );
#7311 = CIRCLE( '', #8879, 5.65000000000000 );
#7312 = VERTEX_POINT( '', #8880 );
#7313 = B_SPLINE_CURVE_WITH_KNOTS( '', 3, ( #8881, #8882, #8883, #8884 ), .UNSPECIFIED., .F., .F., ( 4, 4 ), ( 0.000000000000000, 0.000164682618615321 ), .UNSPECIFIED. );
#7314 = ELLIPSE( '', #8885, 8.58004626313581, 5.65000000000000 );
#7315 = CIRCLE( '', #8886, 5.65000000000000 );
#7316 = VERTEX_POINT( '', #8887 );
#7317 = CIRCLE( '', #8888, 5.65000000000000 );
#7318 = VERTEX_POINT( '', #8889 );
#7319 = CIRCLE( '', #8890, 2.50000000000000 );
#7320 = VERTEX_POINT( '', #8891 );
#7321 = CIRCLE( '', #8892, 2.50000000000000 );
#7322 = VERTEX_POINT( '', #8893 );
#7323 = VERTEX_POINT( '', #8894 );
#7324 = LINE( '', #8895, #8896 );
#7325 = VERTEX_POINT( '', #8897 );
#7326 = LINE( '', #8898, #8899 );
#7327 = VERTEX_POINT( '', #8900 );
#7328 = LINE( '', #8901, #8902 );
#7329 = LINE( '', #8903, #8904 );
#7330 = LINE( '', #8905, #8906 );
#7331 = LINE( '', #8907, #8908 );
#7332 = VERTEX_POINT( '', #8909 );
#7333 = VERTEX_POINT( '', #8910 );
#7334 = CIRCLE( '', #8911, 0.100000000000000 );
#7335 = VERTEX_POINT( '', #8912 );
#7336 = LINE( '', #8913, #8914 );
#7337 = VERTEX_POINT( '', #8915 );
#7338 = CIRCLE( '', #8916, 0.100000000000000 );
#7339 = LINE( '', #8917, #8918 );
#7340 = LINE( '', #8919, #8920 );
#7341 = LINE( '', #8921, #8922 );
#7342 = VERTEX_POINT( '', #8923 );
#7343 = VERTEX_POINT( '', #8924 );
#7344 = CIRCLE( '', #8925, 0.100000000000000 );
#7345 = VERTEX_POINT( '', #8926 );
#7346 = LINE( '', #8927, #8928 );
#7347 = VERTEX_POINT( '', #8929 );
#7348 = CIRCLE( '', #8930, 0.100000000000000 );
#7349 = LINE( '', #8931, #8932 );
#7350 = VERTEX_POINT( '', #8933 );
#7351 = CIRCLE( '', #8934, 0.100000000000000 );
#7352 = VERTEX_POINT( '', #8935 );
#7353 = CIRCLE( '', #8936, 0.100000000000000 );
#7354 = LINE( '', #8937, #8938 );
#7355 = CIRCLE( '', #8939, 0.100000000000000 );
#7356 = CIRCLE( '', #8940, 0.100000000000000 );
#7357 = VERTEX_POINT( '', #8941 );
#7358 = CIRCLE( '', #8942, 0.100000000000000 );
#7359 = LINE( '', #8943, #8944 );
#7360 = VERTEX_POINT( '', #8945 );
#7361 = LINE( '', #8946, #8947 );
#7362 = VERTEX_POINT( '', #8948 );
#7363 = CIRCLE( '', #8949, 0.100000000000000 );
#7364 = VERTEX_POINT( '', #8950 );
#7365 = LINE( '', #8951, #8952 );
#7366 = CIRCLE( '', #8953, 0.100000000000000 );
#7367 = VERTEX_POINT( '', #8954 );
#7368 = VERTEX_POINT( '', #8955 );
#7369 = LINE( '', #8956, #8957 );
#7370 = VERTEX_POINT( '', #8958 );
#7371 = CIRCLE( '', #8959, 0.100000000000000 );
#7372 = VERTEX_POINT( '', #8960 );
#7373 = LINE( '', #8961, #8962 );
#7374 = CIRCLE( '', #8963, 0.100000000000000 );
#7375 = VERTEX_POINT( '', #8964 );
#7376 = VERTEX_POINT( '', #8965 );
#7377 = ELLIPSE( '', #8966, 0.248014336503177, 0.200000000000000 );
#7378 = VERTEX_POINT( '', #8967 );
#7379 = LINE( '', #8968, #8969 );
#7380 = VERTEX_POINT( '', #8970 );
#7381 = LINE( '', #8971, #8972 );
#7382 = VERTEX_POINT( '', #8973 );
#7383 = LINE( '', #8974, #8975 );
#7384 = VERTEX_POINT( '', #8976 );
#7385 = ELLIPSE( '', #8977, 0.248014336503177, 0.200000000000000 );
#7386 = VERTEX_POINT( '', #8978 );
#7387 = LINE( '', #8979, #8980 );
#7388 = VERTEX_POINT( '', #8981 );
#7389 = ELLIPSE( '', #8982, 0.248014336503177, 0.200000000000000 );
#7390 = VERTEX_POINT( '', #8983 );
#7391 = LINE( '', #8984, #8985 );
#7392 = LINE( '', #8986, #8987 );
#7393 = VERTEX_POINT( '', #8988 );
#7394 = LINE( '', #8989, #8990 );
#7395 = LINE( '', #8991, #8992 );
#7396 = VERTEX_POINT( '', #8993 );
#7397 = LINE( '', #8994, #8995 );
#7398 = VERTEX_POINT( '', #8996 );
#7399 = ELLIPSE( '', #8997, 0.248014336503177, 0.200000000000000 );
#7400 = VERTEX_POINT( '', #8998 );
#7401 = LINE( '', #8999, #9000 );
#7402 = VERTEX_POINT( '', #9001 );
#7403 = ELLIPSE( '', #9002, 0.248014336503177, 0.200000000000000 );
#7404 = LINE( '', #9003, #9004 );
#7405 = VERTEX_POINT( '', #9005 );
#7406 = LINE( '', #9006, #9007 );
#7407 = VERTEX_POINT( '', #9008 );
#7408 = ELLIPSE( '', #9009, 0.248014336503177, 0.200000000000000 );
#7409 = VERTEX_POINT( '', #9010 );
#7410 = LINE( '', #9011, #9012 );
#7411 = VERTEX_POINT( '', #9013 );
#7412 = ELLIPSE( '', #9014, 0.248014336503177, 0.200000000000000 );
#7413 = VERTEX_POINT( '', #9015 );
#7414 = LINE( '', #9016, #9017 );
#7415 = VERTEX_POINT( '', #9018 );
#7416 = LINE( '', #9019, #9020 );
#7417 = VERTEX_POINT( '', #9021 );
#7418 = LINE( '', #9022, #9023 );
#7419 = VERTEX_POINT( '', #9024 );
#7420 = ELLIPSE( '', #9025, 0.248014336503177, 0.200000000000000 );
#7421 = VERTEX_POINT( '', #9026 );
#7422 = LINE( '', #9027, #9028 );
#7423 = VERTEX_POINT( '', #9029 );
#7424 = ELLIPSE( '', #9030, 0.248014336503177, 0.200000000000000 );
#7425 = VERTEX_POINT( '', #9031 );
#7426 = LINE( '', #9032, #9033 );
#7427 = VERTEX_POINT( '', #9034 );
#7428 = LINE( '', #9035, #9036 );
#7429 = VERTEX_POINT( '', #9037 );
#7430 = LINE( '', #9038, #9039 );
#7431 = VERTEX_POINT( '', #9040 );
#7432 = ELLIPSE( '', #9041, 0.248014336503177, 0.200000000000000 );
#7433 = LINE( '', #9042, #9043 );
#7434 = VERTEX_POINT( '', #9044 );
#7435 = VERTEX_POINT( '', #9045 );
#7436 = LINE( '', #9046, #9047 );
#7437 = VERTEX_POINT( '', #9048 );
#7438 = LINE( '', #9049, #9050 );
#7439 = VERTEX_POINT( '', #9051 );
#7440 = LINE( '', #9052, #9053 );
#7441 = LINE( '', #9054, #9055 );
#7442 = VERTEX_POINT( '', #9056 );
#7443 = VERTEX_POINT( '', #9057 );
#7444 = LINE( '', #9058, #9059 );
#7445 = VERTEX_POINT( '', #9060 );
#7446 = LINE( '', #9061, #9062 );
#7447 = VERTEX_POINT( '', #9063 );
#7448 = LINE( '', #9064, #9065 );
#7449 = LINE( '', #9066, #9067 );
#7450 = VERTEX_POINT( '', #9068 );
#7451 = VERTEX_POINT( '', #9069 );
#7452 = LINE( '', #9070, #9071 );
#7453 = VERTEX_POINT( '', #9072 );
#7454 = LINE( '', #9073, #9074 );
#7455 = VERTEX_POINT( '', #9075 );
#7456 = LINE( '', #9076, #9077 );
#7457 = LINE( '', #9078, #9079 );
#7458 = VERTEX_POINT( '', #9080 );
#7459 = VERTEX_POINT( '', #9081 );
#7460 = LINE( '', #9082, #9083 );
#7461 = VERTEX_POINT( '', #9084 );
#7462 = LINE( '', #9085, #9086 );
#7463 = VERTEX_POINT( '', #9087 );
#7464 = LINE( '', #9088, #9089 );
#7465 = LINE( '', #9090, #9091 );
#7466 = VERTEX_POINT( '', #9092 );
#7467 = VERTEX_POINT( '', #9093 );
#7468 = LINE( '', #9094, #9095 );
#7469 = VERTEX_POINT( '', #9096 );
#7470 = LINE( '', #9097, #9098 );
#7471 = VERTEX_POINT( '', #9099 );
#7472 = LINE( '', #9100, #9101 );
#7473 = LINE( '', #9102, #9103 );
#7474 = VERTEX_POINT( '', #9104 );
#7475 = VERTEX_POINT( '', #9105 );
#7476 = LINE( '', #9106, #9107 );
#7477 = VERTEX_POINT( '', #9108 );
#7478 = LINE( '', #9109, #9110 );
#7479 = VERTEX_POINT( '', #9111 );
#7480 = LINE( '', #9112, #9113 );
#7481 = LINE( '', #9114, #9115 );
#7482 = VERTEX_POINT( '', #9116 );
#7483 = VERTEX_POINT( '', #9117 );
#7484 = LINE( '', #9118, #9119 );
#7485 = CIRCLE( '', #9120, 0.100000000000000 );
#7486 = CIRCLE( '', #9121, 0.100000000000000 );
#7487 = CIRCLE( '', #9122, 0.100000000000000 );
#7488 = CIRCLE( '', #9123, 0.100000000000000 );
#7489 = CIRCLE( '', #9124, 0.100000000000000 );
#7490 = VERTEX_POINT( '', #9125 );
#7491 = CIRCLE( '', #9126, 0.100000000000000 );
#7492 = LINE( '', #9127, #9128 );
#7493 = VERTEX_POINT( '', #9129 );
#7494 = VERTEX_POINT( '', #9130 );
#7495 = CIRCLE( '', #9131, 0.100000000000000 );
#7496 = VERTEX_POINT( '', #9132 );
#7497 = LINE( '', #9133, #9134 );
#7498 = VERTEX_POINT( '', #9135 );
#7499 = CIRCLE( '', #9136, 0.100000000000000 );
#7500 = LINE( '', #9137, #9138 );
#7501 = VERTEX_POINT( '', #9139 );
#7502 = VERTEX_POINT( '', #9140 );
#7503 = LINE( '', #9141, #9142 );
#7504 = VERTEX_POINT( '', #9143 );
#7505 = LINE( '', #9144, #9145 );
#7506 = LINE( '', #9146, #9147 );
#7507 = VERTEX_POINT( '', #9148 );
#7508 = CIRCLE( '', #9149, 0.100000000000000 );
#7509 = CIRCLE( '', #9150, 0.100000000000000 );
#7510 = VERTEX_POINT( '', #9151 );
#7511 = VERTEX_POINT( '', #9152 );
#7512 = CIRCLE( '', #9153, 0.100000000000000 );
#7513 = LINE( '', #9154, #9155 );
#7514 = LINE( '', #9156, #9157 );
#7515 = VERTEX_POINT( '', #9158 );
#7516 = CIRCLE( '', #9159, 0.100000000000000 );
#7517 = VERTEX_POINT( '', #9160 );
#7518 = LINE( '', #9161, #9162 );
#7519 = CIRCLE( '', #9163, 0.100000000000000 );
#7520 = VERTEX_POINT( '', #9164 );
#7521 = CIRCLE( '', #9165, 0.100000000000000 );
#7522 = VERTEX_POINT( '', #9166 );
#7523 = LINE( '', #9167, #9168 );
#7524 = CIRCLE( '', #9169, 0.100000000000000 );
#7525 = VERTEX_POINT( '', #9170 );
#7526 = VERTEX_POINT( '', #9171 );
#7527 = LINE( '', #9172, #9173 );
#7528 = CIRCLE( '', #9174, 0.100000000000000 );
#7529 = CIRCLE( '', #9175, 0.100000000000000 );
#7530 = VERTEX_POINT( '', #9176 );
#7531 = LINE( '', #9177, #9178 );
#7532 = VERTEX_POINT( '', #9179 );
#7533 = LINE( '', #9180, #9181 );
#7534 = CIRCLE( '', #9182, 0.100000000000000 );
#7535 = VERTEX_POINT( '', #9183 );
#7536 = VERTEX_POINT( '', #9184 );
#7537 = LINE( '', #9185, #9186 );
#7538 = VERTEX_POINT( '', #9187 );
#7539 = CIRCLE( '', #9188, 0.100000000000000 );
#7540 = VERTEX_POINT( '', #9189 );
#7541 = LINE( '', #9190, #9191 );
#7542 = CIRCLE( '', #9192, 0.100000000000000 );
#7543 = CIRCLE( '', #9193, 0.100000000000000 );
#7544 = VERTEX_POINT( '', #9194 );
#7545 = VERTEX_POINT( '', #9195 );
#7546 = CIRCLE( '', #9196, 0.100000000000000 );
#7547 = LINE( '', #9197, #9198 );
#7548 = LINE( '', #9199, #9200 );
#7549 = VERTEX_POINT( '', #9201 );
#7550 = CIRCLE( '', #9202, 0.100000000000000 );
#7551 = VERTEX_POINT( '', #9203 );
#7552 = CIRCLE( '', #9204, 0.100000000000000 );
#7553 = LINE( '', #9205, #9206 );
#7554 = VERTEX_POINT( '', #9207 );
#7555 = CIRCLE( '', #9208, 0.100000000000000 );
#7556 = CIRCLE( '', #9209, 0.100000000000000 );
#7557 = VERTEX_POINT( '', #9210 );
#7558 = CIRCLE( '', #9211, 0.100000000000000 );
#7559 = ELLIPSE( '', #9212, 0.290482641975827, 0.100000000000000 );
#7560 = CIRCLE( '', #9213, 0.100000000000000 );
#7561 = VERTEX_POINT( '', #9214 );
#7562 = VERTEX_POINT( '', #9215 );
#7563 = ELLIPSE( '', #9216, 0.177513692742591, 0.100000000000000 );
#7564 = LINE( '', #9217, #9218 );
#7565 = LINE( '', #9219, #9220 );
#7566 = VERTEX_POINT( '', #9221 );
#7567 = LINE( '', #9222, #9223 );
#7568 = VERTEX_POINT( '', #9224 );
#7569 = ELLIPSE( '', #9225, 0.338201367958878, 0.200000000000000 );
#7570 = LINE( '', #9226, #9227 );
#7571 = VERTEX_POINT( '', #9228 );
#7572 = LINE( '', #9229, #9230 );
#7573 = VERTEX_POINT( '', #9231 );
#7574 = ELLIPSE( '', #9232, 0.338201367958878, 0.200000000000000 );
#7575 = VERTEX_POINT( '', #9233 );
#7576 = LINE( '', #9234, #9235 );
#7577 = VERTEX_POINT( '', #9236 );
#7578 = ELLIPSE( '', #9237, 0.338201367958878, 0.200000000000000 );
#7579 = LINE( '', #9238, #9239 );
#7580 = VERTEX_POINT( '', #9240 );
#7581 = LINE( '', #9241, #9242 );
#7582 = VERTEX_POINT( '', #9243 );
#7583 = LINE( '', #9244, #9245 );
#7584 = LINE( '', #9246, #9247 );
#7585 = VERTEX_POINT( '', #9248 );
#7586 = LINE( '', #9249, #9250 );
#7587 = VERTEX_POINT( '', #9251 );
#7588 = LINE( '', #9252, #9253 );
#7589 = VERTEX_POINT( '', #9254 );
#7590 = ELLIPSE( '', #9255, 0.338201367958878, 0.200000000000000 );
#7591 = VERTEX_POINT( '', #9256 );
#7592 = LINE( '', #9257, #9258 );
#7593 = VERTEX_POINT( '', #9259 );
#7594 = ELLIPSE( '', #9260, 0.338201367958878, 0.200000000000000 );
#7595 = LINE( '', #9261, #9262 );
#7596 = VERTEX_POINT( '', #9263 );
#7597 = LINE( '', #9264, #9265 );
#7598 = VERTEX_POINT( '', #9266 );
#7599 = ELLIPSE( '', #9267, 0.338201367958878, 0.200000000000000 );
#7600 = LINE( '', #9268, #9269 );
#7601 = VERTEX_POINT( '', #9270 );
#7602 = CIRCLE( '', #9271, 0.100000000000000 );
#7603 = VERTEX_POINT( '', #9272 );
#7604 = ELLIPSE( '', #9273, 0.290482641975827, 0.0999999999999999 );
#7605 = CIRCLE( '', #9274, 0.100000000000000 );
#7606 = CIRCLE( '', #9275, 0.100000000000000 );
#7607 = LINE( '', #9276, #9277 );
#7608 = CIRCLE( '', #9278, 0.100000000000000 );
#7609 = VERTEX_POINT( '', #9279 );
#7610 = VERTEX_POINT( '', #9280 );
#7611 = ELLIPSE( '', #9281, 0.177513692742591, 0.100000000000000 );
#7612 = LINE( '', #9282, #9283 );
#7613 = LINE( '', #9284, #9285 );
#7614 = VERTEX_POINT( '', #9286 );
#7615 = CIRCLE( '', #9287, 0.100000000000000 );
#7616 = LINE( '', #9288, #9289 );
#7617 = CIRCLE( '', #9290, 0.100000000000000 );
#7618 = LINE( '', #9291, #9292 );
#7619 = CIRCLE( '', #9293, 0.100000000000000 );
#7620 = CIRCLE( '', #9294, 0.100000000000000 );
#7621 = CIRCLE( '', #9295, 0.100000000000000 );
#7622 = LINE( '', #9296, #9297 );
#7623 = VERTEX_POINT( '', #9298 );
#7624 = CIRCLE( '', #9299, 0.100000000000000 );
#7625 = VERTEX_POINT( '', #9300 );
#7626 = CIRCLE( '', #9301, 0.100000000000000 );
#7627 = ELLIPSE( '', #9302, 0.290482641975827, 0.0999999999999999 );
#7628 = VERTEX_POINT( '', #9303 );
#7629 = CIRCLE( '', #9304, 0.100000000000000 );
#7630 = VERTEX_POINT( '', #9305 );
#7631 = LINE( '', #9306, #9307 );
#7632 = CIRCLE( '', #9308, 0.100000000000000 );
#7633 = VERTEX_POINT( '', #9309 );
#7634 = CIRCLE( '', #9310, 0.100000000000000 );
#7635 = ELLIPSE( '', #9311, 0.177513692742591, 0.100000000000000 );
#7636 = LINE( '', #9312, #9313 );
#7637 = LINE( '', #9314, #9315 );
#7638 = VERTEX_POINT( '', #9316 );
#7639 = CIRCLE( '', #9317, 0.100000000000000 );
#7640 = LINE( '', #9318, #9319 );
#7641 = VERTEX_POINT( '', #9320 );
#7642 = CIRCLE( '', #9321, 0.100000000000000 );
#7643 = ELLIPSE( '', #9322, 0.290482641975827, 0.100000000000000 );
#7644 = VERTEX_POINT( '', #9323 );
#7645 = CIRCLE( '', #9324, 0.100000000000000 );
#7646 = LINE( '', #9325, #9326 );
#7647 = VERTEX_POINT( '', #9327 );
#7648 = CIRCLE( '', #9328, 0.100000000000000 );
#7649 = ELLIPSE( '', #9329, 0.177513692742591, 0.100000000000000 );
#7650 = LINE( '', #9330, #9331 );
#7651 = LINE( '', #9332, #9333 );
#7652 = LINE( '', #9334, #9335 );
#7653 = VERTEX_POINT( '', #9336 );
#7654 = VERTEX_POINT( '', #9337 );
#7655 = CIRCLE( '', #9338, 0.100000000000000 );
#7656 = VERTEX_POINT( '', #9339 );
#7657 = ELLIPSE( '', #9340, 0.338201367958878, 0.200000000000000 );
#7658 = VERTEX_POINT( '', #9341 );
#7659 = CIRCLE( '', #9342, 0.100000000000000 );
#7660 = ELLIPSE( '', #9343, 0.290482641975827, 0.100000000000000 );
#7661 = VERTEX_POINT( '', #9344 );
#7662 = CIRCLE( '', #9345, 0.100000000000000 );
#7663 = VERTEX_POINT( '', #9346 );
#7664 = LINE( '', #9347, #9348 );
#7665 = CIRCLE( '', #9349, 0.100000000000000 );
#7666 = VERTEX_POINT( '', #9350 );
#7667 = CIRCLE( '', #9351, 0.100000000000000 );
#7668 = ELLIPSE( '', #9352, 0.177513692742591, 0.100000000000000 );
#7669 = LINE( '', #9353, #9354 );
#7670 = LINE( '', #9355, #9356 );
#7671 = VERTEX_POINT( '', #9357 );
#7672 = CIRCLE( '', #9358, 0.100000000000000 );
#7673 = LINE( '', #9359, #9360 );
#7674 = LINE( '', #9361, #9362 );
#7675 = VERTEX_POINT( '', #9363 );
#7676 = CIRCLE( '', #9364, 0.100000000000000 );
#7677 = ELLIPSE( '', #9365, 0.290482641975827, 0.100000000000000 );
#7678 = VERTEX_POINT( '', #9366 );
#7679 = CIRCLE( '', #9367, 0.100000000000000 );
#7680 = LINE( '', #9368, #9369 );
#7681 = VERTEX_POINT( '', #9370 );
#7682 = CIRCLE( '', #9371, 0.100000000000000 );
#7683 = ELLIPSE( '', #9372, 0.177513692742591, 0.100000000000000 );
#7684 = LINE( '', #9373, #9374 );
#7685 = LINE( '', #9375, #9376 );
#7686 = VERTEX_POINT( '', #9377 );
#7687 = CIRCLE( '', #9378, 0.100000000000000 );
#7688 = LINE( '', #9379, #9380 );
#7689 = VERTEX_POINT( '', #9381 );
#7690 = VERTEX_POINT( '', #9382 );
#7691 = CIRCLE( '', #9383, 0.100000000000000 );
#7692 = VERTEX_POINT( '', #9384 );
#7693 = ELLIPSE( '', #9385, 0.290482641975827, 0.100000000000000 );
#7694 = VERTEX_POINT( '', #9386 );
#7695 = CIRCLE( '', #9387, 0.100000000000000 );
#7696 = ELLIPSE( '', #9388, 0.338201367958878, 0.200000000000000 );
#7697 = VERTEX_POINT( '', #9389 );
#7698 = VERTEX_POINT( '', #9390 );
#7699 = CIRCLE( '', #9391, 0.100000000000000 );
#7700 = LINE( '', #9392, #9393 );
#7701 = LINE( '', #9394, #9395 );
#7702 = LINE( '', #9396, #9397 );
#7703 = CIRCLE( '', #9398, 0.100000000000000 );
#7704 = CIRCLE( '', #9399, 0.100000000000000 );
#7705 = VERTEX_POINT( '', #9400 );
#7706 = VERTEX_POINT( '', #9401 );
#7707 = ELLIPSE( '', #9402, 0.177513692742591, 0.100000000000000 );
#7708 = LINE( '', #9403, #9404 );
#7709 = LINE( '', #9405, #9406 );
#7710 = VERTEX_POINT( '', #9407 );
#7711 = VERTEX_POINT( '', #9408 );
#7712 = CIRCLE( '', #9409, 0.100000000000000 );
#7713 = LINE( '', #9410, #9411 );
#7714 = LINE( '', #9412, #9413 );
#7715 = CIRCLE( '', #9414, 0.100000000000000 );
#7716 = LINE( '', #9415, #9416 );
#7717 = CIRCLE( '', #9417, 0.100000000000000 );
#7718 = VERTEX_POINT( '', #9418 );
#7719 = VERTEX_POINT( '', #9419 );
#7720 = CIRCLE( '', #9420, 0.100000000000000 );
#7721 = ELLIPSE( '', #9421, 0.290482641975827, 0.0999999999999999 );
#7722 = ELLIPSE( '', #9422, 0.338201367958878, 0.200000000000000 );
#7723 = VERTEX_POINT( '', #9423 );
#7724 = CIRCLE( '', #9424, 0.100000000000000 );
#7725 = LINE( '', #9425, #9426 );
#7726 = LINE( '', #9427, #9428 );
#7727 = LINE( '', #9429, #9430 );
#7728 = VERTEX_POINT( '', #9431 );
#7729 = VERTEX_POINT( '', #9432 );
#7730 = ELLIPSE( '', #9433, 0.177513692742591, 0.100000000000000 );
#7731 = LINE( '', #9434, #9435 );
#7732 = LINE( '', #9436, #9437 );
#7733 = CIRCLE( '', #9438, 0.100000000000000 );
#7734 = CIRCLE( '', #9439, 0.100000000000000 );
#7735 = CIRCLE( '', #9440, 0.100000000000000 );
#7736 = LINE( '', #9441, #9442 );
#7737 = VERTEX_POINT( '', #9443 );
#7738 = CIRCLE( '', #9444, 0.100000000000000 );
#7739 = CIRCLE( '', #9445, 0.100000000000000 );
#7740 = CIRCLE( '', #9446, 0.100000000000000 );
#7741 = CIRCLE( '', #9447, 0.100000000000000 );
#7742 = VERTEX_POINT( '', #9448 );
#7743 = CIRCLE( '', #9449, 0.100000000000000 );
#7744 = CIRCLE( '', #9450, 0.100000000000000 );
#7745 = CIRCLE( '', #9451, 0.100000000000000 );
#7746 = CIRCLE( '', #9452, 0.100000000000000 );
#7747 = VERTEX_POINT( '', #9453 );
#7748 = CIRCLE( '', #9454, 0.100000000000000 );
#7749 = ELLIPSE( '', #9455, 0.177513692742591, 0.100000000000000 );
#7750 = VERTEX_POINT( '', #9456 );
#7751 = CIRCLE( '', #9457, 0.100000000000000 );
#7752 = ELLIPSE( '', #9458, 0.290482641975827, 0.0999999999999999 );
#7753 = LINE( '', #9459, #9460 );
#7754 = VERTEX_POINT( '', #9461 );
#7755 = CIRCLE( '', #9462, 0.100000000000000 );
#7756 = LINE( '', #9463, #9464 );
#7757 = VERTEX_POINT( '', #9465 );
#7758 = VERTEX_POINT( '', #9466 );
#7759 = CIRCLE( '', #9467, 0.100000000000000 );
#7760 = LINE( '', #9468, #9469 );
#7761 = LINE( '', #9470, #9471 );
#7762 = VERTEX_POINT( '', #9472 );
#7763 = CIRCLE( '', #9473, 0.100000000000000 );
#7764 = ELLIPSE( '', #9474, 0.177513692742591, 0.100000000000000 );
#7765 = VERTEX_POINT( '', #9475 );
#7766 = VERTEX_POINT( '', #9476 );
#7767 = CIRCLE( '', #9477, 0.100000000000000 );
#7768 = ELLIPSE( '', #9478, 0.338201367958878, 0.200000000000000 );
#7769 = ELLIPSE( '', #9479, 0.290482641975827, 0.100000000000000 );
#7770 = LINE( '', #9480, #9481 );
#7771 = LINE( '', #9482, #9483 );
#7772 = VERTEX_POINT( '', #9484 );
#7773 = CIRCLE( '', #9485, 0.100000000000000 );
#7774 = LINE( '', #9486, #9487 );
#7775 = CIRCLE( '', #9488, 0.100000000000000 );
#7776 = LINE( '', #9489, #9490 );
#7777 = LINE( '', #9491, #9492 );
#7778 = LINE( '', #9493, #9494 );
#7779 = VERTEX_POINT( '', #9495 );
#7780 = CIRCLE( '', #9496, 0.100000000000000 );
#7781 = CIRCLE( '', #9497, 0.100000000000000 );
#7782 = VERTEX_POINT( '', #9498 );
#7783 = VERTEX_POINT( '', #9499 );
#7784 = CIRCLE( '', #9500, 0.100000000000000 );
#7785 = VERTEX_POINT( '', #9501 );
#7786 = LINE( '', #9502, #9503 );
#7787 = VERTEX_POINT( '', #9504 );
#7788 = CIRCLE( '', #9505, 0.100000000000000 );
#7789 = LINE( '', #9506, #9507 );
#7790 = VERTEX_POINT( '', #9508 );
#7791 = CIRCLE( '', #9509, 0.100000000000000 );
#7792 = LINE( '', #9510, #9511 );
#7793 = VERTEX_POINT( '', #9512 );
#7794 = VERTEX_POINT( '', #9513 );
#7795 = CIRCLE( '', #9514, 0.100000000000000 );
#7796 = LINE( '', #9515, #9516 );
#7797 = LINE( '', #9517, #9518 );
#7798 = VERTEX_POINT( '', #9519 );
#7799 = CIRCLE( '', #9520, 0.100000000000000 );
#7800 = ELLIPSE( '', #9521, 0.290482641975827, 0.100000000000000 );
#7801 = VERTEX_POINT( '', #9522 );
#7802 = VERTEX_POINT( '', #9523 );
#7803 = CIRCLE( '', #9524, 0.100000000000000 );
#7804 = ELLIPSE( '', #9525, 0.177513692742591, 0.100000000000000 );
#7805 = ELLIPSE( '', #9526, 0.248014336503177, 0.200000000000000 );
#7806 = LINE( '', #9527, #9528 );
#7807 = LINE( '', #9529, #9530 );
#7808 = VERTEX_POINT( '', #9531 );
#7809 = CIRCLE( '', #9532, 0.100000000000000 );
#7810 = LINE( '', #9533, #9534 );
#7811 = VERTEX_POINT( '', #9535 );
#7812 = LINE( '', #9536, #9537 );
#7813 = VERTEX_POINT( '', #9538 );
#7814 = ELLIPSE( '', #9539, 0.248014336503177, 0.200000000000000 );
#7815 = VERTEX_POINT( '', #9540 );
#7816 = LINE( '', #9541, #9542 );
#7817 = VERTEX_POINT( '', #9543 );
#7818 = ELLIPSE( '', #9544, 0.248014336503177, 0.200000000000000 );
#7819 = LINE( '', #9545, #9546 );
#7820 = VERTEX_POINT( '', #9547 );
#7821 = LINE( '', #9548, #9549 );
#7822 = VERTEX_POINT( '', #9550 );
#7823 = ELLIPSE( '', #9551, 0.248014336503177, 0.200000000000000 );
#7824 = VERTEX_POINT( '', #9552 );
#7825 = LINE( '', #9553, #9554 );
#7826 = VERTEX_POINT( '', #9555 );
#7827 = ELLIPSE( '', #9556, 0.248014336503177, 0.200000000000000 );
#7828 = LINE( '', #9557, #9558 );
#7829 = VERTEX_POINT( '', #9559 );
#7830 = LINE( '', #9560, #9561 );
#7831 = VERTEX_POINT( '', #9562 );
#7832 = ELLIPSE( '', #9563, 0.248014336503177, 0.200000000000000 );
#7833 = VERTEX_POINT( '', #9564 );
#7834 = LINE( '', #9565, #9566 );
#7835 = VERTEX_POINT( '', #9567 );
#7836 = ELLIPSE( '', #9568, 0.248014336503177, 0.200000000000000 );
#7837 = LINE( '', #9569, #9570 );
#7838 = VERTEX_POINT( '', #9571 );
#7839 = LINE( '', #9572, #9573 );
#7840 = VERTEX_POINT( '', #9574 );
#7841 = ELLIPSE( '', #9575, 0.248014336503177, 0.200000000000000 );
#7842 = VERTEX_POINT( '', #9576 );
#7843 = LINE( '', #9577, #9578 );
#7844 = ELLIPSE( '', #9579, 0.248014336503177, 0.200000000000000 );
#7845 = LINE( '', #9580, #9581 );
#7846 = LINE( '', #9582, #9583 );
#7847 = VERTEX_POINT( '', #9584 );
#7848 = LINE( '', #9585, #9586 );
#7849 = VERTEX_POINT( '', #9587 );
#7850 = ELLIPSE( '', #9588, 0.248014336503177, 0.200000000000000 );
#7851 = LINE( '', #9589, #9590 );
#7852 = VERTEX_POINT( '', #9591 );
#7853 = VERTEX_POINT( '', #9592 );
#7854 = LINE( '', #9593, #9594 );
#7855 = VERTEX_POINT( '', #9595 );
#7856 = LINE( '', #9596, #9597 );
#7857 = VERTEX_POINT( '', #9598 );
#7858 = LINE( '', #9599, #9600 );
#7859 = LINE( '', #9601, #9602 );
#7860 = VERTEX_POINT( '', #9603 );
#7861 = VERTEX_POINT( '', #9604 );
#7862 = LINE( '', #9605, #9606 );
#7863 = VERTEX_POINT( '', #9607 );
#7864 = LINE( '', #9608, #9609 );
#7865 = VERTEX_POINT( '', #9610 );
#7866 = LINE( '', #9611, #9612 );
#7867 = LINE( '', #9613, #9614 );
#7868 = VERTEX_POINT( '', #9615 );
#7869 = VERTEX_POINT( '', #9616 );
#7870 = LINE( '', #9617, #9618 );
#7871 = VERTEX_POINT( '', #9619 );
#7872 = LINE( '', #9620, #9621 );
#7873 = VERTEX_POINT( '', #9622 );
#7874 = LINE( '', #9623, #9624 );
#7875 = LINE( '', #9625, #9626 );
#7876 = VERTEX_POINT( '', #9627 );
#7877 = VERTEX_POINT( '', #9628 );
#7878 = LINE( '', #9629, #9630 );
#7879 = VERTEX_POINT( '', #9631 );
#7880 = LINE( '', #9632, #9633 );
#7881 = VERTEX_POINT( '', #9634 );
#7882 = LINE( '', #9635, #9636 );
#7883 = LINE( '', #9637, #9638 );
#7884 = VERTEX_POINT( '', #9639 );
#7885 = VERTEX_POINT( '', #9640 );
#7886 = LINE( '', #9641, #9642 );
#7887 = VERTEX_POINT( '', #9643 );
#7888 = LINE( '', #9644, #9645 );
#7889 = VERTEX_POINT( '', #9646 );
#7890 = LINE( '', #9647, #9648 );
#7891 = LINE( '', #9649, #9650 );
#7892 = VERTEX_POINT( '', #9651 );
#7893 = VERTEX_POINT( '', #9652 );
#7894 = LINE( '', #9653, #9654 );
#7895 = VERTEX_POINT( '', #9655 );
#7896 = LINE( '', #9656, #9657 );
#7897 = VERTEX_POINT( '', #9658 );
#7898 = LINE( '', #9659, #9660 );
#7899 = LINE( '', #9661, #9662 );
#7900 = VERTEX_POINT( '', #9663 );
#7901 = LINE( '', #9664, #9665 );
#7902 = VERTEX_POINT( '', #9666 );
#7903 = LINE( '', #9667, #9668 );
#7904 = LINE( '', #9669, #9670 );
#7905 = VERTEX_POINT( '', #9671 );
#7906 = CIRCLE( '', #9672, 0.100000000000000 );
#7907 = VERTEX_POINT( '', #9673 );
#7908 = ELLIPSE( '', #9674, 0.177513692742591, 0.100000000000000 );
#7909 = CIRCLE( '', #9675, 0.100000000000000 );
#7910 = VERTEX_POINT( '', #9676 );
#7911 = CIRCLE( '', #9677, 0.100000000000000 );
#7912 = VERTEX_POINT( '', #9678 );
#7913 = CIRCLE( '', #9679, 0.100000000000000 );
#7914 = ELLIPSE( '', #9680, 0.177513692742591, 0.100000000000000 );
#7915 = VERTEX_POINT( '', #9681 );
#7916 = CIRCLE( '', #9682, 0.100000000000000 );
#7917 = ELLIPSE( '', #9683, 0.177513692742591, 0.100000000000000 );
#7918 = VERTEX_POINT( '', #9684 );
#7919 = CIRCLE( '', #9685, 0.100000000000000 );
#7920 = VERTEX_POINT( '', #9686 );
#7921 = CIRCLE( '', #9687, 0.100000000000000 );
#7922 = ELLIPSE( '', #9688, 0.177513692742591, 0.100000000000000 );
#7923 = VERTEX_POINT( '', #9689 );
#7924 = CIRCLE( '', #9690, 0.100000000000000 );
#7925 = VERTEX_POINT( '', #9691 );
#7926 = CIRCLE( '', #9692, 0.100000000000000 );
#7927 = ELLIPSE( '', #9693, 0.177513692742591, 0.100000000000000 );
#7928 = VERTEX_POINT( '', #9694 );
#7929 = CIRCLE( '', #9695, 0.100000000000000 );
#7930 = VERTEX_POINT( '', #9696 );
#7931 = ELLIPSE( '', #9697, 0.177513692742591, 0.100000000000000 );
#7932 = CIRCLE( '', #9698, 0.100000000000000 );
#7933 = VERTEX_POINT( '', #9699 );
#7934 = CIRCLE( '', #9700, 0.100000000000000 );
#7935 = VERTEX_POINT( '', #9701 );
#7936 = ELLIPSE( '', #9702, 0.177513692742591, 0.100000000000000 );
#7937 = CIRCLE( '', #9703, 0.100000000000000 );
#7938 = VERTEX_POINT( '', #9704 );
#7939 = CIRCLE( '', #9705, 0.100000000000000 );
#7940 = VERTEX_POINT( '', #9706 );
#7941 = CIRCLE( '', #9707, 0.100000000000000 );
#7942 = ELLIPSE( '', #9708, 0.177513692742591, 0.100000000000000 );
#7943 = VERTEX_POINT( '', #9709 );
#7944 = CIRCLE( '', #9710, 0.100000000000000 );
#7945 = VERTEX_POINT( '', #9711 );
#7946 = LINE( '', #9712, #9713 );
#7947 = CIRCLE( '', #9714, 0.100000000000000 );
#7948 = ELLIPSE( '', #9715, 0.290482641975827, 0.0999999999999999 );
#7949 = LINE( '', #9716, #9717 );
#7950 = LINE( '', #9718, #9719 );
#7951 = VERTEX_POINT( '', #9720 );
#7952 = CIRCLE( '', #9721, 0.100000000000000 );
#7953 = LINE( '', #9722, #9723 );
#7954 = VERTEX_POINT( '', #9724 );
#7955 = CIRCLE( '', #9725, 0.100000000000000 );
#7956 = ELLIPSE( '', #9726, 0.177513692742591, 0.100000000000000 );
#7957 = VERTEX_POINT( '', #9727 );
#7958 = CIRCLE( '', #9728, 0.100000000000000 );
#7959 = ELLIPSE( '', #9729, 0.290482641975827, 0.100000000000000 );
#7960 = LINE( '', #9730, #9731 );
#7961 = LINE( '', #9732, #9733 );
#7962 = LINE( '', #9734, #9735 );
#7963 = LINE( '', #9736, #9737 );
#7964 = LINE( '', #9738, #9739 );
#7965 = VERTEX_POINT( '', #9740 );
#7966 = CIRCLE( '', #9741, 0.100000000000000 );
#7967 = CIRCLE( '', #9742, 0.100000000000000 );
#7968 = LINE( '', #9743, #9744 );
#7969 = LINE( '', #9745, #9746 );
#7970 = LINE( '', #9747, #9748 );
#7971 = VERTEX_POINT( '', #9749 );
#7972 = LINE( '', #9750, #9751 );
#7973 = LINE( '', #9752, #9753 );
#7974 = LINE( '', #9754, #9755 );
#7975 = VERTEX_POINT( '', #9756 );
#7976 = LINE( '', #9757, #9758 );
#7977 = VERTEX_POINT( '', #9759 );
#7978 = LINE( '', #9760, #9761 );
#7979 = LINE( '', #9762, #9763 );
#7980 = VERTEX_POINT( '', #9764 );
#7981 = LINE( '', #9765, #9766 );
#7982 = VERTEX_POINT( '', #9767 );
#7983 = LINE( '', #9768, #9769 );
#7984 = LINE( '', #9770, #9771 );
#7985 = LINE( '', #9772, #9773 );
#7986 = LINE( '', #9774, #9775 );
#7987 = LINE( '', #9776, #9777 );
#7988 = LINE( '', #9778, #9779 );
#7989 = LINE( '', #9780, #9781 );
#7990 = LINE( '', #9782, #9783 );
#7991 = LINE( '', #9784, #9785 );
#7992 = LINE( '', #9786, #9787 );
#7993 = LINE( '', #9788, #9789 );
#7994 = LINE( '', #9790, #9791 );
#7995 = VERTEX_POINT( '', #9792 );
#7996 = VERTEX_POINT( '', #9793 );
#7997 = LINE( '', #9794, #9795 );
#7998 = VERTEX_POINT( '', #9796 );
#7999 = LINE( '', #9797, #9798 );
#8000 = VERTEX_POINT( '', #9799 );
#8001 = LINE( '', #9800, #9801 );
#8002 = LINE( '', #9802, #9803 );
#8003 = VERTEX_POINT( '', #9804 );
#8004 = LINE( '', #9805, #9806 );
#8005 = VERTEX_POINT( '', #9807 );
#8006 = LINE( '', #9808, #9809 );
#8007 = LINE( '', #9810, #9811 );
#8008 = VERTEX_POINT( '', #9812 );
#8009 = LINE( '', #9813, #9814 );
#8010 = VERTEX_POINT( '', #9815 );
#8011 = LINE( '', #9816, #9817 );
#8012 = LINE( '', #9818, #9819 );
#8013 = VERTEX_POINT( '', #9820 );
#8014 = VERTEX_POINT( '', #9821 );
#8015 = LINE( '', #9822, #9823 );
#8016 = VERTEX_POINT( '', #9824 );
#8017 = LINE( '', #9825, #9826 );
#8018 = VERTEX_POINT( '', #9827 );
#8019 = LINE( '', #9828, #9829 );
#8020 = LINE( '', #9830, #9831 );
#8021 = VERTEX_POINT( '', #9832 );
#8022 = CIRCLE( '', #9833, 0.175000000000000 );
#8023 = VERTEX_POINT( '', #9834 );
#8024 = LINE( '', #9835, #9836 );
#8025 = CIRCLE( '', #9837, 0.525000000000000 );
#8026 = VERTEX_POINT( '', #9838 );
#8027 = CIRCLE( '', #9839, 0.175000000000000 );
#8028 = VERTEX_POINT( '', #9840 );
#8029 = LINE( '', #9841, #9842 );
#8030 = CIRCLE( '', #9843, 0.525000000000000 );
#8031 = VERTEX_POINT( '', #9844 );
#8032 = LINE( '', #9845, #9846 );
#8033 = VERTEX_POINT( '', #9847 );
#8034 = LINE( '', #9848, #9849 );
#8035 = LINE( '', #9850, #9851 );
#8036 = VERTEX_POINT( '', #9852 );
#8037 = CIRCLE( '', #9853, 0.175000000000000 );
#8038 = LINE( '', #9854, #9855 );
#8039 = VERTEX_POINT( '', #9856 );
#8040 = LINE( '', #9857, #9858 );
#8041 = VERTEX_POINT( '', #9859 );
#8042 = LINE( '', #9860, #9861 );
#8043 = LINE( '', #9862, #9863 );
#8044 = VERTEX_POINT( '', #9864 );
#8045 = VERTEX_POINT( '', #9865 );
#8046 = LINE( '', #9866, #9867 );
#8047 = VERTEX_POINT( '', #9868 );
#8048 = LINE( '', #9869, #9870 );
#8049 = VERTEX_POINT( '', #9871 );
#8050 = LINE( '', #9872, #9873 );
#8051 = LINE( '', #9874, #9875 );
#8052 = VERTEX_POINT( '', #9876 );
#8053 = CIRCLE( '', #9877, 0.175000000000000 );
#8054 = VERTEX_POINT( '', #9878 );
#8055 = LINE( '', #9879, #9880 );
#8056 = CIRCLE( '', #9881, 0.525000000000000 );
#8057 = VERTEX_POINT( '', #9882 );
#8058 = CIRCLE( '', #9883, 0.175000000000000 );
#8059 = VERTEX_POINT( '', #9884 );
#8060 = LINE( '', #9885, #9886 );
#8061 = CIRCLE( '', #9887, 0.525000000000000 );
#8062 = VERTEX_POINT( '', #9888 );
#8063 = CIRCLE( '', #9889, 0.175000000000000 );
#8064 = LINE( '', #9890, #9891 );
#8065 = VERTEX_POINT( '', #9892 );
#8066 = CIRCLE( '', #9893, 0.525000000000000 );
#8067 = VERTEX_POINT( '', #9894 );
#8068 = LINE( '', #9895, #9896 );
#8069 = CIRCLE( '', #9897, 0.175000000000000 );
#8070 = VERTEX_POINT( '', #9898 );
#8071 = CIRCLE( '', #9899, 0.525000000000000 );
#8072 = LINE( '', #9900, #9901 );
#8073 = LINE( '', #9902, #9903 );
#8074 = LINE( '', #9904, #9905 );
#8075 = LINE( '', #9906, #9907 );
#8076 = VERTEX_POINT( '', #9908 );
#8077 = LINE( '', #9909, #9910 );
#8078 = VERTEX_POINT( '', #9911 );
#8079 = LINE( '', #9912, #9913 );
#8080 = LINE( '', #9914, #9915 );
#8081 = VERTEX_POINT( '', #9916 );
#8082 = CIRCLE( '', #9917, 0.175000000000000 );
#8083 = VERTEX_POINT( '', #9918 );
#8084 = LINE( '', #9919, #9920 );
#8085 = VERTEX_POINT( '', #9921 );
#8086 = CIRCLE( '', #9922, 0.525000000000000 );
#8087 = LINE( '', #9923, #9924 );
#8088 = VERTEX_POINT( '', #9925 );
#8089 = CIRCLE( '', #9926, 0.175000000000000 );
#8090 = VERTEX_POINT( '', #9927 );
#8091 = LINE( '', #9928, #9929 );
#8092 = CIRCLE( '', #9930, 0.525000000000000 );
#8093 = VERTEX_POINT( '', #9931 );
#8094 = CIRCLE( '', #9932, 0.175000000000000 );
#8095 = LINE( '', #9933, #9934 );
#8096 = VERTEX_POINT( '', #9935 );
#8097 = CIRCLE( '', #9936, 0.525000000000000 );
#8098 = VERTEX_POINT( '', #9937 );
#8099 = LINE( '', #9938, #9939 );
#8100 = CIRCLE( '', #9940, 0.175000000000000 );
#8101 = VERTEX_POINT( '', #9941 );
#8102 = LINE( '', #9942, #9943 );
#8103 = VERTEX_POINT( '', #9944 );
#8104 = CIRCLE( '', #9945, 0.525000000000000 );
#8105 = LINE( '', #9946, #9947 );
#8106 = LINE( '', #9948, #9949 );
#8107 = LINE( '', #9950, #9951 );
#8108 = LINE( '', #9952, #9953 );
#8109 = LINE( '', #9954, #9955 );
#8110 = VERTEX_POINT( '', #9956 );
#8111 = VERTEX_POINT( '', #9957 );
#8112 = LINE( '', #9958, #9959 );
#8113 = VERTEX_POINT( '', #9960 );
#8114 = LINE( '', #9961, #9962 );
#8115 = VERTEX_POINT( '', #9963 );
#8116 = LINE( '', #9964, #9965 );
#8117 = LINE( '', #9966, #9967 );
#8118 = VERTEX_POINT( '', #9968 );
#8119 = LINE( '', #9969, #9970 );
#8120 = VERTEX_POINT( '', #9971 );
#8121 = LINE( '', #9972, #9973 );
#8122 = LINE( '', #9974, #9975 );
#8123 = VERTEX_POINT( '', #9976 );
#8124 = CIRCLE( '', #9977, 0.175000000000000 );
#8125 = VERTEX_POINT( '', #9978 );
#8126 = CIRCLE( '', #9979, 0.525000000000000 );
#8127 = VERTEX_POINT( '', #9980 );
#8128 = LINE( '', #9981, #9982 );
#8129 = CIRCLE( '', #9983, 0.175000000000000 );
#8130 = VERTEX_POINT( '', #9984 );
#8131 = LINE( '', #9985, #9986 );
#8132 = VERTEX_POINT( '', #9987 );
#8133 = CIRCLE( '', #9988, 0.525000000000000 );
#8134 = LINE( '', #9989, #9990 );
#8135 = VERTEX_POINT( '', #9991 );
#8136 = CIRCLE( '', #9992, 0.175000000000000 );
#8137 = LINE( '', #9993, #9994 );
#8138 = VERTEX_POINT( '', #9995 );
#8139 = CIRCLE( '', #9996, 0.525000000000000 );
#8140 = VERTEX_POINT( '', #9997 );
#8141 = LINE( '', #9998, #9999 );
#8142 = VERTEX_POINT( '', #10000 );
#8143 = CIRCLE( '', #10001, 0.525000000000000 );
#8144 = LINE( '', #10002, #10003 );
#8145 = VERTEX_POINT( '', #10004 );
#8146 = CIRCLE( '', #10005, 0.175000000000000 );
#8147 = LINE( '', #10006, #10007 );
#8148 = LINE( '', #10008, #10009 );
#8149 = LINE( '', #10010, #10011 );
#8150 = LINE( '', #10012, #10013 );
#8151 = LINE( '', #10014, #10015 );
#8152 = VERTEX_POINT( '', #10016 );
#8153 = VERTEX_POINT( '', #10017 );
#8154 = LINE( '', #10018, #10019 );
#8155 = VERTEX_POINT( '', #10020 );
#8156 = LINE( '', #10021, #10022 );
#8157 = VERTEX_POINT( '', #10023 );
#8158 = LINE( '', #10024, #10025 );
#8159 = LINE( '', #10026, #10027 );
#8160 = VERTEX_POINT( '', #10028 );
#8161 = LINE( '', #10029, #10030 );
#8162 = VERTEX_POINT( '', #10031 );
#8163 = LINE( '', #10032, #10033 );
#8164 = LINE( '', #10034, #10035 );
#8165 = VERTEX_POINT( '', #10036 );
#8166 = CIRCLE( '', #10037, 0.175000000000000 );
#8167 = VERTEX_POINT( '', #10038 );
#8168 = CIRCLE( '', #10039, 0.525000000000000 );
#8169 = VERTEX_POINT( '', #10040 );
#8170 = LINE( '', #10041, #10042 );
#8171 = CIRCLE( '', #10043, 0.175000000000000 );
#8172 = VERTEX_POINT( '', #10044 );
#8173 = LINE( '', #10045, #10046 );
#8174 = VERTEX_POINT( '', #10047 );
#8175 = CIRCLE( '', #10048, 0.525000000000000 );
#8176 = LINE( '', #10049, #10050 );
#8177 = VERTEX_POINT( '', #10051 );
#8178 = CIRCLE( '', #10052, 0.175000000000000 );
#8179 = LINE( '', #10053, #10054 );
#8180 = VERTEX_POINT( '', #10055 );
#8181 = CIRCLE( '', #10056, 0.525000000000000 );
#8182 = VERTEX_POINT( '', #10057 );
#8183 = LINE( '', #10058, #10059 );
#8184 = VERTEX_POINT( '', #10060 );
#8185 = CIRCLE( '', #10061, 0.525000000000000 );
#8186 = LINE( '', #10062, #10063 );
#8187 = VERTEX_POINT( '', #10064 );
#8188 = CIRCLE( '', #10065, 0.175000000000000 );
#8189 = LINE( '', #10066, #10067 );
#8190 = LINE( '', #10068, #10069 );
#8191 = LINE( '', #10070, #10071 );
#8192 = LINE( '', #10072, #10073 );
#8193 = LINE( '', #10074, #10075 );
#8194 = VERTEX_POINT( '', #10076 );
#8195 = VERTEX_POINT( '', #10077 );
#8196 = LINE( '', #10078, #10079 );
#8197 = VERTEX_POINT( '', #10080 );
#8198 = LINE( '', #10081, #10082 );
#8199 = VERTEX_POINT( '', #10083 );
#8200 = LINE( '', #10084, #10085 );
#8201 = LINE( '', #10086, #10087 );
#8202 = VERTEX_POINT( '', #10088 );
#8203 = LINE( '', #10089, #10090 );
#8204 = VERTEX_POINT( '', #10091 );
#8205 = LINE( '', #10092, #10093 );
#8206 = LINE( '', #10094, #10095 );
#8207 = VERTEX_POINT( '', #10096 );
#8208 = CIRCLE( '', #10097, 0.175000000000000 );
#8209 = VERTEX_POINT( '', #10098 );
#8210 = CIRCLE( '', #10099, 0.525000000000000 );
#8211 = VERTEX_POINT( '', #10100 );
#8212 = LINE( '', #10101, #10102 );
#8213 = CIRCLE( '', #10103, 0.175000000000000 );
#8214 = VERTEX_POINT( '', #10104 );
#8215 = LINE( '', #10105, #10106 );
#8216 = VERTEX_POINT( '', #10107 );
#8217 = CIRCLE( '', #10108, 0.525000000000000 );
#8218 = LINE( '', #10109, #10110 );
#8219 = VERTEX_POINT( '', #10111 );
#8220 = CIRCLE( '', #10112, 0.175000000000000 );
#8221 = LINE( '', #10113, #10114 );
#8222 = VERTEX_POINT( '', #10115 );
#8223 = CIRCLE( '', #10116, 0.525000000000000 );
#8224 = VERTEX_POINT( '', #10117 );
#8225 = LINE( '', #10118, #10119 );
#8226 = VERTEX_POINT( '', #10120 );
#8227 = CIRCLE( '', #10121, 0.525000000000000 );
#8228 = LINE( '', #10122, #10123 );
#8229 = VERTEX_POINT( '', #10124 );
#8230 = CIRCLE( '', #10125, 0.175000000000000 );
#8231 = LINE( '', #10126, #10127 );
#8232 = LINE( '', #10128, #10129 );
#8233 = LINE( '', #10130, #10131 );
#8234 = LINE( '', #10132, #10133 );
#8235 = LINE( '', #10134, #10135 );
#8236 = VERTEX_POINT( '', #10136 );
#8237 = VERTEX_POINT( '', #10137 );
#8238 = LINE( '', #10138, #10139 );
#8239 = VERTEX_POINT( '', #10140 );
#8240 = LINE( '', #10141, #10142 );
#8241 = VERTEX_POINT( '', #10143 );
#8242 = LINE( '', #10144, #10145 );
#8243 = LINE( '', #10146, #10147 );
#8244 = VERTEX_POINT( '', #10148 );
#8245 = CIRCLE( '', #10149, 0.525000000000000 );
#8246 = VERTEX_POINT( '', #10150 );
#8247 = LINE( '', #10151, #10152 );
#8248 = CIRCLE( '', #10153, 0.525000000000000 );
#8249 = VERTEX_POINT( '', #10154 );
#8250 = LINE( '', #10155, #10156 );
#8251 = VERTEX_POINT( '', #10157 );
#8252 = LINE( '', #10158, #10159 );
#8253 = VERTEX_POINT( '', #10160 );
#8254 = CIRCLE( '', #10161, 0.175000000000000 );
#8255 = LINE( '', #10162, #10163 );
#8256 = VERTEX_POINT( '', #10164 );
#8257 = CIRCLE( '', #10165, 0.175000000000000 );
#8258 = VERTEX_POINT( '', #10166 );
#8259 = LINE( '', #10167, #10168 );
#8260 = CIRCLE( '', #10169, 0.525000000000000 );
#8261 = VERTEX_POINT( '', #10170 );
#8262 = LINE( '', #10171, #10172 );
#8263 = LINE( '', #10173, #10174 );
#8264 = VERTEX_POINT( '', #10175 );
#8265 = LINE( '', #10176, #10177 );
#8266 = VERTEX_POINT( '', #10178 );
#8267 = CIRCLE( '', #10179, 0.525000000000000 );
#8268 = VERTEX_POINT( '', #10180 );
#8269 = LINE( '', #10181, #10182 );
#8270 = CIRCLE( '', #10183, 0.175000000000000 );
#8271 = VERTEX_POINT( '', #10184 );
#8272 = LINE( '', #10185, #10186 );
#8273 = CIRCLE( '', #10187, 0.175000000000000 );
#8274 = LINE( '', #10188, #10189 );
#8275 = LINE( '', #10190, #10191 );
#8276 = LINE( '', #10192, #10193 );
#8277 = LINE( '', #10194, #10195 );
#8278 = VERTEX_POINT( '', #10196 );
#8279 = VERTEX_POINT( '', #10197 );
#8280 = LINE( '', #10198, #10199 );
#8281 = VERTEX_POINT( '', #10200 );
#8282 = LINE( '', #10201, #10202 );
#8283 = VERTEX_POINT( '', #10203 );
#8284 = LINE( '', #10204, #10205 );
#8285 = LINE( '', #10206, #10207 );
#8286 = VERTEX_POINT( '', #10208 );
#8287 = CIRCLE( '', #10209, 0.525000000000000 );
#8288 = VERTEX_POINT( '', #10210 );
#8289 = LINE( '', #10211, #10212 );
#8290 = CIRCLE( '', #10213, 0.525000000000000 );
#8291 = VERTEX_POINT( '', #10214 );
#8292 = LINE( '', #10215, #10216 );
#8293 = VERTEX_POINT( '', #10217 );
#8294 = LINE( '', #10218, #10219 );
#8295 = VERTEX_POINT( '', #10220 );
#8296 = CIRCLE( '', #10221, 0.175000000000000 );
#8297 = LINE( '', #10222, #10223 );
#8298 = VERTEX_POINT( '', #10224 );
#8299 = CIRCLE( '', #10225, 0.175000000000000 );
#8300 = VERTEX_POINT( '', #10226 );
#8301 = LINE( '', #10227, #10228 );
#8302 = CIRCLE( '', #10229, 0.525000000000000 );
#8303 = VERTEX_POINT( '', #10230 );
#8304 = LINE( '', #10231, #10232 );
#8305 = LINE( '', #10233, #10234 );
#8306 = VERTEX_POINT( '', #10235 );
#8307 = LINE( '', #10236, #10237 );
#8308 = VERTEX_POINT( '', #10238 );
#8309 = CIRCLE( '', #10239, 0.525000000000000 );
#8310 = VERTEX_POINT( '', #10240 );
#8311 = LINE( '', #10241, #10242 );
#8312 = CIRCLE( '', #10243, 0.175000000000000 );
#8313 = VERTEX_POINT( '', #10244 );
#8314 = LINE( '', #10245, #10246 );
#8315 = CIRCLE( '', #10247, 0.175000000000000 );
#8316 = LINE( '', #10248, #10249 );
#8317 = LINE( '', #10250, #10251 );
#8318 = LINE( '', #10252, #10253 );
#8319 = LINE( '', #10254, #10255 );
#8320 = VERTEX_POINT( '', #10256 );
#8321 = VERTEX_POINT( '', #10257 );
#8322 = LINE( '', #10258, #10259 );
#8323 = VERTEX_POINT( '', #10260 );
#8324 = LINE( '', #10261, #10262 );
#8325 = VERTEX_POINT( '', #10263 );
#8326 = LINE( '', #10264, #10265 );
#8327 = LINE( '', #10266, #10267 );
#8328 = VERTEX_POINT( '', #10268 );
#8329 = CIRCLE( '', #10269, 0.525000000000000 );
#8330 = VERTEX_POINT( '', #10270 );
#8331 = LINE( '', #10271, #10272 );
#8332 = CIRCLE( '', #10273, 0.525000000000000 );
#8333 = VERTEX_POINT( '', #10274 );
#8334 = LINE( '', #10275, #10276 );
#8335 = VERTEX_POINT( '', #10277 );
#8336 = LINE( '', #10278, #10279 );
#8337 = VERTEX_POINT( '', #10280 );
#8338 = CIRCLE( '', #10281, 0.175000000000000 );
#8339 = LINE( '', #10282, #10283 );
#8340 = VERTEX_POINT( '', #10284 );
#8341 = CIRCLE( '', #10285, 0.175000000000000 );
#8342 = VERTEX_POINT( '', #10286 );
#8343 = LINE( '', #10287, #10288 );
#8344 = CIRCLE( '', #10289, 0.525000000000000 );
#8345 = VERTEX_POINT( '', #10290 );
#8346 = LINE( '', #10291, #10292 );
#8347 = LINE( '', #10293, #10294 );
#8348 = VERTEX_POINT( '', #10295 );
#8349 = LINE( '', #10296, #10297 );
#8350 = VERTEX_POINT( '', #10298 );
#8351 = CIRCLE( '', #10299, 0.525000000000000 );
#8352 = VERTEX_POINT( '', #10300 );
#8353 = LINE( '', #10301, #10302 );
#8354 = CIRCLE( '', #10303, 0.175000000000000 );
#8355 = VERTEX_POINT( '', #10304 );
#8356 = LINE( '', #10305, #10306 );
#8357 = CIRCLE( '', #10307, 0.175000000000000 );
#8358 = LINE( '', #10308, #10309 );
#8359 = LINE( '', #10310, #10311 );
#8360 = LINE( '', #10312, #10313 );
#8361 = LINE( '', #10314, #10315 );
#8362 = VERTEX_POINT( '', #10316 );
#8363 = VERTEX_POINT( '', #10317 );
#8364 = LINE( '', #10318, #10319 );
#8365 = VERTEX_POINT( '', #10320 );
#8366 = LINE( '', #10321, #10322 );
#8367 = VERTEX_POINT( '', #10323 );
#8368 = LINE( '', #10324, #10325 );
#8369 = LINE( '', #10326, #10327 );
#8370 = VERTEX_POINT( '', #10328 );
#8371 = CIRCLE( '', #10329, 0.525000000000000 );
#8372 = VERTEX_POINT( '', #10330 );
#8373 = LINE( '', #10331, #10332 );
#8374 = CIRCLE( '', #10333, 0.525000000000000 );
#8375 = VERTEX_POINT( '', #10334 );
#8376 = LINE( '', #10335, #10336 );
#8377 = VERTEX_POINT( '', #10337 );
#8378 = CIRCLE( '', #10338, 0.525000000000000 );
#8379 = VERTEX_POINT( '', #10339 );
#8380 = LINE( '', #10340, #10341 );
#8381 = CIRCLE( '', #10342, 0.175000000000000 );
#8382 = VERTEX_POINT( '', #10343 );
#8383 = LINE( '', #10344, #10345 );
#8384 = VERTEX_POINT( '', #10346 );
#8385 = CIRCLE( '', #10347, 0.175000000000000 );
#8386 = LINE( '', #10348, #10349 );
#8387 = VERTEX_POINT( '', #10350 );
#8388 = LINE( '', #10351, #10352 );
#8389 = LINE( '', #10353, #10354 );
#8390 = VERTEX_POINT( '', #10355 );
#8391 = LINE( '', #10356, #10357 );
#8392 = VERTEX_POINT( '', #10358 );
#8393 = CIRCLE( '', #10359, 0.175000000000000 );
#8394 = LINE( '', #10360, #10361 );
#8395 = VERTEX_POINT( '', #10362 );
#8396 = CIRCLE( '', #10363, 0.175000000000000 );
#8397 = VERTEX_POINT( '', #10364 );
#8398 = LINE( '', #10365, #10366 );
#8399 = CIRCLE( '', #10367, 0.525000000000000 );
#8400 = LINE( '', #10368, #10369 );
#8401 = LINE( '', #10370, #10371 );
#8402 = LINE( '', #10372, #10373 );
#8403 = LINE( '', #10374, #10375 );
#8404 = VERTEX_POINT( '', #10376 );
#8405 = VERTEX_POINT( '', #10377 );
#8406 = LINE( '', #10378, #10379 );
#8407 = VERTEX_POINT( '', #10380 );
#8408 = LINE( '', #10381, #10382 );
#8409 = VERTEX_POINT( '', #10383 );
#8410 = LINE( '', #10384, #10385 );
#8411 = LINE( '', #10386, #10387 );
#8412 = VERTEX_POINT( '', #10388 );
#8413 = CIRCLE( '', #10389, 0.525000000000000 );
#8414 = VERTEX_POINT( '', #10390 );
#8415 = LINE( '', #10391, #10392 );
#8416 = CIRCLE( '', #10393, 0.525000000000000 );
#8417 = VERTEX_POINT( '', #10394 );
#8418 = LINE( '', #10395, #10396 );
#8419 = VERTEX_POINT( '', #10397 );
#8420 = CIRCLE( '', #10398, 0.525000000000000 );
#8421 = VERTEX_POINT( '', #10399 );
#8422 = LINE( '', #10400, #10401 );
#8423 = CIRCLE( '', #10402, 0.175000000000000 );
#8424 = VERTEX_POINT( '', #10403 );
#8425 = LINE( '', #10404, #10405 );
#8426 = VERTEX_POINT( '', #10406 );
#8427 = CIRCLE( '', #10407, 0.175000000000000 );
#8428 = LINE( '', #10408, #10409 );
#8429 = VERTEX_POINT( '', #10410 );
#8430 = LINE( '', #10411, #10412 );
#8431 = LINE( '', #10413, #10414 );
#8432 = VERTEX_POINT( '', #10415 );
#8433 = LINE( '', #10416, #10417 );
#8434 = VERTEX_POINT( '', #10418 );
#8435 = CIRCLE( '', #10419, 0.175000000000000 );
#8436 = LINE( '', #10420, #10421 );
#8437 = VERTEX_POINT( '', #10422 );
#8438 = CIRCLE( '', #10423, 0.175000000000000 );
#8439 = VERTEX_POINT( '', #10424 );
#8440 = LINE( '', #10425, #10426 );
#8441 = CIRCLE( '', #10427, 0.525000000000000 );
#8442 = LINE( '', #10428, #10429 );
#8443 = LINE( '', #10430, #10431 );
#8444 = LINE( '', #10432, #10433 );
#8445 = LINE( '', #10434, #10435 );
#8446 = VERTEX_POINT( '', #10436 );
#8447 = VERTEX_POINT( '', #10437 );
#8448 = LINE( '', #10438, #10439 );
#8449 = VERTEX_POINT( '', #10440 );
#8450 = LINE( '', #10441, #10442 );
#8451 = VERTEX_POINT( '', #10443 );
#8452 = LINE( '', #10444, #10445 );
#8453 = LINE( '', #10446, #10447 );
#8454 = VERTEX_POINT( '', #10448 );
#8455 = CIRCLE( '', #10449, 0.525000000000000 );
#8456 = VERTEX_POINT( '', #10450 );
#8457 = LINE( '', #10451, #10452 );
#8458 = CIRCLE( '', #10453, 0.525000000000000 );
#8459 = VERTEX_POINT( '', #10454 );
#8460 = LINE( '', #10455, #10456 );
#8461 = VERTEX_POINT( '', #10457 );
#8462 = CIRCLE( '', #10458, 0.525000000000000 );
#8463 = VERTEX_POINT( '', #10459 );
#8464 = LINE( '', #10460, #10461 );
#8465 = CIRCLE( '', #10462, 0.175000000000000 );
#8466 = VERTEX_POINT( '', #10463 );
#8467 = LINE( '', #10464, #10465 );
#8468 = VERTEX_POINT( '', #10466 );
#8469 = CIRCLE( '', #10467, 0.175000000000000 );
#8470 = LINE( '', #10468, #10469 );
#8471 = VERTEX_POINT( '', #10470 );
#8472 = LINE( '', #10471, #10472 );
#8473 = LINE( '', #10473, #10474 );
#8474 = VERTEX_POINT( '', #10475 );
#8475 = LINE( '', #10476, #10477 );
#8476 = VERTEX_POINT( '', #10478 );
#8477 = CIRCLE( '', #10479, 0.175000000000000 );
#8478 = LINE( '', #10480, #10481 );
#8479 = VERTEX_POINT( '', #10482 );
#8480 = CIRCLE( '', #10483, 0.175000000000000 );
#8481 = VERTEX_POINT( '', #10484 );
#8482 = LINE( '', #10485, #10486 );
#8483 = CIRCLE( '', #10487, 0.525000000000000 );
#8484 = LINE( '', #10488, #10489 );
#8485 = LINE( '', #10490, #10491 );
#8486 = LINE( '', #10492, #10493 );
#8487 = LINE( '', #10494, #10495 );
#8488 = LINE( '', #10496, #10497 );
#8489 = LINE( '', #10498, #10499 );
#8490 = LINE( '', #10500, #10501 );
#8491 = LINE( '', #10502, #10503 );
#8492 = VERTEX_POINT( '', #10504 );
#8493 = LINE( '', #10505, #10506 );
#8494 = LINE( '', #10507, #10508 );
#8495 = VERTEX_POINT( '', #10509 );
#8496 = LINE( '', #10510, #10511 );
#8497 = LINE( '', #10512, #10513 );
#8498 = LINE( '', #10514, #10515 );
#8499 = LINE( '', #10516, #10517 );
#8500 = LINE( '', #10518, #10519 );
#8501 = LINE( '', #10520, #10521 );
#8502 = LINE( '', #10522, #10523 );
#8503 = VERTEX_POINT( '', #10524 );
#8504 = LINE( '', #10525, #10526 );
#8505 = VERTEX_POINT( '', #10527 );
#8506 = LINE( '', #10528, #10529 );
#8507 = LINE( '', #10530, #10531 );
#8508 = LINE( '', #10532, #10533 );
#8509 = VERTEX_POINT( '', #10534 );
#8510 = LINE( '', #10535, #10536 );
#8511 = VERTEX_POINT( '', #10537 );
#8512 = LINE( '', #10538, #10539 );
#8513 = LINE( '', #10540, #10541 );
#8514 = LINE( '', #10542, #10543 );
#8515 = VERTEX_POINT( '', #10544 );
#8516 = LINE( '', #10545, #10546 );
#8517 = VERTEX_POINT( '', #10547 );
#8518 = LINE( '', #10548, #10549 );
#8519 = LINE( '', #10550, #10551 );
#8520 = LINE( '', #10552, #10553 );
#8521 = LINE( '', #10554, #10555 );
#8522 = LINE( '', #10556, #10557 );
#8523 = VERTEX_POINT( '', #10558 );
#8524 = LINE( '', #10559, #10560 );
#8525 = ELLIPSE( '', #10561, 0.290482641975827, 0.0999999999999999 );
#8526 = VERTEX_POINT( '', #10562 );
#8527 = CIRCLE( '', #10563, 0.100000000000000 );
#8528 = VERTEX_POINT( '', #10564 );
#8529 = ELLIPSE( '', #10565, 0.338201367958878, 0.200000000000000 );
#8530 = CIRCLE( '', #10566, 0.100000000000000 );
#8531 = VERTEX_POINT( '', #10567 );
#8532 = LINE( '', #10568, #10569 );
#8533 = CIRCLE( '', #10570, 0.100000000000000 );
#8534 = VERTEX_POINT( '', #10571 );
#8535 = ELLIPSE( '', #10572, 0.338201367958878, 0.200000000000000 );
#8536 = CIRCLE( '', #10573, 0.100000000000000 );
#8537 = ELLIPSE( '', #10574, 0.290482641975827, 0.100000000000000 );
#8538 = CIRCLE( '', #10575, 0.100000000000000 );
#8539 = ELLIPSE( '', #10576, 0.290482641975827, 0.100000000000000 );
#8540 = CIRCLE( '', #10577, 0.100000000000000 );
#8541 = CIRCLE( '', #10578, 0.100000000000000 );
#8542 = CIRCLE( '', #10579, 0.100000000000000 );
#8543 = CIRCLE( '', #10580, 0.100000000000000 );
#8544 = VERTEX_POINT( '', #10581 );
#8545 = CIRCLE( '', #10582, 0.100000000000000 );
#8546 = ELLIPSE( '', #10583, 0.290482641975827, 0.100000000000000 );
#8547 = VERTEX_POINT( '', #10584 );
#8548 = CIRCLE( '', #10585, 0.100000000000000 );
#8549 = ELLIPSE( '', #10586, 0.338201367958878, 0.200000000000000 );
#8550 = CIRCLE( '', #10587, 0.100000000000000 );
#8551 = LINE( '', #10588, #10589 );
#8552 = LINE( '', #10590, #10591 );
#8553 = LINE( '', #10592, #10593 );
#8554 = LINE( '', #10594, #10595 );
#8555 = LINE( '', #10596, #10597 );
#8556 = LINE( '', #10598, #10599 );
#8557 = CIRCLE( '', #10600, 0.100000000000000 );
#8558 = LINE( '', #10601, #10602 );
#8559 = LINE( '', #10603, #10604 );
#8560 = LINE( '', #10605, #10606 );
#8561 = CIRCLE( '', #10607, 0.100000000000000 );
#8562 = LINE( '', #10608, #10609 );
#8563 = CIRCLE( '', #10610, 0.100000000000000 );
#8564 = VERTEX_POINT( '', #10611 );
#8565 = LINE( '', #10612, #10613 );
#8566 = LINE( '', #10614, #10615 );
#8567 = VERTEX_POINT( '', #10616 );
#8568 = LINE( '', #10617, #10618 );
#8569 = LINE( '', #10619, #10620 );
#8570 = LINE( '', #10621, #10622 );
#8571 = VERTEX_POINT( '', #10623 );
#8572 = LINE( '', #10624, #10625 );
#8573 = VERTEX_POINT( '', #10626 );
#8574 = LINE( '', #10627, #10628 );
#8575 = LINE( '', #10629, #10630 );
#8576 = VERTEX_POINT( '', #10631 );
#8577 = LINE( '', #10632, #10633 );
#8578 = LINE( '', #10634, #10635 );
#8579 = CIRCLE( '', #10636, 0.100000000000000 );
#8580 = VERTEX_POINT( '', #10637 );
#8581 = CIRCLE( '', #10638, 0.175000000000000 );
#8582 = LINE( '', #10639, #10640 );
#8583 = VERTEX_POINT( '', #10641 );
#8584 = CIRCLE( '', #10642, 0.525000000000000 );
#8585 = LINE( '', #10643, #10644 );
#8586 = VERTEX_POINT( '', #10645 );
#8587 = LINE( '', #10646, #10647 );
#8588 = LINE( '', #10648, #10649 );
#8589 = LINE( '', #10650, #10651 );
#8590 = CIRCLE( '', #10652, 0.525000000000000 );
#8591 = CIRCLE( '', #10653, 0.100000000000000 );
#8592 = ELLIPSE( '', #10654, 0.290482641975827, 0.100000000000000 );
#8593 = CIRCLE( '', #10655, 0.100000000000000 );
#8594 = CIRCLE( '', #10656, 0.100000000000000 );
#8595 = CIRCLE( '', #10657, 0.100000000000000 );
#8596 = ELLIPSE( '', #10658, 0.290482641975827, 0.0999999999999999 );
#8597 = CIRCLE( '', #10659, 0.100000000000000 );
#8598 = CIRCLE( '', #10660, 0.100000000000000 );
#8599 = CIRCLE( '', #10661, 0.100000000000000 );
#8600 = CIRCLE( '', #10662, 0.100000000000000 );
#8601 = ELLIPSE( '', #10663, 0.290482641975827, 0.0999999999999999 );
#8602 = CIRCLE( '', #10664, 0.100000000000000 );
#8603 = CIRCLE( '', #10665, 0.100000000000000 );
#8604 = CARTESIAN_POINT( '', ( 1.05000000000000, 5.14392845984467, 0.500000000000000 ) );
#8605 = CARTESIAN_POINT( '', ( 1.45000000000000, 5.04579032461715, 0.500000000000000 ) );
#8606 = AXIS2_PLACEMENT_3D( '', #10666, #10667, #10668 );
#8607 = CARTESIAN_POINT( '', ( 1.45000000000000, 5.90000000000000, 0.500000000000000 ) );
#8608 = CARTESIAN_POINT( '', ( 1.45000000000000, 5.90000000000000, 0.500000000000000 ) );
#8609 = VECTOR( '', #10669, 1000.00000000000 );
#8610 = CARTESIAN_POINT( '', ( 1.05000000000000, 5.90000000000000, 0.500000000000000 ) );
#8611 = CARTESIAN_POINT( '', ( -3.45951294954821E-016, 5.90000000000000, 0.500000000000000 ) );
#8612 = VECTOR( '', #10670, 1000.00000000000 );
#8613 = CARTESIAN_POINT( '', ( 1.05000000000000, -5.65000000000000, 0.500000000000000 ) );
#8614 = VECTOR( '', #10671, 1000.00000000000 );
#8615 = CARTESIAN_POINT( '', ( -1.55000000000000, 5.90000000000000, 0.400000000000000 ) );
#8616 = CARTESIAN_POINT( '', ( -1.45000000000000, 6.00000000000000, 0.400000000000000 ) );
#8617 = AXIS2_PLACEMENT_3D( '', #10672, #10673, #10674 );
#8618 = CARTESIAN_POINT( '', ( -1.45000000000000, 5.90000000000000, 0.500000000000000 ) );
#8619 = AXIS2_PLACEMENT_3D( '', #10675, #10676, #10677 );
#8620 = AXIS2_PLACEMENT_3D( '', #10678, #10679, #10680 );
#8621 = CARTESIAN_POINT( '', ( -1.65000000000000, 4.46726295238419, 0.500000000000000 ) );
#8622 = CARTESIAN_POINT( '', ( -1.65000000000000, 4.52639931874694, 0.480640499585569 ) );
#8623 = AXIS2_PLACEMENT_3D( '', #10681, #10682, #10683 );
#8624 = CARTESIAN_POINT( '', ( -3.35000000000000, 4.52639931874694, 0.480640499585569 ) );
#8625 = CARTESIAN_POINT( '', ( -1.55000000000000, 4.52639931874694, 0.480640499585569 ) );
#8626 = VECTOR( '', #10684, 1000.00000000000 );
#8627 = CARTESIAN_POINT( '', ( -3.35000000000000, 4.46726295238419, 0.500000000000000 ) );
#8628 = AXIS2_PLACEMENT_3D( '', #10685, #10686, #10687 );
#8629 = CARTESIAN_POINT( '', ( -2.75790893871710, 4.46726295238419, 0.500000000000000 ) );
#8630 = CARTESIAN_POINT( '', ( -3.45000000000000, 4.46726295238419, 0.500000000000000 ) );
#8631 = VECTOR( '', #10688, 1000.00000000000 );
#8632 = CARTESIAN_POINT( '', ( -3.45000000000000, 4.46726295238419, 0.500000000000000 ) );
#8633 = VECTOR( '', #10689, 1000.00000000000 );
#8634 = CARTESIAN_POINT( '', ( -2.75790893871710, -4.46726295238420, 0.500000000000000 ) );
#8635 = AXIS2_PLACEMENT_3D( '', #10690, #10691, #10692 );
#8636 = CARTESIAN_POINT( '', ( -3.55000000000000, 4.80546432034307, 0.500000000000000 ) );
#8637 = AXIS2_PLACEMENT_3D( '', #10693, #10694, #10695 );
#8638 = CARTESIAN_POINT( '', ( -3.55000000000000, 5.90000000000000, 0.500000000000000 ) );
#8639 = CARTESIAN_POINT( '', ( -3.55000000000000, -5.65000000000000, 0.500000000000000 ) );
#8640 = VECTOR( '', #10696, 1000.00000000000 );
#8641 = CARTESIAN_POINT( '', ( -3.95000000000000, 5.90000000000000, 0.500000000000000 ) );
#8642 = CARTESIAN_POINT( '', ( -3.45951294954821E-016, 5.90000000000000, 0.500000000000000 ) );
#8643 = VECTOR( '', #10697, 1000.00000000000 );
#8644 = CARTESIAN_POINT( '', ( -3.95000000000000, 4.80546432034307, 0.500000000000000 ) );
#8645 = CARTESIAN_POINT( '', ( -3.95000000000000, -5.65000000000000, 0.500000000000000 ) );
#8646 = VECTOR( '', #10698, 1000.00000000000 );
#8647 = CARTESIAN_POINT( '', ( -4.15000000000000, 4.46726295238419, 0.500000000000000 ) );
#8648 = AXIS2_PLACEMENT_3D( '', #10699, #10700, #10701 );
#8649 = CARTESIAN_POINT( '', ( -5.85000000000000, 4.46726295238419, 0.500000000000000 ) );
#8650 = CARTESIAN_POINT( '', ( -5.95000000000000, 4.46726295238419, 0.500000000000000 ) );
#8651 = VECTOR( '', #10702, 1000.00000000000 );
#8652 = CARTESIAN_POINT( '', ( -6.05000000000000, 4.80546432034307, 0.500000000000000 ) );
#8653 = AXIS2_PLACEMENT_3D( '', #10703, #10704, #10705 );
#8654 = CARTESIAN_POINT( '', ( -6.05000000000000, 5.90000000000000, 0.500000000000000 ) );
#8655 = CARTESIAN_POINT( '', ( -6.05000000000000, -5.65000000000000, 0.500000000000000 ) );
#8656 = VECTOR( '', #10706, 1000.00000000000 );
#8657 = CARTESIAN_POINT( '', ( -8.05000000000000, 5.90000000000000, 0.500000000000000 ) );
#8658 = CARTESIAN_POINT( '', ( -3.45951294954821E-016, 5.90000000000000, 0.500000000000000 ) );
#8659 = VECTOR( '', #10707, 1000.00000000000 );
#8660 = CARTESIAN_POINT( '', ( -8.05000000000000, 3.50000000000000, 0.500000000000000 ) );
#8661 = CARTESIAN_POINT( '', ( -8.05000000000000, -5.65000000000000, 0.500000000000000 ) );
#8662 = VECTOR( '', #10708, 1000.00000000000 );
#8663 = CARTESIAN_POINT( '', ( -5.65000000000000, 3.50000000000000, 0.500000000000000 ) );
#8664 = CARTESIAN_POINT( '', ( 8.15000000000000, 3.50000000000000, 0.500000000000000 ) );
#8665 = VECTOR( '', #10709, 1000.00000000000 );
#8666 = CARTESIAN_POINT( '', ( -5.65000000000000, -3.50000000000000, 0.500000000000000 ) );
#8667 = CARTESIAN_POINT( '', ( -5.65000000000000, -3.50000000000000, 0.500000000000000 ) );
#8668 = VECTOR( '', #10710, 1000.00000000000 );
#8669 = CARTESIAN_POINT( '', ( -8.05000000000000, -3.50000000000000, 0.500000000000000 ) );
#8670 = CARTESIAN_POINT( '', ( 8.15000000000000, -3.50000000000000, 0.500000000000000 ) );
#8671 = VECTOR( '', #10711, 1000.00000000000 );
#8672 = CARTESIAN_POINT( '', ( -8.05000000000000, -5.90000000000000, 0.500000000000000 ) );
#8673 = CARTESIAN_POINT( '', ( -8.05000000000000, -6.00000000000000, 0.500000000000000 ) );
#8674 = VECTOR( '', #10712, 1000.00000000000 );
#8675 = CARTESIAN_POINT( '', ( -6.05000000000000, -5.90000000000000, 0.500000000000000 ) );
#8676 = CARTESIAN_POINT( '', ( 8.15000000000000, -5.90000000000000, 0.500000000000000 ) );
#8677 = VECTOR( '', #10713, 1000.00000000000 );
#8678 = CARTESIAN_POINT( '', ( -6.05000000000000, -4.80546432034307, 0.500000000000000 ) );
#8679 = CARTESIAN_POINT( '', ( -6.05000000000000, -4.50000000000000, 0.500000000000000 ) );
#8680 = VECTOR( '', #10714, 1000.00000000000 );
#8681 = CARTESIAN_POINT( '', ( -5.85000000000000, -4.46726295238420, 0.500000000000000 ) );
#8682 = AXIS2_PLACEMENT_3D( '', #10715, #10716, #10717 );
#8683 = CARTESIAN_POINT( '', ( -4.15000000000000, -4.46726295238420, 0.500000000000000 ) );
#8684 = CARTESIAN_POINT( '', ( -3.45951294954821E-016, -4.46726295238420, 0.500000000000000 ) );
#8685 = VECTOR( '', #10718, 1000.00000000000 );
#8686 = CARTESIAN_POINT( '', ( -3.95000000000000, -4.80546432034307, 0.500000000000000 ) );
#8687 = AXIS2_PLACEMENT_3D( '', #10719, #10720, #10721 );
#8688 = CARTESIAN_POINT( '', ( -3.95000000000000, -5.90000000000000, 0.500000000000000 ) );
#8689 = CARTESIAN_POINT( '', ( -3.95000000000000, -5.90000000000000, 0.500000000000000 ) );
#8690 = VECTOR( '', #10722, 1000.00000000000 );
#8691 = CARTESIAN_POINT( '', ( -3.55000000000000, -5.90000000000000, 0.500000000000000 ) );
#8692 = CARTESIAN_POINT( '', ( 8.15000000000000, -5.90000000000000, 0.500000000000000 ) );
#8693 = VECTOR( '', #10723, 1000.00000000000 );
#8694 = CARTESIAN_POINT( '', ( -3.55000000000000, -4.80546432034307, 0.500000000000000 ) );
#8695 = CARTESIAN_POINT( '', ( -3.55000000000000, -4.50000000000000, 0.500000000000000 ) );
#8696 = VECTOR( '', #10724, 1000.00000000000 );
#8697 = CARTESIAN_POINT( '', ( -3.35000000000000, -4.46726295238420, 0.500000000000000 ) );
#8698 = AXIS2_PLACEMENT_3D( '', #10725, #10726, #10727 );
#8699 = CARTESIAN_POINT( '', ( -3.45951294954821E-016, -4.46726295238420, 0.500000000000000 ) );
#8700 = VECTOR( '', #10728, 1000.00000000000 );
#8701 = CARTESIAN_POINT( '', ( -1.45000000000000, 4.80546432034307, 0.500000000000000 ) );
#8702 = CARTESIAN_POINT( '', ( -1.45000000000000, 5.04579032461715, 0.500000000000000 ) );
#8703 = CARTESIAN_POINT( '', ( -1.45000000000000, -5.65000000000000, 0.500000000000000 ) );
#8704 = VECTOR( '', #10729, 1000.00000000000 );
#8705 = AXIS2_PLACEMENT_3D( '', #10730, #10731, #10732 );
#8706 = AXIS2_PLACEMENT_3D( '', #10733, #10734, #10735 );
#8707 = CARTESIAN_POINT( '', ( -5.25000000000000, 0.000000000000000, 2.50000000000000 ) );
#8708 = AXIS2_PLACEMENT_3D( '', #10736, #10737, #10738 );
#8709 = CARTESIAN_POINT( '', ( 2.75790893871710, -4.46726295238420, 0.500000000000000 ) );
#8710 = CARTESIAN_POINT( '', ( 1.45000000000000, -5.04579032461715, 0.500000000000000 ) );
#8711 = AXIS2_PLACEMENT_3D( '', #10739, #10740, #10741 );
#8712 = CARTESIAN_POINT( '', ( 2.75790893871710, 4.46726295238420, 0.500000000000000 ) );
#8713 = AXIS2_PLACEMENT_3D( '', #10742, #10743, #10744 );
#8714 = AXIS2_PLACEMENT_3D( '', #10745, #10746, #10747 );
#8715 = CARTESIAN_POINT( '', ( -1.05000000000000, 5.14392845984468, 0.500000000000000 ) );
#8716 = AXIS2_PLACEMENT_3D( '', #10748, #10749, #10750 );
#8717 = AXIS2_PLACEMENT_3D( '', #10751, #10752, #10753 );
#8718 = CARTESIAN_POINT( '', ( -1.45000000000000, -5.04579032461715, 0.500000000000000 ) );
#8719 = AXIS2_PLACEMENT_3D( '', #10754, #10755, #10756 );
#8720 = CARTESIAN_POINT( '', ( -1.05000000000000, -5.14392845984467, 0.500000000000000 ) );
#8721 = AXIS2_PLACEMENT_3D( '', #10757, #10758, #10759 );
#8722 = CARTESIAN_POINT( '', ( 1.05000000000000, -5.14392845984467, 0.500000000000000 ) );
#8723 = AXIS2_PLACEMENT_3D( '', #10760, #10761, #10762 );
#8724 = AXIS2_PLACEMENT_3D( '', #10763, #10764, #10765 );
#8725 = CARTESIAN_POINT( '', ( -3.70217762383389, -4.26806523398877, 3.00000000000000 ) );
#8726 = CARTESIAN_POINT( '', ( -3.82844481788117, -4.15517872978274, 3.05122430881972 ) );
#8727 = CARTESIAN_POINT( '', ( -3.70217762383389, -4.26806523398877, 3.00000000000000 ) );
#8728 = CARTESIAN_POINT( '', ( -3.74784019072541, -4.22845690465811, 3.00000000000000 ) );
#8729 = CARTESIAN_POINT( '', ( -3.79309611041544, -4.18774786452198, 3.01400244054630 ) );
#8730 = CARTESIAN_POINT( '', ( -3.82844481788116, -4.15517872978274, 3.05122430881972 ) );
#8731 = CARTESIAN_POINT( '', ( 3.70217762383389, -4.26806523398877, 3.00000000000000 ) );
#8732 = CARTESIAN_POINT( '', ( -3.77921949613939, -4.26806523398877, 3.00000000000000 ) );
#8733 = VECTOR( '', #10766, 1000.00000000000 );
#8734 = CARTESIAN_POINT( '', ( 3.82844481788117, -4.15517872978274, 3.05122430881972 ) );
#8735 = CARTESIAN_POINT( '', ( 3.82844481788117, -4.15517872978275, 3.05122430881972 ) );
#8736 = CARTESIAN_POINT( '', ( 3.79309848566821, -4.18774567604233, 3.01400494166592 ) );
#8737 = CARTESIAN_POINT( '', ( 3.74783061416158, -4.22846521149935, 3.00000000000000 ) );
#8738 = CARTESIAN_POINT( '', ( 3.70217762383389, -4.26806523398877, 3.00000000000000 ) );
#8739 = CARTESIAN_POINT( '', ( 3.77921949613939, -4.15517872978275, 3.05122430881972 ) );
#8740 = VECTOR( '', #10767, 1000.00000000000 );
#8741 = CARTESIAN_POINT( '', ( -4.09302666410363, -3.89482127021726, 3.34877569118028 ) );
#8742 = AXIS2_PLACEMENT_3D( '', #10768, #10769, #10770 );
#8743 = CARTESIAN_POINT( '', ( -4.19755517243498, -3.78193476601122, 3.40000000000000 ) );
#8744 = CARTESIAN_POINT( '', ( -4.09302666410363, -3.89482127021726, 3.34877569118028 ) );
#8745 = CARTESIAN_POINT( '', ( -4.12266736273099, -3.86367217211816, 3.38437466043638 ) );
#8746 = CARTESIAN_POINT( '', ( -4.16035004470555, -3.82322859734468, 3.40000000000000 ) );
#8747 = CARTESIAN_POINT( '', ( -4.19755517243498, -3.78193476601122, 3.40000000000000 ) );
#8748 = CARTESIAN_POINT( '', ( -4.31277173056957, -3.65000000000000, 3.40000000000000 ) );
#8749 = AXIS2_PLACEMENT_3D( '', #10771, #10772, #10773 );
#8750 = CARTESIAN_POINT( '', ( -4.43536920672902, -3.50000000000000, 3.25000000000000 ) );
#8751 = CARTESIAN_POINT( '', ( -4.31277173056957, -3.65000000000000, 3.40000000000000 ) );
#8752 = CARTESIAN_POINT( '', ( -4.34213974377424, -3.61529930489532, 3.40000000000000 ) );
#8753 = CARTESIAN_POINT( '', ( -4.37086025245713, -3.58043100088948, 3.38842048496597 ) );
#8754 = CARTESIAN_POINT( '', ( -4.41798843932271, -3.52211352012551, 3.33743640294960 ) );
#8755 = CARTESIAN_POINT( '', ( -4.43536920672902, -3.50000000000000, 3.29577413572758 ) );
#8756 = CARTESIAN_POINT( '', ( -4.43536920672902, -3.50000000000000, 3.25000000000000 ) );
#8757 = CARTESIAN_POINT( '', ( -4.43536920672902, -3.50000000000000, 3.15000000000000 ) );
#8758 = CARTESIAN_POINT( '', ( -4.43536920672902, -3.50000000000000, 27.3207378073823 ) );
#8759 = VECTOR( '', #10774, 1000.00000000000 );
#8760 = CARTESIAN_POINT( '', ( -4.54972526643093, -3.35000000000000, 3.00000000000000 ) );
#8761 = CARTESIAN_POINT( '', ( -4.43536920672902, -3.50000000000000, 3.15000000000000 ) );
#8762 = CARTESIAN_POINT( '', ( -4.43536920672902, -3.50000000000000, 3.13577106697373 ) );
#8763 = CARTESIAN_POINT( '', ( -4.43703522557693, -3.49789120998804, 3.12134202944584 ) );
#8764 = CARTESIAN_POINT( '', ( -4.44009680475395, -3.49400062455830, 3.10800214140197 ) );
#8765 = CARTESIAN_POINT( '', ( -4.44314791222136, -3.49012334633980, 3.09470788060659 ) );
#8766 = CARTESIAN_POINT( '', ( -4.44763589408707, -3.48440981746954, 3.08213263913343 ) );
#8767 = CARTESIAN_POINT( '', ( -4.45303054062420, -3.47750183382679, 3.07098555592805 ) );
#8768 = CARTESIAN_POINT( '', ( -4.45885172938943, -3.47004765189015, 3.05895709862809 ) );
#8769 = CARTESIAN_POINT( '', ( -4.46584083078257, -3.46105753289526, 3.04829917573512 ) );
#8770 = CARTESIAN_POINT( '', ( -4.47341061176585, -3.45124578935506, 3.03932348876595 ) );
#8771 = CARTESIAN_POINT( '', ( -4.48255119492606, -3.43939801489845, 3.02848526063980 ) );
#8772 = CARTESIAN_POINT( '', ( -4.49272607921147, -3.42610768746124, 3.01984995872867 ) );
#8773 = CARTESIAN_POINT( '', ( -4.50321292224441, -3.41226806932455, 3.01353503180663 ) );
#8774 = CARTESIAN_POINT( '', ( -4.51586857349178, -3.39556624781501, 3.00591410027108 ) );
#8775 = CARTESIAN_POINT( '', ( -4.52927122428205, -3.37767642104325, 3.00148777381812 ) );
#8776 = CARTESIAN_POINT( '', ( -4.54251242288492, -3.35977393405214, 3.00031877134008 ) );
#8777 = CARTESIAN_POINT( '', ( -4.54491772147635, -3.35652190015141, 3.00010641896185 ) );
#8778 = CARTESIAN_POINT( '', ( -4.54732366236553, -3.35326168319293, 3.00000000000000 ) );
#8779 = CARTESIAN_POINT( '', ( -4.54972526643093, -3.35000000000000, 3.00000000000000 ) );
#8780 = CARTESIAN_POINT( '', ( -4.54972526643093, 3.35000000000000, 3.00000000000000 ) );
#8781 = AXIS2_PLACEMENT_3D( '', #10775, #10776, #10777 );
#8782 = CARTESIAN_POINT( '', ( -4.43536920672902, 3.50000000000000, 3.15000000000000 ) );
#8783 = CARTESIAN_POINT( '', ( -4.54972526643093, 3.35000000000000, 3.00000000000000 ) );
#8784 = CARTESIAN_POINT( '', ( -4.52318531529814, 3.38604462275782, 3.00000000000000 ) );
#8785 = CARTESIAN_POINT( '', ( -4.49644262686860, 3.42137444811970, 3.01262917939236 ) );
#8786 = CARTESIAN_POINT( '', ( -4.45242120795065, 3.47846874327750, 3.06362386788292 ) );
#8787 = CARTESIAN_POINT( '', ( -4.43536920672902, 3.50000000000000, 3.10488836369350 ) );
#8788 = CARTESIAN_POINT( '', ( -4.43536920672902, 3.50000000000000, 3.15000000000000 ) );
#8789 = CARTESIAN_POINT( '', ( -4.43536920672902, 3.50000000000000, 3.25000000000000 ) );
#8790 = CARTESIAN_POINT( '', ( -4.43536920672902, 3.50000000000000, 27.3207378073823 ) );
#8791 = VECTOR( '', #10778, 1000.00000000000 );
#8792 = CARTESIAN_POINT( '', ( -4.31277173056957, 3.65000000000000, 3.40000000000000 ) );
#8793 = CARTESIAN_POINT( '', ( -4.43536920672902, 3.50000000000000, 3.25000000000000 ) );
#8794 = CARTESIAN_POINT( '', ( -4.43536920672902, 3.50000000000000, 3.29575736926362 ) );
#8795 = CARTESIAN_POINT( '', ( -4.41804402493675, 3.52204428760440, 3.33736077944967 ) );
#8796 = CARTESIAN_POINT( '', ( -4.37085811162430, 3.58043409912461, 3.38843827345107 ) );
#8797 = CARTESIAN_POINT( '', ( -4.34214288775713, 3.61529559002393, 3.40000000000000 ) );
#8798 = CARTESIAN_POINT( '', ( -4.31277173056956, 3.65000000000000, 3.40000000000000 ) );
#8799 = CARTESIAN_POINT( '', ( -4.19755517243498, 3.78193476601122, 3.40000000000000 ) );
#8800 = AXIS2_PLACEMENT_3D( '', #10779, #10780, #10781 );
#8801 = CARTESIAN_POINT( '', ( -4.09302666410363, 3.89482127021726, 3.34877569118028 ) );
#8802 = CARTESIAN_POINT( '', ( -4.19755517243498, 3.78193476601122, 3.40000000000000 ) );
#8803 = CARTESIAN_POINT( '', ( -4.16044471185194, 3.82312352663495, 3.40000000000000 ) );
#8804 = CARTESIAN_POINT( '', ( -4.12254888629173, 3.86379667776072, 3.38423236827347 ) );
#8805 = CARTESIAN_POINT( '', ( -4.09302666410362, 3.89482127021726, 3.34877569118028 ) );
#8806 = CARTESIAN_POINT( '', ( -3.82844481788117, 4.15517872978274, 3.05122430881972 ) );
#8807 = AXIS2_PLACEMENT_3D( '', #10782, #10783, #10784 );
#8808 = CARTESIAN_POINT( '', ( -3.70217762383389, 4.26806523398877, 3.00000000000000 ) );
#8809 = CARTESIAN_POINT( '', ( -3.82844481788117, 4.15517872978275, 3.05122430881972 ) );
#8810 = CARTESIAN_POINT( '', ( -3.79309848566821, 4.18774567604233, 3.01400494166592 ) );
#8811 = CARTESIAN_POINT( '', ( -3.74783061416158, 4.22846521149935, 3.00000000000000 ) );
#8812 = CARTESIAN_POINT( '', ( -3.70217762383389, 4.26806523398877, 3.00000000000000 ) );
#8813 = CARTESIAN_POINT( '', ( 3.70217762383389, 4.26806523398877, 3.00000000000000 ) );
#8814 = AXIS2_PLACEMENT_3D( '', #10785, #10786, #10787 );
#8815 = CARTESIAN_POINT( '', ( 3.82844481788117, 4.15517872978274, 3.05122430881972 ) );
#8816 = CARTESIAN_POINT( '', ( 3.70217762383389, 4.26806523398877, 3.00000000000000 ) );
#8817 = CARTESIAN_POINT( '', ( 3.74784019072541, 4.22845690465811, 3.00000000000000 ) );
#8818 = CARTESIAN_POINT( '', ( 3.79309611041544, 4.18774786452198, 3.01400244054630 ) );
#8819 = CARTESIAN_POINT( '', ( 3.82844481788116, 4.15517872978274, 3.05122430881972 ) );
#8820 = CARTESIAN_POINT( '', ( 4.09302666410363, 3.89482127021726, 3.34877569118028 ) );
#8821 = AXIS2_PLACEMENT_3D( '', #10788, #10789, #10790 );
#8822 = CARTESIAN_POINT( '', ( 4.19755517243498, 3.78193476601122, 3.40000000000000 ) );
#8823 = CARTESIAN_POINT( '', ( 4.09302666410363, 3.89482127021726, 3.34877569118028 ) );
#8824 = CARTESIAN_POINT( '', ( 4.12266736273099, 3.86367217211816, 3.38437466043638 ) );
#8825 = CARTESIAN_POINT( '', ( 4.16035004470555, 3.82322859734468, 3.40000000000000 ) );
#8826 = CARTESIAN_POINT( '', ( 4.19755517243498, 3.78193476601122, 3.40000000000000 ) );
#8827 = CARTESIAN_POINT( '', ( 4.31277173056957, 3.65000000000000, 3.40000000000000 ) );
#8828 = AXIS2_PLACEMENT_3D( '', #10791, #10792, #10793 );
#8829 = CARTESIAN_POINT( '', ( 4.43536920672902, 3.50000000000000, 3.25000000000000 ) );
#8830 = CARTESIAN_POINT( '', ( 4.31277173056957, 3.65000000000000, 3.40000000000000 ) );
#8831 = CARTESIAN_POINT( '', ( 4.34213974377424, 3.61529930489532, 3.40000000000000 ) );
#8832 = CARTESIAN_POINT( '', ( 4.37086025245713, 3.58043100088948, 3.38842048496597 ) );
#8833 = CARTESIAN_POINT( '', ( 4.41798843932271, 3.52211352012551, 3.33743640294960 ) );
#8834 = CARTESIAN_POINT( '', ( 4.43536920672902, 3.50000000000000, 3.29577413572758 ) );
#8835 = CARTESIAN_POINT( '', ( 4.43536920672902, 3.50000000000000, 3.25000000000000 ) );
#8836 = CARTESIAN_POINT( '', ( 4.43536920672902, 3.50000000000000, 3.15000000000000 ) );
#8837 = CARTESIAN_POINT( '', ( 4.43536920672902, 3.50000000000000, 27.3207378073823 ) );
#8838 = VECTOR( '', #10794, 1000.00000000000 );
#8839 = CARTESIAN_POINT( '', ( 4.54972526643093, 3.35000000000000, 3.00000000000000 ) );
#8840 = CARTESIAN_POINT( '', ( 4.43536920672902, 3.50000000000000, 3.15000000000000 ) );
#8841 = CARTESIAN_POINT( '', ( 4.43536920672902, 3.50000000000000, 3.13577106697373 ) );
#8842 = CARTESIAN_POINT( '', ( 4.43703522557693, 3.49789120998804, 3.12134202944584 ) );
#8843 = CARTESIAN_POINT( '', ( 4.44009680475395, 3.49400062455830, 3.10800214140197 ) );
#8844 = CARTESIAN_POINT( '', ( 4.44314791222136, 3.49012334633980, 3.09470788060659 ) );
#8845 = CARTESIAN_POINT( '', ( 4.44763589408707, 3.48440981746954, 3.08213263913343 ) );
#8846 = CARTESIAN_POINT( '', ( 4.45303054062420, 3.47750183382679, 3.07098555592805 ) );
#8847 = CARTESIAN_POINT( '', ( 4.45885172938943, 3.47004765189015, 3.05895709862809 ) );
#8848 = CARTESIAN_POINT( '', ( 4.46584083078257, 3.46105753289526, 3.04829917573512 ) );
#8849 = CARTESIAN_POINT( '', ( 4.47341061176585, 3.45124578935506, 3.03932348876595 ) );
#8850 = CARTESIAN_POINT( '', ( 4.48255119492606, 3.43939801489845, 3.02848526063980 ) );
#8851 = CARTESIAN_POINT( '', ( 4.49272607921147, 3.42610768746124, 3.01984995872867 ) );
#8852 = CARTESIAN_POINT( '', ( 4.50321292224441, 3.41226806932455, 3.01353503180663 ) );
#8853 = CARTESIAN_POINT( '', ( 4.51586857349178, 3.39556624781501, 3.00591410027108 ) );
#8854 = CARTESIAN_POINT( '', ( 4.52927122428205, 3.37767642104325, 3.00148777381812 ) );
#8855 = CARTESIAN_POINT( '', ( 4.54251242288492, 3.35977393405214, 3.00031877134008 ) );
#8856 = CARTESIAN_POINT( '', ( 4.54491772147635, 3.35652190015141, 3.00010641896185 ) );
#8857 = CARTESIAN_POINT( '', ( 4.54732366236553, 3.35326168319293, 3.00000000000000 ) );
#8858 = CARTESIAN_POINT( '', ( 4.54972526643093, 3.35000000000000, 3.00000000000000 ) );
#8859 = CARTESIAN_POINT( '', ( 4.54972526643093, -3.35000000000000, 3.00000000000000 ) );
#8860 = AXIS2_PLACEMENT_3D( '', #10795, #10796, #10797 );
#8861 = CARTESIAN_POINT( '', ( 4.43536920672902, -3.50000000000000, 3.15000000000000 ) );
#8862 = CARTESIAN_POINT( '', ( 4.54972526643093, -3.35000000000000, 3.00000000000000 ) );
#8863 = CARTESIAN_POINT( '', ( 4.52318531529814, -3.38604462275782, 3.00000000000000 ) );
#8864 = CARTESIAN_POINT( '', ( 4.49644262686860, -3.42137444811970, 3.01262917939236 ) );
#8865 = CARTESIAN_POINT( '', ( 4.45242120795065, -3.47846874327750, 3.06362386788292 ) );
#8866 = CARTESIAN_POINT( '', ( 4.43536920672902, -3.50000000000000, 3.10488836369350 ) );
#8867 = CARTESIAN_POINT( '', ( 4.43536920672902, -3.50000000000000, 3.15000000000000 ) );
#8868 = CARTESIAN_POINT( '', ( 4.43536920672902, -3.50000000000000, 3.25000000000000 ) );
#8869 = CARTESIAN_POINT( '', ( 4.43536920672902, -3.50000000000000, 27.3207378073823 ) );
#8870 = VECTOR( '', #10798, 1000.00000000000 );
#8871 = CARTESIAN_POINT( '', ( 4.31277173056957, -3.65000000000000, 3.40000000000000 ) );
#8872 = CARTESIAN_POINT( '', ( 4.43536920672902, -3.50000000000000, 3.25000000000000 ) );
#8873 = CARTESIAN_POINT( '', ( 4.43536920672902, -3.50000000000000, 3.29575736926362 ) );
#8874 = CARTESIAN_POINT( '', ( 4.41804402493675, -3.52204428760440, 3.33736077944967 ) );
#8875 = CARTESIAN_POINT( '', ( 4.37085811162430, -3.58043409912461, 3.38843827345107 ) );
#8876 = CARTESIAN_POINT( '', ( 4.34214288775713, -3.61529559002393, 3.40000000000000 ) );
#8877 = CARTESIAN_POINT( '', ( 4.31277173056956, -3.65000000000000, 3.40000000000000 ) );
#8878 = CARTESIAN_POINT( '', ( 4.19755517243498, -3.78193476601122, 3.40000000000000 ) );
#8879 = AXIS2_PLACEMENT_3D( '', #10799, #10800, #10801 );
#8880 = CARTESIAN_POINT( '', ( 4.09302666410363, -3.89482127021726, 3.34877569118028 ) );
#8881 = CARTESIAN_POINT( '', ( 4.19755517243498, -3.78193476601122, 3.40000000000000 ) );
#8882 = CARTESIAN_POINT( '', ( 4.16044471185194, -3.82312352663495, 3.40000000000000 ) );
#8883 = CARTESIAN_POINT( '', ( 4.12254888629173, -3.86379667776072, 3.38423236827347 ) );
#8884 = CARTESIAN_POINT( '', ( 4.09302666410362, -3.89482127021726, 3.34877569118028 ) );
#8885 = AXIS2_PLACEMENT_3D( '', #10802, #10803, #10804 );
#8886 = AXIS2_PLACEMENT_3D( '', #10805, #10806, #10807 );
#8887 = CARTESIAN_POINT( '', ( -5.65000000000000, 8.67361737988404E-016, 2.50000000000000 ) );
#8888 = AXIS2_PLACEMENT_3D( '', #10808, #10809, #10810 );
#8889 = CARTESIAN_POINT( '', ( 2.50000000000000, 0.000000000000000, 3.00000000000000 ) );
#8890 = AXIS2_PLACEMENT_3D( '', #10811, #10812, #10813 );
#8891 = CARTESIAN_POINT( '', ( 2.50000000000000, 0.000000000000000, 0.000000000000000 ) );
#8892 = AXIS2_PLACEMENT_3D( '', #10814, #10815, #10816 );
#8893 = CARTESIAN_POINT( '', ( 5.65000000000000, 3.50000000000000, 0.000000000000000 ) );
#8894 = CARTESIAN_POINT( '', ( -5.65000000000000, 3.50000000000000, 0.000000000000000 ) );
#8895 = CARTESIAN_POINT( '', ( 0.000000000000000, 3.50000000000000, 0.000000000000000 ) );
#8896 = VECTOR( '', #10817, 1000.00000000000 );
#8897 = CARTESIAN_POINT( '', ( 5.65000000000000, -3.50000000000000, 0.000000000000000 ) );
#8898 = CARTESIAN_POINT( '', ( 5.65000000000000, -3.50000000000000, 0.000000000000000 ) );
#8899 = VECTOR( '', #10818, 1000.00000000000 );
#8900 = CARTESIAN_POINT( '', ( -5.65000000000000, -3.50000000000000, 0.000000000000000 ) );
#8901 = CARTESIAN_POINT( '', ( 0.000000000000000, -3.50000000000000, 0.000000000000000 ) );
#8902 = VECTOR( '', #10819, 1000.00000000000 );
#8903 = CARTESIAN_POINT( '', ( -5.65000000000000, -3.50000000000000, 0.000000000000000 ) );
#8904 = VECTOR( '', #10820, 1000.00000000000 );
#8905 = CARTESIAN_POINT( '', ( 5.65000000000000, -3.78193476601122, 3.40000000000000 ) );
#8906 = VECTOR( '', #10821, 1000.00000000000 );
#8907 = CARTESIAN_POINT( '', ( 5.65000000000000, -3.89482127021726, 3.34877569118028 ) );
#8908 = VECTOR( '', #10822, 1000.00000000000 );
#8909 = CARTESIAN_POINT( '', ( 8.05000000000000, -3.50000000000000, 0.500000000000000 ) );
#8910 = CARTESIAN_POINT( '', ( 8.15000000000000, -3.50000000000000, 0.400000000000000 ) );
#8911 = AXIS2_PLACEMENT_3D( '', #10823, #10824, #10825 );
#8912 = CARTESIAN_POINT( '', ( 8.05000000000000, -5.90000000000000, 0.500000000000000 ) );
#8913 = CARTESIAN_POINT( '', ( 8.05000000000000, -5.65000000000000, 0.500000000000000 ) );
#8914 = VECTOR( '', #10826, 1000.00000000000 );
#8915 = CARTESIAN_POINT( '', ( 8.15000000000000, -5.90000000000000, 0.400000000000000 ) );
#8916 = AXIS2_PLACEMENT_3D( '', #10827, #10828, #10829 );
#8917 = CARTESIAN_POINT( '', ( 8.15000000000000, -6.00000000000000, 0.400000000000000 ) );
#8918 = VECTOR( '', #10830, 1000.00000000000 );
#8919 = CARTESIAN_POINT( '', ( 5.65000000000000, -3.50000000000000, 3.25000000000000 ) );
#8920 = VECTOR( '', #10831, 1000.00000000000 );
#8921 = CARTESIAN_POINT( '', ( 5.65000000000000, -3.65000000000000, 3.40000000000000 ) );
#8922 = VECTOR( '', #10832, 1000.00000000000 );
#8923 = CARTESIAN_POINT( '', ( -8.05000000000000, -6.00000000000000, 0.400000000000000 ) );
#8924 = CARTESIAN_POINT( '', ( -8.15000000000000, -5.90000000000000, 0.400000000000000 ) );
#8925 = AXIS2_PLACEMENT_3D( '', #10833, #10834, #10835 );
#8926 = CARTESIAN_POINT( '', ( -8.15000000000000, -5.90000000000000, -1.95000000000000 ) );
#8927 = CARTESIAN_POINT( '', ( -8.15000000000000, -5.90000000000000, -1.95000000000000 ) );
#8928 = VECTOR( '', #10836, 1000.00000000000 );
#8929 = CARTESIAN_POINT( '', ( -8.05000000000000, -6.00000000000000, -1.95000000000000 ) );
#8930 = AXIS2_PLACEMENT_3D( '', #10837, #10838, #10839 );
#8931 = CARTESIAN_POINT( '', ( -8.05000000000000, -6.00000000000000, 0.500000000000000 ) );
#8932 = VECTOR( '', #10840, 1000.00000000000 );
#8933 = CARTESIAN_POINT( '', ( -8.15000000000000, 3.50000000000000, 0.400000000000000 ) );
#8934 = AXIS2_PLACEMENT_3D( '', #10841, #10842, #10843 );
#8935 = CARTESIAN_POINT( '', ( -8.15000000000000, 5.90000000000000, 0.400000000000000 ) );
#8936 = AXIS2_PLACEMENT_3D( '', #10844, #10845, #10846 );
#8937 = CARTESIAN_POINT( '', ( -8.15000000000000, 6.00000000000000, 0.400000000000000 ) );
#8938 = VECTOR( '', #10847, 1000.00000000000 );
#8939 = AXIS2_PLACEMENT_3D( '', #10848, #10849, #10850 );
#8940 = AXIS2_PLACEMENT_3D( '', #10851, #10852, #10853 );
#8941 = CARTESIAN_POINT( '', ( -8.15000000000000, -3.50000000000000, 0.400000000000000 ) );
#8942 = AXIS2_PLACEMENT_3D( '', #10854, #10855, #10856 );
#8943 = CARTESIAN_POINT( '', ( -8.15000000000000, -3.50000000000000, 0.400000000000000 ) );
#8944 = VECTOR( '', #10857, 1000.00000000000 );
#8945 = CARTESIAN_POINT( '', ( 6.05000000000000, -5.90000000000000, 0.500000000000000 ) );
#8946 = CARTESIAN_POINT( '', ( 8.15000000000000, -5.90000000000000, 0.500000000000000 ) );
#8947 = VECTOR( '', #10858, 1000.00000000000 );
#8948 = CARTESIAN_POINT( '', ( 6.05000000000000, -6.00000000000000, 0.400000000000000 ) );
#8949 = AXIS2_PLACEMENT_3D( '', #10859, #10860, #10861 );
#8950 = CARTESIAN_POINT( '', ( 8.05000000000000, -6.00000000000000, 0.400000000000000 ) );
#8951 = CARTESIAN_POINT( '', ( -8.15000000000000, -6.00000000000000, 0.400000000000000 ) );
#8952 = VECTOR( '', #10862, 1000.00000000000 );
#8953 = AXIS2_PLACEMENT_3D( '', #10863, #10864, #10865 );
#8954 = CARTESIAN_POINT( '', ( 3.55000000000000, -5.90000000000000, 0.500000000000000 ) );
#8955 = CARTESIAN_POINT( '', ( 3.95000000000000, -5.90000000000000, 0.500000000000000 ) );
#8956 = CARTESIAN_POINT( '', ( 8.15000000000000, -5.90000000000000, 0.500000000000000 ) );
#8957 = VECTOR( '', #10866, 1000.00000000000 );
#8958 = CARTESIAN_POINT( '', ( 3.55000000000000, -6.00000000000000, 0.400000000000000 ) );
#8959 = AXIS2_PLACEMENT_3D( '', #10867, #10868, #10869 );
#8960 = CARTESIAN_POINT( '', ( 3.95000000000000, -6.00000000000000, 0.400000000000000 ) );
#8961 = CARTESIAN_POINT( '', ( -8.15000000000000, -6.00000000000000, 0.400000000000000 ) );
#8962 = VECTOR( '', #10870, 1000.00000000000 );
#8963 = AXIS2_PLACEMENT_3D( '', #10871, #10872, #10873 );
#8964 = CARTESIAN_POINT( '', ( -3.55000000000000, -6.00000000000000, -0.402659498415081 ) );
#8965 = CARTESIAN_POINT( '', ( -3.35000000000000, -6.00000000000000, -0.650673834918257 ) );
#8966 = AXIS2_PLACEMENT_3D( '', #10874, #10875, #10876 );
#8967 = CARTESIAN_POINT( '', ( -3.55000000000000, -6.00000000000000, 0.400000000000000 ) );
#8968 = CARTESIAN_POINT( '', ( -3.55000000000000, -6.00000000000000, 0.500000000000000 ) );
#8969 = VECTOR( '', #10877, 1000.00000000000 );
#8970 = CARTESIAN_POINT( '', ( -3.95000000000000, -6.00000000000000, 0.400000000000000 ) );
#8971 = CARTESIAN_POINT( '', ( -8.15000000000000, -6.00000000000000, 0.400000000000000 ) );
#8972 = VECTOR( '', #10878, 1000.00000000000 );
#8973 = CARTESIAN_POINT( '', ( -3.95000000000000, -6.00000000000000, -0.402659498415081 ) );
#8974 = CARTESIAN_POINT( '', ( -3.95000000000000, -6.00000000000000, 0.500000000000000 ) );
#8975 = VECTOR( '', #10879, 1000.00000000000 );
#8976 = CARTESIAN_POINT( '', ( -4.15000000000000, -6.00000000000000, -0.650673834918257 ) );
#8977 = AXIS2_PLACEMENT_3D( '', #10880, #10881, #10882 );
#8978 = CARTESIAN_POINT( '', ( -5.85000000000000, -6.00000000000000, -0.650673834918257 ) );
#8979 = CARTESIAN_POINT( '', ( -5.95000000000000, -6.00000000000000, -0.650673834918257 ) );
#8980 = VECTOR( '', #10883, 1000.00000000000 );
#8981 = CARTESIAN_POINT( '', ( -6.05000000000000, -6.00000000000000, -0.402659498415081 ) );
#8982 = AXIS2_PLACEMENT_3D( '', #10884, #10885, #10886 );
#8983 = CARTESIAN_POINT( '', ( -6.05000000000000, -6.00000000000000, 0.400000000000000 ) );
#8984 = CARTESIAN_POINT( '', ( -6.05000000000000, -6.00000000000000, 0.500000000000000 ) );
#8985 = VECTOR( '', #10887, 1000.00000000000 );
#8986 = CARTESIAN_POINT( '', ( -8.15000000000000, -6.00000000000000, 0.400000000000000 ) );
#8987 = VECTOR( '', #10888, 1000.00000000000 );
#8988 = CARTESIAN_POINT( '', ( 8.05000000000000, -6.00000000000000, -1.95000000000000 ) );
#8989 = CARTESIAN_POINT( '', ( 8.15000000000000, -6.00000000000000, -1.95000000000000 ) );
#8990 = VECTOR( '', #10889, 1000.00000000000 );
#8991 = CARTESIAN_POINT( '', ( 8.05000000000000, -6.00000000000000, 0.500000000000000 ) );
#8992 = VECTOR( '', #10890, 1000.00000000000 );
#8993 = CARTESIAN_POINT( '', ( 6.05000000000000, -6.00000000000000, -0.402659498415081 ) );
#8994 = CARTESIAN_POINT( '', ( 6.05000000000000, -6.00000000000000, -0.600000000000000 ) );
#8995 = VECTOR( '', #10891, 1000.00000000000 );
#8996 = CARTESIAN_POINT( '', ( 5.85000000000000, -6.00000000000000, -0.650673834918257 ) );
#8997 = AXIS2_PLACEMENT_3D( '', #10892, #10893, #10894 );
#8998 = CARTESIAN_POINT( '', ( 4.15000000000000, -6.00000000000000, -0.650673834918257 ) );
#8999 = CARTESIAN_POINT( '', ( 4.05000000000000, -6.00000000000000, -0.650673834918257 ) );
#9000 = VECTOR( '', #10895, 1000.00000000000 );
#9001 = CARTESIAN_POINT( '', ( 3.95000000000000, -6.00000000000000, -0.402659498415081 ) );
#9002 = AXIS2_PLACEMENT_3D( '', #10896, #10897, #10898 );
#9003 = CARTESIAN_POINT( '', ( 3.95000000000000, -6.00000000000000, 0.400000000000000 ) );
#9004 = VECTOR( '', #10899, 1000.00000000000 );
#9005 = CARTESIAN_POINT( '', ( 3.55000000000000, -6.00000000000000, -0.402659498415081 ) );
#9006 = CARTESIAN_POINT( '', ( 3.55000000000000, -6.00000000000000, -0.600000000000000 ) );
#9007 = VECTOR( '', #10900, 1000.00000000000 );
#9008 = CARTESIAN_POINT( '', ( 3.35000000000000, -6.00000000000000, -0.650673834918257 ) );
#9009 = AXIS2_PLACEMENT_3D( '', #10901, #10902, #10903 );
#9010 = CARTESIAN_POINT( '', ( 1.65000000000000, -6.00000000000000, -0.650673834918257 ) );
#9011 = CARTESIAN_POINT( '', ( 1.55000000000000, -6.00000000000000, -0.650673834918257 ) );
#9012 = VECTOR( '', #10904, 1000.00000000000 );
#9013 = CARTESIAN_POINT( '', ( 1.45000000000000, -6.00000000000000, -0.402659498415081 ) );
#9014 = AXIS2_PLACEMENT_3D( '', #10905, #10906, #10907 );
#9015 = CARTESIAN_POINT( '', ( 1.45000000000000, -6.00000000000000, 0.400000000000000 ) );
#9016 = CARTESIAN_POINT( '', ( 1.45000000000000, -6.00000000000000, 0.400000000000000 ) );
#9017 = VECTOR( '', #10908, 1000.00000000000 );
#9018 = CARTESIAN_POINT( '', ( 1.05000000000000, -6.00000000000000, 0.400000000000000 ) );
#9019 = CARTESIAN_POINT( '', ( -8.15000000000000, -6.00000000000000, 0.400000000000000 ) );
#9020 = VECTOR( '', #10909, 1000.00000000000 );
#9021 = CARTESIAN_POINT( '', ( 1.05000000000000, -6.00000000000000, -0.402659498415081 ) );
#9022 = CARTESIAN_POINT( '', ( 1.05000000000000, -6.00000000000000, 0.500000000000000 ) );
#9023 = VECTOR( '', #10910, 1000.00000000000 );
#9024 = CARTESIAN_POINT( '', ( 0.850000000000000, -6.00000000000000, -0.650673834918257 ) );
#9025 = AXIS2_PLACEMENT_3D( '', #10911, #10912, #10913 );
#9026 = CARTESIAN_POINT( '', ( -0.850000000000000, -6.00000000000000, -0.650673834918257 ) );
#9027 = CARTESIAN_POINT( '', ( -0.950000000000000, -6.00000000000000, -0.650673834918257 ) );
#9028 = VECTOR( '', #10914, 1000.00000000000 );
#9029 = CARTESIAN_POINT( '', ( -1.05000000000000, -6.00000000000000, -0.402659498415081 ) );
#9030 = AXIS2_PLACEMENT_3D( '', #10915, #10916, #10917 );
#9031 = CARTESIAN_POINT( '', ( -1.05000000000000, -6.00000000000000, 0.400000000000000 ) );
#9032 = CARTESIAN_POINT( '', ( -1.05000000000000, -6.00000000000000, 0.500000000000000 ) );
#9033 = VECTOR( '', #10918, 1000.00000000000 );
#9034 = CARTESIAN_POINT( '', ( -1.45000000000000, -6.00000000000000, 0.400000000000000 ) );
#9035 = CARTESIAN_POINT( '', ( -8.15000000000000, -6.00000000000000, 0.400000000000000 ) );
#9036 = VECTOR( '', #10919, 1000.00000000000 );
#9037 = CARTESIAN_POINT( '', ( -1.45000000000000, -6.00000000000000, -0.402659498415081 ) );
#9038 = CARTESIAN_POINT( '', ( -1.45000000000000, -6.00000000000000, 0.500000000000000 ) );
#9039 = VECTOR( '', #10920, 1000.00000000000 );
#9040 = CARTESIAN_POINT( '', ( -1.65000000000000, -6.00000000000000, -0.650673834918257 ) );
#9041 = AXIS2_PLACEMENT_3D( '', #10921, #10922, #10923 );
#9042 = CARTESIAN_POINT( '', ( -3.45000000000000, -6.00000000000000, -0.650673834918257 ) );
#9043 = VECTOR( '', #10924, 1000.00000000000 );
#9044 = CARTESIAN_POINT( '', ( 3.40000000000000, -6.00000000000000, -1.07500000000000 ) );
#9045 = CARTESIAN_POINT( '', ( 4.10000000000000, -6.00000000000000, -1.07500000000000 ) );
#9046 = CARTESIAN_POINT( '', ( 4.10000000000000, -6.00000000000000, -1.07500000000000 ) );
#9047 = VECTOR( '', #10925, 1000.00000000000 );
#9048 = CARTESIAN_POINT( '', ( 3.40000000000000, -6.00000000000000, -0.725000000000000 ) );
#9049 = CARTESIAN_POINT( '', ( 3.40000000000000, -6.00000000000000, -1.07500000000000 ) );
#9050 = VECTOR( '', #10926, 1000.00000000000 );
#9051 = CARTESIAN_POINT( '', ( 4.10000000000000, -6.00000000000000, -0.725000000000000 ) );
#9052 = CARTESIAN_POINT( '', ( 3.40000000000000, -6.00000000000000, -0.725000000000000 ) );
#9053 = VECTOR( '', #10927, 1000.00000000000 );
#9054 = CARTESIAN_POINT( '', ( 4.10000000000000, -6.00000000000000, -0.725000000000000 ) );
#9055 = VECTOR( '', #10928, 1000.00000000000 );
#9056 = CARTESIAN_POINT( '', ( -5.90000000000000, -6.00000000000000, -0.725000000000000 ) );
#9057 = CARTESIAN_POINT( '', ( -5.90000000000000, -6.00000000000000, -1.07500000000000 ) );
#9058 = CARTESIAN_POINT( '', ( -5.90000000000000, -6.00000000000000, -1.07500000000000 ) );
#9059 = VECTOR( '', #10929, 1000.00000000000 );
#9060 = CARTESIAN_POINT( '', ( -6.60000000000000, -6.00000000000000, -1.07500000000000 ) );
#9061 = CARTESIAN_POINT( '', ( -6.60000000000000, -6.00000000000000, -1.07500000000000 ) );
#9062 = VECTOR( '', #10930, 1000.00000000000 );
#9063 = CARTESIAN_POINT( '', ( -6.60000000000000, -6.00000000000000, -0.725000000000000 ) );
#9064 = CARTESIAN_POINT( '', ( -6.60000000000000, -6.00000000000000, -0.725000000000000 ) );
#9065 = VECTOR( '', #10931, 1000.00000000000 );
#9066 = CARTESIAN_POINT( '', ( -5.90000000000000, -6.00000000000000, -0.725000000000000 ) );
#9067 = VECTOR( '', #10932, 1000.00000000000 );
#9068 = CARTESIAN_POINT( '', ( -3.40000000000000, -6.00000000000000, -0.725000000000000 ) );
#9069 = CARTESIAN_POINT( '', ( -3.40000000000000, -6.00000000000000, -1.07500000000000 ) );
#9070 = CARTESIAN_POINT( '', ( -3.40000000000000, -6.00000000000000, -1.07500000000000 ) );
#9071 = VECTOR( '', #10933, 1000.00000000000 );
#9072 = CARTESIAN_POINT( '', ( -4.10000000000000, -6.00000000000000, -1.07500000000000 ) );
#9073 = CARTESIAN_POINT( '', ( -4.10000000000000, -6.00000000000000, -1.07500000000000 ) );
#9074 = VECTOR( '', #10934, 1000.00000000000 );
#9075 = CARTESIAN_POINT( '', ( -4.10000000000000, -6.00000000000000, -0.725000000000000 ) );
#9076 = CARTESIAN_POINT( '', ( -4.10000000000000, -6.00000000000000, -0.725000000000000 ) );
#9077 = VECTOR( '', #10935, 1000.00000000000 );
#9078 = CARTESIAN_POINT( '', ( -3.40000000000000, -6.00000000000000, -0.725000000000000 ) );
#9079 = VECTOR( '', #10936, 1000.00000000000 );
#9080 = CARTESIAN_POINT( '', ( -0.900000000000000, -6.00000000000000, -0.725000000000000 ) );
#9081 = CARTESIAN_POINT( '', ( -0.900000000000000, -6.00000000000000, -1.07500000000000 ) );
#9082 = CARTESIAN_POINT( '', ( -0.900000000000000, -6.00000000000000, -1.07500000000000 ) );
#9083 = VECTOR( '', #10937, 1000.00000000000 );
#9084 = CARTESIAN_POINT( '', ( -1.60000000000000, -6.00000000000000, -1.07500000000000 ) );
#9085 = CARTESIAN_POINT( '', ( -1.60000000000000, -6.00000000000000, -1.07500000000000 ) );
#9086 = VECTOR( '', #10938, 1000.00000000000 );
#9087 = CARTESIAN_POINT( '', ( -1.60000000000000, -6.00000000000000, -0.725000000000000 ) );
#9088 = CARTESIAN_POINT( '', ( -1.60000000000000, -6.00000000000000, -0.725000000000000 ) );
#9089 = VECTOR( '', #10939, 1000.00000000000 );
#9090 = CARTESIAN_POINT( '', ( -0.900000000000000, -6.00000000000000, -0.725000000000000 ) );
#9091 = VECTOR( '', #10940, 1000.00000000000 );
#9092 = CARTESIAN_POINT( '', ( 0.900000000000000, -6.00000000000000, -1.07500000000000 ) );
#9093 = CARTESIAN_POINT( '', ( 1.60000000000000, -6.00000000000000, -1.07500000000000 ) );
#9094 = CARTESIAN_POINT( '', ( 1.60000000000000, -6.00000000000000, -1.07500000000000 ) );
#9095 = VECTOR( '', #10941, 1000.00000000000 );
#9096 = CARTESIAN_POINT( '', ( 0.900000000000000, -6.00000000000000, -0.725000000000000 ) );
#9097 = CARTESIAN_POINT( '', ( 0.900000000000000, -6.00000000000000, -1.07500000000000 ) );
#9098 = VECTOR( '', #10942, 1000.00000000000 );
#9099 = CARTESIAN_POINT( '', ( 1.60000000000000, -6.00000000000000, -0.725000000000000 ) );
#9100 = CARTESIAN_POINT( '', ( 0.900000000000000, -6.00000000000000, -0.725000000000000 ) );
#9101 = VECTOR( '', #10943, 1000.00000000000 );
#9102 = CARTESIAN_POINT( '', ( 1.60000000000000, -6.00000000000000, -0.725000000000000 ) );
#9103 = VECTOR( '', #10944, 1000.00000000000 );
#9104 = CARTESIAN_POINT( '', ( 5.90000000000000, -6.00000000000000, -1.07500000000000 ) );
#9105 = CARTESIAN_POINT( '', ( 6.60000000000000, -6.00000000000000, -1.07500000000000 ) );
#9106 = CARTESIAN_POINT( '', ( 6.60000000000000, -6.00000000000000, -1.07500000000000 ) );
#9107 = VECTOR( '', #10945, 1000.00000000000 );
#9108 = CARTESIAN_POINT( '', ( 5.90000000000000, -6.00000000000000, -0.725000000000000 ) );
#9109 = CARTESIAN_POINT( '', ( 5.90000000000000, -6.00000000000000, -1.07500000000000 ) );
#9110 = VECTOR( '', #10946, 1000.00000000000 );
#9111 = CARTESIAN_POINT( '', ( 6.60000000000000, -6.00000000000000, -0.725000000000000 ) );
#9112 = CARTESIAN_POINT( '', ( 5.90000000000000, -6.00000000000000, -0.725000000000000 ) );
#9113 = VECTOR( '', #10947, 1000.00000000000 );
#9114 = CARTESIAN_POINT( '', ( 6.60000000000000, -6.00000000000000, -0.725000000000000 ) );
#9115 = VECTOR( '', #10948, 1000.00000000000 );
#9116 = CARTESIAN_POINT( '', ( -1.45000000000000, -5.90000000000000, 0.500000000000000 ) );
#9117 = CARTESIAN_POINT( '', ( -1.05000000000000, -5.90000000000000, 0.500000000000000 ) );
#9118 = CARTESIAN_POINT( '', ( 8.15000000000000, -5.90000000000000, 0.500000000000000 ) );
#9119 = VECTOR( '', #10949, 1000.00000000000 );
#9120 = AXIS2_PLACEMENT_3D( '', #10950, #10951, #10952 );
#9121 = AXIS2_PLACEMENT_3D( '', #10953, #10954, #10955 );
#9122 = AXIS2_PLACEMENT_3D( '', #10956, #10957, #10958 );
#9123 = AXIS2_PLACEMENT_3D( '', #10959, #10960, #10961 );
#9124 = AXIS2_PLACEMENT_3D( '', #10962, #10963, #10964 );
#9125 = CARTESIAN_POINT( '', ( 8.15000000000000, -5.90000000000000, -1.95000000000000 ) );
#9126 = AXIS2_PLACEMENT_3D( '', #10965, #10966, #10967 );
#9127 = CARTESIAN_POINT( '', ( 8.15000000000000, -5.90000000000000, -1.95000000000000 ) );
#9128 = VECTOR( '', #10968, 1000.00000000000 );
#9129 = CARTESIAN_POINT( '', ( 8.05000000000000, 6.00000000000000, 0.400000000000000 ) );
#9130 = CARTESIAN_POINT( '', ( 8.15000000000000, 5.90000000000000, 0.400000000000000 ) );
#9131 = AXIS2_PLACEMENT_3D( '', #10969, #10970, #10971 );
#9132 = CARTESIAN_POINT( '', ( 8.15000000000000, 5.90000000000000, -1.95000000000000 ) );
#9133 = CARTESIAN_POINT( '', ( 8.15000000000000, 5.90000000000000, 0.500000000000000 ) );
#9134 = VECTOR( '', #10972, 1000.00000000000 );
#9135 = CARTESIAN_POINT( '', ( 8.05000000000000, 6.00000000000000, -1.95000000000000 ) );
#9136 = AXIS2_PLACEMENT_3D( '', #10973, #10974, #10975 );
#9137 = CARTESIAN_POINT( '', ( 8.05000000000000, 6.00000000000000, -1.95000000000000 ) );
#9138 = VECTOR( '', #10976, 1000.00000000000 );
#9139 = CARTESIAN_POINT( '', ( -3.45000000000000, -4.80546432034307, 0.400000000000000 ) );
#9140 = CARTESIAN_POINT( '', ( -3.45000000000000, -5.90000000000000, 0.400000000000000 ) );
#9141 = CARTESIAN_POINT( '', ( -3.45000000000000, -5.90000000000000, 0.400000000000000 ) );
#9142 = VECTOR( '', #10977, 1000.00000000000 );
#9143 = CARTESIAN_POINT( '', ( -3.45000000000000, -5.90000000000000, -0.402659498415081 ) );
#9144 = CARTESIAN_POINT( '', ( -3.45000000000000, -5.90000000000000, -0.600000000000000 ) );
#9145 = VECTOR( '', #10978, 1000.00000000000 );
#9146 = CARTESIAN_POINT( '', ( -3.45000000000000, -5.08370284035119, 0.195958418660715 ) );
#9147 = VECTOR( '', #10979, 1000.00000000000 );
#9148 = CARTESIAN_POINT( '', ( 8.05000000000000, 5.90000000000000, 0.500000000000000 ) );
#9149 = AXIS2_PLACEMENT_3D( '', #10980, #10981, #10982 );
#9150 = AXIS2_PLACEMENT_3D( '', #10983, #10984, #10985 );
#9151 = CARTESIAN_POINT( '', ( 8.15000000000000, 3.50000000000000, 0.400000000000000 ) );
#9152 = CARTESIAN_POINT( '', ( 8.05000000000000, 3.50000000000000, 0.500000000000000 ) );
#9153 = AXIS2_PLACEMENT_3D( '', #10986, #10987, #10988 );
#9154 = CARTESIAN_POINT( '', ( 8.15000000000000, 3.50000000000000, 0.400000000000000 ) );
#9155 = VECTOR( '', #10989, 1000.00000000000 );
#9156 = CARTESIAN_POINT( '', ( 8.05000000000000, 6.00000000000000, 0.500000000000000 ) );
#9157 = VECTOR( '', #10990, 1000.00000000000 );
#9158 = CARTESIAN_POINT( '', ( -6.05000000000000, 6.00000000000000, 0.400000000000000 ) );
#9159 = AXIS2_PLACEMENT_3D( '', #10991, #10992, #10993 );
#9160 = CARTESIAN_POINT( '', ( -8.05000000000000, 6.00000000000000, 0.400000000000000 ) );
#9161 = CARTESIAN_POINT( '', ( 8.15000000000000, 6.00000000000000, 0.400000000000000 ) );
#9162 = VECTOR( '', #10994, 1000.00000000000 );
#9163 = AXIS2_PLACEMENT_3D( '', #10995, #10996, #10997 );
#9164 = CARTESIAN_POINT( '', ( -3.55000000000000, 6.00000000000000, 0.400000000000000 ) );
#9165 = AXIS2_PLACEMENT_3D( '', #10998, #10999, #11000 );
#9166 = CARTESIAN_POINT( '', ( -3.95000000000000, 6.00000000000000, 0.400000000000000 ) );
#9167 = CARTESIAN_POINT( '', ( 8.15000000000000, 6.00000000000000, 0.400000000000000 ) );
#9168 = VECTOR( '', #11001, 1000.00000000000 );
#9169 = AXIS2_PLACEMENT_3D( '', #11002, #11003, #11004 );
#9170 = CARTESIAN_POINT( '', ( 1.05000000000000, 6.00000000000000, 0.400000000000000 ) );
#9171 = CARTESIAN_POINT( '', ( 1.45000000000000, 6.00000000000000, 0.400000000000000 ) );
#9172 = CARTESIAN_POINT( '', ( 8.15000000000000, 6.00000000000000, 0.400000000000000 ) );
#9173 = VECTOR( '', #11005, 1000.00000000000 );
#9174 = AXIS2_PLACEMENT_3D( '', #11006, #11007, #11008 );
#9175 = AXIS2_PLACEMENT_3D( '', #11009, #11010, #11011 );
#9176 = CARTESIAN_POINT( '', ( -1.05000000000000, 6.00000000000000, 0.400000000000000 ) );
#9177 = CARTESIAN_POINT( '', ( 8.15000000000000, 6.00000000000000, 0.400000000000000 ) );
#9178 = VECTOR( '', #11012, 1000.00000000000 );
#9179 = CARTESIAN_POINT( '', ( -1.05000000000000, 5.90000000000000, 0.500000000000000 ) );
#9180 = CARTESIAN_POINT( '', ( -3.45951294954821E-016, 5.90000000000000, 0.500000000000000 ) );
#9181 = VECTOR( '', #11013, 1000.00000000000 );
#9182 = AXIS2_PLACEMENT_3D( '', #11014, #11015, #11016 );
#9183 = CARTESIAN_POINT( '', ( 3.55000000000000, 6.00000000000000, 0.400000000000000 ) );
#9184 = CARTESIAN_POINT( '', ( 3.95000000000000, 6.00000000000000, 0.400000000000000 ) );
#9185 = CARTESIAN_POINT( '', ( 8.15000000000000, 6.00000000000000, 0.400000000000000 ) );
#9186 = VECTOR( '', #11017, 1000.00000000000 );
#9187 = CARTESIAN_POINT( '', ( 3.55000000000000, 5.90000000000000, 0.500000000000000 ) );
#9188 = AXIS2_PLACEMENT_3D( '', #11018, #11019, #11020 );
#9189 = CARTESIAN_POINT( '', ( 3.95000000000000, 5.90000000000000, 0.500000000000000 ) );
#9190 = CARTESIAN_POINT( '', ( -3.45951294954821E-016, 5.90000000000000, 0.500000000000000 ) );
#9191 = VECTOR( '', #11021, 1000.00000000000 );
#9192 = AXIS2_PLACEMENT_3D( '', #11022, #11023, #11024 );
#9193 = AXIS2_PLACEMENT_3D( '', #11025, #11026, #11027 );
#9194 = CARTESIAN_POINT( '', ( -8.15000000000000, 5.90000000000000, -1.95000000000000 ) );
#9195 = CARTESIAN_POINT( '', ( -8.05000000000000, 6.00000000000000, -1.95000000000000 ) );
#9196 = AXIS2_PLACEMENT_3D( '', #11028, #11029, #11030 );
#9197 = CARTESIAN_POINT( '', ( -8.15000000000000, 5.90000000000000, -1.95000000000000 ) );
#9198 = VECTOR( '', #11031, 1000.00000000000 );
#9199 = CARTESIAN_POINT( '', ( -8.05000000000000, 6.00000000000000, 0.500000000000000 ) );
#9200 = VECTOR( '', #11032, 1000.00000000000 );
#9201 = CARTESIAN_POINT( '', ( -4.05000000000000, -5.90000000000000, 0.400000000000000 ) );
#9202 = AXIS2_PLACEMENT_3D( '', #11033, #11034, #11035 );
#9203 = CARTESIAN_POINT( '', ( -4.05000000000000, -4.80546432034307, 0.400000000000000 ) );
#9204 = AXIS2_PLACEMENT_3D( '', #11036, #11037, #11038 );
#9205 = CARTESIAN_POINT( '', ( -4.05000000000000, -4.50000000000000, 0.400000000000000 ) );
#9206 = VECTOR( '', #11039, 1000.00000000000 );
#9207 = CARTESIAN_POINT( '', ( 5.95000000000000, -5.90000000000000, 0.400000000000000 ) );
#9208 = AXIS2_PLACEMENT_3D( '', #11040, #11041, #11042 );
#9209 = AXIS2_PLACEMENT_3D( '', #11043, #11044, #11045 );
#9210 = CARTESIAN_POINT( '', ( -4.15000000000000, -4.52639931874694, 0.480640499585569 ) );
#9211 = AXIS2_PLACEMENT_3D( '', #11046, #11047, #11048 );
#9212 = AXIS2_PLACEMENT_3D( '', #11049, #11050, #11051 );
#9213 = AXIS2_PLACEMENT_3D( '', #11052, #11053, #11054 );
#9214 = CARTESIAN_POINT( '', ( -4.15000000000000, -5.95913636636275, -0.570033335332687 ) );
#9215 = CARTESIAN_POINT( '', ( -4.05000000000000, -5.90000000000000, -0.402659498415081 ) );
#9216 = AXIS2_PLACEMENT_3D( '', #11055, #11056, #11057 );
#9217 = CARTESIAN_POINT( '', ( -4.05000000000000, -6.05913636636275, -0.519359500414432 ) );
#9218 = VECTOR( '', #11058, 1000.00000000000 );
#9219 = CARTESIAN_POINT( '', ( -4.15000000000000, -6.00000000000000, -0.600000000000000 ) );
#9220 = VECTOR( '', #11059, 1000.00000000000 );
#9221 = CARTESIAN_POINT( '', ( 3.35000000000000, -4.46726295238420, 0.500000000000000 ) );
#9222 = CARTESIAN_POINT( '', ( -3.45951294954821E-016, -4.46726295238420, 0.500000000000000 ) );
#9223 = VECTOR( '', #11060, 1000.00000000000 );
#9224 = CARTESIAN_POINT( '', ( 3.55000000000000, -4.80546432034307, 0.500000000000000 ) );
#9225 = AXIS2_PLACEMENT_3D( '', #11061, #11062, #11063 );
#9226 = CARTESIAN_POINT( '', ( 3.55000000000000, -5.65000000000000, 0.500000000000000 ) );
#9227 = VECTOR( '', #11064, 1000.00000000000 );
#9228 = CARTESIAN_POINT( '', ( 3.95000000000000, -4.80546432034307, 0.500000000000000 ) );
#9229 = CARTESIAN_POINT( '', ( 3.95000000000000, -5.65000000000000, 0.500000000000000 ) );
#9230 = VECTOR( '', #11065, 1000.00000000000 );
#9231 = CARTESIAN_POINT( '', ( 4.15000000000000, -4.46726295238420, 0.500000000000000 ) );
#9232 = AXIS2_PLACEMENT_3D( '', #11066, #11067, #11068 );
#9233 = CARTESIAN_POINT( '', ( 5.85000000000000, -4.46726295238420, 0.500000000000000 ) );
#9234 = CARTESIAN_POINT( '', ( -3.45951294954821E-016, -4.46726295238420, 0.500000000000000 ) );
#9235 = VECTOR( '', #11069, 1000.00000000000 );
#9236 = CARTESIAN_POINT( '', ( 6.05000000000000, -4.80546432034307, 0.500000000000000 ) );
#9237 = AXIS2_PLACEMENT_3D( '', #11070, #11071, #11072 );
#9238 = CARTESIAN_POINT( '', ( 6.05000000000000, -5.65000000000000, 0.500000000000000 ) );
#9239 = VECTOR( '', #11073, 1000.00000000000 );
#9240 = CARTESIAN_POINT( '', ( 5.65000000000000, -3.50000000000000, 0.500000000000000 ) );
#9241 = CARTESIAN_POINT( '', ( 8.15000000000000, -3.50000000000000, 0.500000000000000 ) );
#9242 = VECTOR( '', #11074, 1000.00000000000 );
#9243 = CARTESIAN_POINT( '', ( 5.65000000000000, 3.50000000000000, 0.500000000000000 ) );
#9244 = CARTESIAN_POINT( '', ( 5.65000000000000, -3.50000000000000, 0.500000000000000 ) );
#9245 = VECTOR( '', #11075, 1000.00000000000 );
#9246 = CARTESIAN_POINT( '', ( 8.15000000000000, 3.50000000000000, 0.500000000000000 ) );
#9247 = VECTOR( '', #11076, 1000.00000000000 );
#9248 = CARTESIAN_POINT( '', ( 6.05000000000000, 5.90000000000000, 0.500000000000000 ) );
#9249 = CARTESIAN_POINT( '', ( -3.45951294954821E-016, 5.90000000000000, 0.500000000000000 ) );
#9250 = VECTOR( '', #11077, 1000.00000000000 );
#9251 = CARTESIAN_POINT( '', ( 6.05000000000000, 4.80546432034307, 0.500000000000000 ) );
#9252 = CARTESIAN_POINT( '', ( 6.05000000000000, 4.50000000000000, 0.500000000000000 ) );
#9253 = VECTOR( '', #11078, 1000.00000000000 );
#9254 = CARTESIAN_POINT( '', ( 5.85000000000000, 4.46726295238420, 0.500000000000000 ) );
#9255 = AXIS2_PLACEMENT_3D( '', #11079, #11080, #11081 );
#9256 = CARTESIAN_POINT( '', ( 4.15000000000000, 4.46726295238420, 0.500000000000000 ) );
#9257 = CARTESIAN_POINT( '', ( 4.05000000000000, 4.46726295238420, 0.500000000000000 ) );
#9258 = VECTOR( '', #11082, 1000.00000000000 );
#9259 = CARTESIAN_POINT( '', ( 3.95000000000000, 4.80546432034307, 0.500000000000000 ) );
#9260 = AXIS2_PLACEMENT_3D( '', #11083, #11084, #11085 );
#9261 = CARTESIAN_POINT( '', ( 3.95000000000000, 5.90000000000000, 0.500000000000000 ) );
#9262 = VECTOR( '', #11086, 1000.00000000000 );
#9263 = CARTESIAN_POINT( '', ( 3.55000000000000, 4.80546432034307, 0.500000000000000 ) );
#9264 = CARTESIAN_POINT( '', ( 3.55000000000000, 4.50000000000000, 0.500000000000000 ) );
#9265 = VECTOR( '', #11087, 1000.00000000000 );
#9266 = CARTESIAN_POINT( '', ( 3.35000000000000, 4.46726295238420, 0.500000000000000 ) );
#9267 = AXIS2_PLACEMENT_3D( '', #11088, #11089, #11090 );
#9268 = CARTESIAN_POINT( '', ( 1.55000000000000, 4.46726295238420, 0.500000000000000 ) );
#9269 = VECTOR( '', #11091, 1000.00000000000 );
#9270 = CARTESIAN_POINT( '', ( -5.95000000000000, -4.80546432034307, 0.400000000000000 ) );
#9271 = AXIS2_PLACEMENT_3D( '', #11092, #11093, #11094 );
#9272 = CARTESIAN_POINT( '', ( -5.85000000000000, -4.52639931874694, 0.480640499585569 ) );
#9273 = AXIS2_PLACEMENT_3D( '', #11095, #11096, #11097 );
#9274 = AXIS2_PLACEMENT_3D( '', #11098, #11099, #11100 );
#9275 = AXIS2_PLACEMENT_3D( '', #11101, #11102, #11103 );
#9276 = CARTESIAN_POINT( '', ( -4.05000000000000, -5.90000000000000, -0.600000000000000 ) );
#9277 = VECTOR( '', #11104, 1000.00000000000 );
#9278 = AXIS2_PLACEMENT_3D( '', #11105, #11106, #11107 );
#9279 = CARTESIAN_POINT( '', ( -5.95000000000000, -5.90000000000000, -0.402659498415081 ) );
#9280 = CARTESIAN_POINT( '', ( -5.85000000000000, -5.95913636636275, -0.570033335332687 ) );
#9281 = AXIS2_PLACEMENT_3D( '', #11108, #11109, #11110 );
#9282 = CARTESIAN_POINT( '', ( -5.85000000000000, -6.00000000000000, -0.600000000000000 ) );
#9283 = VECTOR( '', #11111, 1000.00000000000 );
#9284 = CARTESIAN_POINT( '', ( -5.95000000000000, -5.08370284035119, 0.195958418660714 ) );
#9285 = VECTOR( '', #11112, 1000.00000000000 );
#9286 = CARTESIAN_POINT( '', ( -5.95000000000000, -5.90000000000000, 0.400000000000000 ) );
#9287 = AXIS2_PLACEMENT_3D( '', #11113, #11114, #11115 );
#9288 = CARTESIAN_POINT( '', ( -5.95000000000000, -5.90000000000000, 0.400000000000000 ) );
#9289 = VECTOR( '', #11116, 1000.00000000000 );
#9290 = AXIS2_PLACEMENT_3D( '', #11117, #11118, #11119 );
#9291 = CARTESIAN_POINT( '', ( -4.05000000000000, -5.95913636636275, -0.570033335332687 ) );
#9292 = VECTOR( '', #11120, 1000.00000000000 );
#9293 = AXIS2_PLACEMENT_3D( '', #11121, #11122, #11123 );
#9294 = AXIS2_PLACEMENT_3D( '', #11124, #11125, #11126 );
#9295 = AXIS2_PLACEMENT_3D( '', #11127, #11128, #11129 );
#9296 = CARTESIAN_POINT( '', ( -5.95000000000000, -5.90000000000000, -0.600000000000000 ) );
#9297 = VECTOR( '', #11130, 1000.00000000000 );
#9298 = CARTESIAN_POINT( '', ( 4.15000000000000, -4.52639931874694, 0.480640499585569 ) );
#9299 = AXIS2_PLACEMENT_3D( '', #11131, #11132, #11133 );
#9300 = CARTESIAN_POINT( '', ( 4.05000000000000, -4.80546432034307, 0.400000000000000 ) );
#9301 = AXIS2_PLACEMENT_3D( '', #11134, #11135, #11136 );
#9302 = AXIS2_PLACEMENT_3D( '', #11137, #11138, #11139 );
#9303 = CARTESIAN_POINT( '', ( 4.05000000000000, -5.90000000000000, -0.402659498415081 ) );
#9304 = AXIS2_PLACEMENT_3D( '', #11140, #11141, #11142 );
#9305 = CARTESIAN_POINT( '', ( 4.05000000000000, -5.90000000000000, 0.400000000000000 ) );
#9306 = CARTESIAN_POINT( '', ( 4.05000000000000, -5.90000000000000, -0.600000000000000 ) );
#9307 = VECTOR( '', #11143, 1000.00000000000 );
#9308 = AXIS2_PLACEMENT_3D( '', #11144, #11145, #11146 );
#9309 = CARTESIAN_POINT( '', ( 4.15000000000000, -5.95913636636275, -0.570033335332687 ) );
#9310 = AXIS2_PLACEMENT_3D( '', #11147, #11148, #11149 );
#9311 = AXIS2_PLACEMENT_3D( '', #11150, #11151, #11152 );
#9312 = CARTESIAN_POINT( '', ( 4.15000000000000, -6.00000000000000, -0.600000000000000 ) );
#9313 = VECTOR( '', #11153, 1000.00000000000 );
#9314 = CARTESIAN_POINT( '', ( 4.05000000000000, -4.55913636636275, 0.580640499585569 ) );
#9315 = VECTOR( '', #11154, 1000.00000000000 );
#9316 = CARTESIAN_POINT( '', ( 5.85000000000000, -4.52639931874694, 0.480640499585569 ) );
#9317 = AXIS2_PLACEMENT_3D( '', #11155, #11156, #11157 );
#9318 = CARTESIAN_POINT( '', ( 5.95000000000000, -4.52639931874694, 0.480640499585569 ) );
#9319 = VECTOR( '', #11158, 1000.00000000000 );
#9320 = CARTESIAN_POINT( '', ( 5.95000000000000, -4.80546432034307, 0.400000000000000 ) );
#9321 = AXIS2_PLACEMENT_3D( '', #11159, #11160, #11161 );
#9322 = AXIS2_PLACEMENT_3D( '', #11162, #11163, #11164 );
#9323 = CARTESIAN_POINT( '', ( 5.85000000000000, -5.95913636636275, -0.570033335332687 ) );
#9324 = AXIS2_PLACEMENT_3D( '', #11165, #11166, #11167 );
#9325 = CARTESIAN_POINT( '', ( 5.95000000000000, -5.95913636636275, -0.570033335332687 ) );
#9326 = VECTOR( '', #11168, 1000.00000000000 );
#9327 = CARTESIAN_POINT( '', ( 5.95000000000000, -5.90000000000000, -0.402659498415081 ) );
#9328 = AXIS2_PLACEMENT_3D( '', #11169, #11170, #11171 );
#9329 = AXIS2_PLACEMENT_3D( '', #11172, #11173, #11174 );
#9330 = CARTESIAN_POINT( '', ( 5.95000000000000, -6.05913636636275, -0.519359500414431 ) );
#9331 = VECTOR( '', #11175, 1000.00000000000 );
#9332 = CARTESIAN_POINT( '', ( 5.85000000000000, -4.50000000000000, 0.500000000000000 ) );
#9333 = VECTOR( '', #11176, 1000.00000000000 );
#9334 = CARTESIAN_POINT( '', ( 5.95000000000000, -4.50000000000000, 0.400000000000000 ) );
#9335 = VECTOR( '', #11177, 1000.00000000000 );
#9336 = CARTESIAN_POINT( '', ( 1.65000000000000, -4.52639931874694, 0.480640499585569 ) );
#9337 = CARTESIAN_POINT( '', ( 1.65000000000000, -4.46726295238420, 0.500000000000000 ) );
#9338 = AXIS2_PLACEMENT_3D( '', #11178, #11179, #11180 );
#9339 = CARTESIAN_POINT( '', ( 1.45000000000000, -4.80546432034307, 0.500000000000000 ) );
#9340 = AXIS2_PLACEMENT_3D( '', #11181, #11182, #11183 );
#9341 = CARTESIAN_POINT( '', ( 1.55000000000000, -4.80546432034307, 0.400000000000000 ) );
#9342 = AXIS2_PLACEMENT_3D( '', #11184, #11185, #11186 );
#9343 = AXIS2_PLACEMENT_3D( '', #11187, #11188, #11189 );
#9344 = CARTESIAN_POINT( '', ( 1.55000000000000, -5.90000000000000, -0.402659498415081 ) );
#9345 = AXIS2_PLACEMENT_3D( '', #11190, #11191, #11192 );
#9346 = CARTESIAN_POINT( '', ( 1.55000000000000, -5.90000000000000, 0.400000000000000 ) );
#9347 = CARTESIAN_POINT( '', ( 1.55000000000000, -5.90000000000000, -0.600000000000000 ) );
#9348 = VECTOR( '', #11193, 1000.00000000000 );
#9349 = AXIS2_PLACEMENT_3D( '', #11194, #11195, #11196 );
#9350 = CARTESIAN_POINT( '', ( 1.65000000000000, -5.95913636636275, -0.570033335332687 ) );
#9351 = AXIS2_PLACEMENT_3D( '', #11197, #11198, #11199 );
#9352 = AXIS2_PLACEMENT_3D( '', #11200, #11201, #11202 );
#9353 = CARTESIAN_POINT( '', ( 1.65000000000000, -6.00000000000000, -0.600000000000000 ) );
#9354 = VECTOR( '', #11203, 1000.00000000000 );
#9355 = CARTESIAN_POINT( '', ( 1.55000000000000, -4.55913636636275, 0.580640499585569 ) );
#9356 = VECTOR( '', #11204, 1000.00000000000 );
#9357 = CARTESIAN_POINT( '', ( 3.35000000000000, -4.52639931874694, 0.480640499585569 ) );
#9358 = AXIS2_PLACEMENT_3D( '', #11205, #11206, #11207 );
#9359 = CARTESIAN_POINT( '', ( -3.45951294954821E-016, -4.46726295238420, 0.500000000000000 ) );
#9360 = VECTOR( '', #11208, 1000.00000000000 );
#9361 = CARTESIAN_POINT( '', ( 5.95000000000000, -4.52639931874694, 0.480640499585569 ) );
#9362 = VECTOR( '', #11209, 1000.00000000000 );
#9363 = CARTESIAN_POINT( '', ( 3.45000000000000, -4.80546432034307, 0.400000000000000 ) );
#9364 = AXIS2_PLACEMENT_3D( '', #11210, #11211, #11212 );
#9365 = AXIS2_PLACEMENT_3D( '', #11213, #11214, #11215 );
#9366 = CARTESIAN_POINT( '', ( 3.35000000000000, -5.95913636636275, -0.570033335332687 ) );
#9367 = AXIS2_PLACEMENT_3D( '', #11216, #11217, #11218 );
#9368 = CARTESIAN_POINT( '', ( 3.45000000000000, -5.95913636636275, -0.570033335332687 ) );
#9369 = VECTOR( '', #11219, 1000.00000000000 );
#9370 = CARTESIAN_POINT( '', ( 3.45000000000000, -5.90000000000000, -0.402659498415081 ) );
#9371 = AXIS2_PLACEMENT_3D( '', #11220, #11221, #11222 );
#9372 = AXIS2_PLACEMENT_3D( '', #11223, #11224, #11225 );
#9373 = CARTESIAN_POINT( '', ( 3.45000000000000, -6.05913636636275, -0.519359500414432 ) );
#9374 = VECTOR( '', #11226, 1000.00000000000 );
#9375 = CARTESIAN_POINT( '', ( 3.35000000000000, -4.50000000000000, 0.500000000000000 ) );
#9376 = VECTOR( '', #11227, 1000.00000000000 );
#9377 = CARTESIAN_POINT( '', ( 3.45000000000000, -5.90000000000000, 0.400000000000000 ) );
#9378 = AXIS2_PLACEMENT_3D( '', #11228, #11229, #11230 );
#9379 = CARTESIAN_POINT( '', ( 3.45000000000000, -4.50000000000000, 0.400000000000000 ) );
#9380 = VECTOR( '', #11231, 1000.00000000000 );
#9381 = CARTESIAN_POINT( '', ( 0.850000000000000, -4.46726295238420, 0.500000000000000 ) );
#9382 = CARTESIAN_POINT( '', ( 0.850000000000000, -4.52639931874694, 0.480640499585569 ) );
#9383 = AXIS2_PLACEMENT_3D( '', #11232, #11233, #11234 );
#9384 = CARTESIAN_POINT( '', ( 0.950000000000000, -4.80546432034307, 0.400000000000000 ) );
#9385 = AXIS2_PLACEMENT_3D( '', #11235, #11236, #11237 );
#9386 = CARTESIAN_POINT( '', ( 1.05000000000000, -4.80546432034307, 0.500000000000000 ) );
#9387 = AXIS2_PLACEMENT_3D( '', #11238, #11239, #11240 );
#9388 = AXIS2_PLACEMENT_3D( '', #11241, #11242, #11243 );
#9389 = CARTESIAN_POINT( '', ( 0.950000000000000, -5.90000000000000, 0.400000000000000 ) );
#9390 = CARTESIAN_POINT( '', ( 1.05000000000000, -5.90000000000000, 0.500000000000000 ) );
#9391 = AXIS2_PLACEMENT_3D( '', #11244, #11245, #11246 );
#9392 = CARTESIAN_POINT( '', ( 1.05000000000000, -5.90000000000000, 0.500000000000000 ) );
#9393 = VECTOR( '', #11247, 1000.00000000000 );
#9394 = CARTESIAN_POINT( '', ( 1.05000000000000, -5.90000000000000, 0.500000000000000 ) );
#9395 = VECTOR( '', #11248, 1000.00000000000 );
#9396 = CARTESIAN_POINT( '', ( 0.950000000000000, -4.50000000000000, 0.400000000000000 ) );
#9397 = VECTOR( '', #11249, 1000.00000000000 );
#9398 = AXIS2_PLACEMENT_3D( '', #11250, #11251, #11252 );
#9399 = AXIS2_PLACEMENT_3D( '', #11253, #11254, #11255 );
#9400 = CARTESIAN_POINT( '', ( 0.850000000000000, -5.95913636636275, -0.570033335332687 ) );
#9401 = CARTESIAN_POINT( '', ( 0.950000000000000, -5.90000000000000, -0.402659498415081 ) );
#9402 = AXIS2_PLACEMENT_3D( '', #11256, #11257, #11258 );
#9403 = CARTESIAN_POINT( '', ( 0.950000000000000, -6.05913636636275, -0.519359500414432 ) );
#9404 = VECTOR( '', #11259, 1000.00000000000 );
#9405 = CARTESIAN_POINT( '', ( 0.850000000000000, -6.00000000000000, -0.600000000000000 ) );
#9406 = VECTOR( '', #11260, 1000.00000000000 );
#9407 = CARTESIAN_POINT( '', ( -0.850000000000000, -4.46726295238420, 0.500000000000000 ) );
#9408 = CARTESIAN_POINT( '', ( -0.850000000000000, -4.52639931874694, 0.480640499585569 ) );
#9409 = AXIS2_PLACEMENT_3D( '', #11261, #11262, #11263 );
#9410 = CARTESIAN_POINT( '', ( 5.95000000000000, -4.52639931874694, 0.480640499585569 ) );
#9411 = VECTOR( '', #11264, 1000.00000000000 );
#9412 = CARTESIAN_POINT( '', ( -3.45951294954821E-016, -4.46726295238420, 0.500000000000000 ) );
#9413 = VECTOR( '', #11265, 1000.00000000000 );
#9414 = AXIS2_PLACEMENT_3D( '', #11266, #11267, #11268 );
#9415 = CARTESIAN_POINT( '', ( 0.950000000000000, -5.90000000000000, -0.600000000000000 ) );
#9416 = VECTOR( '', #11269, 1000.00000000000 );
#9417 = AXIS2_PLACEMENT_3D( '', #11270, #11271, #11272 );
#9418 = CARTESIAN_POINT( '', ( -1.05000000000000, -4.80546432034307, 0.500000000000000 ) );
#9419 = CARTESIAN_POINT( '', ( -0.950000000000000, -4.80546432034307, 0.400000000000000 ) );
#9420 = AXIS2_PLACEMENT_3D( '', #11273, #11274, #11275 );
#9421 = AXIS2_PLACEMENT_3D( '', #11276, #11277, #11278 );
#9422 = AXIS2_PLACEMENT_3D( '', #11279, #11280, #11281 );
#9423 = CARTESIAN_POINT( '', ( -0.950000000000000, -5.90000000000000, 0.400000000000000 ) );
#9424 = AXIS2_PLACEMENT_3D( '', #11282, #11283, #11284 );
#9425 = CARTESIAN_POINT( '', ( -0.950000000000000, -5.90000000000000, 0.400000000000000 ) );
#9426 = VECTOR( '', #11285, 1000.00000000000 );
#9427 = CARTESIAN_POINT( '', ( -1.05000000000000, -4.50000000000000, 0.500000000000000 ) );
#9428 = VECTOR( '', #11286, 1000.00000000000 );
#9429 = CARTESIAN_POINT( '', ( -1.05000000000000, -4.50000000000000, 0.500000000000000 ) );
#9430 = VECTOR( '', #11287, 1000.00000000000 );
#9431 = CARTESIAN_POINT( '', ( -0.950000000000000, -5.90000000000000, -0.402659498415081 ) );
#9432 = CARTESIAN_POINT( '', ( -0.850000000000000, -5.95913636636275, -0.570033335332687 ) );
#9433 = AXIS2_PLACEMENT_3D( '', #11288, #11289, #11290 );
#9434 = CARTESIAN_POINT( '', ( -0.850000000000000, -6.00000000000000, -0.600000000000000 ) );
#9435 = VECTOR( '', #11291, 1000.00000000000 );
#9436 = CARTESIAN_POINT( '', ( -0.950000000000000, -5.08370284035119, 0.195958418660715 ) );
#9437 = VECTOR( '', #11292, 1000.00000000000 );
#9438 = AXIS2_PLACEMENT_3D( '', #11293, #11294, #11295 );
#9439 = AXIS2_PLACEMENT_3D( '', #11296, #11297, #11298 );
#9440 = AXIS2_PLACEMENT_3D( '', #11299, #11300, #11301 );
#9441 = CARTESIAN_POINT( '', ( -0.950000000000000, -5.90000000000000, -0.600000000000000 ) );
#9442 = VECTOR( '', #11302, 1000.00000000000 );
#9443 = CARTESIAN_POINT( '', ( 1.45000000000000, -5.90000000000000, 0.500000000000000 ) );
#9444 = AXIS2_PLACEMENT_3D( '', #11303, #11304, #11305 );
#9445 = AXIS2_PLACEMENT_3D( '', #11306, #11307, #11308 );
#9446 = AXIS2_PLACEMENT_3D( '', #11309, #11310, #11311 );
#9447 = AXIS2_PLACEMENT_3D( '', #11312, #11313, #11314 );
#9448 = CARTESIAN_POINT( '', ( -5.95000000000000, 5.90000000000000, 0.400000000000000 ) );
#9449 = AXIS2_PLACEMENT_3D( '', #11315, #11316, #11317 );
#9450 = AXIS2_PLACEMENT_3D( '', #11318, #11319, #11320 );
#9451 = AXIS2_PLACEMENT_3D( '', #11321, #11322, #11323 );
#9452 = AXIS2_PLACEMENT_3D( '', #11324, #11325, #11326 );
#9453 = CARTESIAN_POINT( '', ( -3.35000000000000, -5.95913636636275, -0.570033335332687 ) );
#9454 = AXIS2_PLACEMENT_3D( '', #11327, #11328, #11329 );
#9455 = AXIS2_PLACEMENT_3D( '', #11330, #11331, #11332 );
#9456 = CARTESIAN_POINT( '', ( -3.35000000000000, -4.52639931874694, 0.480640499585569 ) );
#9457 = AXIS2_PLACEMENT_3D( '', #11333, #11334, #11335 );
#9458 = AXIS2_PLACEMENT_3D( '', #11336, #11337, #11338 );
#9459 = CARTESIAN_POINT( '', ( -3.35000000000000, -6.00000000000000, -0.600000000000000 ) );
#9460 = VECTOR( '', #11339, 1000.00000000000 );
#9461 = CARTESIAN_POINT( '', ( -1.65000000000000, -5.95913636636275, -0.570033335332687 ) );
#9462 = AXIS2_PLACEMENT_3D( '', #11340, #11341, #11342 );
#9463 = CARTESIAN_POINT( '', ( -1.55000000000000, -5.95913636636275, -0.570033335332687 ) );
#9464 = VECTOR( '', #11343, 1000.00000000000 );
#9465 = CARTESIAN_POINT( '', ( -1.65000000000000, -4.52639931874694, 0.480640499585569 ) );
#9466 = CARTESIAN_POINT( '', ( -1.65000000000000, -4.46726295238420, 0.500000000000000 ) );
#9467 = AXIS2_PLACEMENT_3D( '', #11344, #11345, #11346 );
#9468 = CARTESIAN_POINT( '', ( 5.95000000000000, -4.46726295238420, 0.500000000000000 ) );
#9469 = VECTOR( '', #11347, 1000.00000000000 );
#9470 = CARTESIAN_POINT( '', ( 5.95000000000000, -4.52639931874694, 0.480640499585569 ) );
#9471 = VECTOR( '', #11348, 1000.00000000000 );
#9472 = CARTESIAN_POINT( '', ( -1.55000000000000, -5.90000000000000, -0.402659498415081 ) );
#9473 = AXIS2_PLACEMENT_3D( '', #11349, #11350, #11351 );
#9474 = AXIS2_PLACEMENT_3D( '', #11352, #11353, #11354 );
#9475 = CARTESIAN_POINT( '', ( -1.55000000000000, -4.80546432034307, 0.400000000000000 ) );
#9476 = CARTESIAN_POINT( '', ( -1.45000000000000, -4.80546432034307, 0.500000000000000 ) );
#9477 = AXIS2_PLACEMENT_3D( '', #11355, #11356, #11357 );
#9478 = AXIS2_PLACEMENT_3D( '', #11358, #11359, #11360 );
#9479 = AXIS2_PLACEMENT_3D( '', #11361, #11362, #11363 );
#9480 = CARTESIAN_POINT( '', ( -1.55000000000000, -6.05913636636275, -0.519359500414432 ) );
#9481 = VECTOR( '', #11364, 1000.00000000000 );
#9482 = CARTESIAN_POINT( '', ( -1.65000000000000, -6.00000000000000, -0.600000000000000 ) );
#9483 = VECTOR( '', #11365, 1000.00000000000 );
#9484 = CARTESIAN_POINT( '', ( -1.55000000000000, -5.90000000000000, 0.400000000000000 ) );
#9485 = AXIS2_PLACEMENT_3D( '', #11366, #11367, #11368 );
#9486 = CARTESIAN_POINT( '', ( -1.55000000000000, -5.90000000000000, -0.600000000000000 ) );
#9487 = VECTOR( '', #11369, 1000.00000000000 );
#9488 = AXIS2_PLACEMENT_3D( '', #11370, #11371, #11372 );
#9489 = CARTESIAN_POINT( '', ( -1.45000000000000, -5.90000000000000, 0.500000000000000 ) );
#9490 = VECTOR( '', #11373, 1000.00000000000 );
#9491 = CARTESIAN_POINT( '', ( -1.45000000000000, -5.90000000000000, 0.500000000000000 ) );
#9492 = VECTOR( '', #11374, 1000.00000000000 );
#9493 = CARTESIAN_POINT( '', ( -1.55000000000000, -4.50000000000000, 0.400000000000000 ) );
#9494 = VECTOR( '', #11375, 1000.00000000000 );
#9495 = CARTESIAN_POINT( '', ( -4.05000000000000, 5.90000000000000, 0.400000000000000 ) );
#9496 = AXIS2_PLACEMENT_3D( '', #11376, #11377, #11378 );
#9497 = AXIS2_PLACEMENT_3D( '', #11379, #11380, #11381 );
#9498 = CARTESIAN_POINT( '', ( 6.05000000000000, 6.00000000000000, 0.400000000000000 ) );
#9499 = CARTESIAN_POINT( '', ( 5.95000000000000, 5.90000000000000, 0.400000000000000 ) );
#9500 = AXIS2_PLACEMENT_3D( '', #11382, #11383, #11384 );
#9501 = CARTESIAN_POINT( '', ( 6.05000000000000, 6.00000000000000, -0.402659498415081 ) );
#9502 = CARTESIAN_POINT( '', ( 6.05000000000000, 6.00000000000000, 0.400000000000000 ) );
#9503 = VECTOR( '', #11385, 1000.00000000000 );
#9504 = CARTESIAN_POINT( '', ( 5.95000000000000, 5.90000000000000, -0.402659498415081 ) );
#9505 = AXIS2_PLACEMENT_3D( '', #11386, #11387, #11388 );
#9506 = CARTESIAN_POINT( '', ( 5.95000000000000, 5.90000000000000, -0.600000000000000 ) );
#9507 = VECTOR( '', #11389, 1000.00000000000 );
#9508 = CARTESIAN_POINT( '', ( -4.05000000000000, 4.80546432034307, 0.400000000000000 ) );
#9509 = AXIS2_PLACEMENT_3D( '', #11390, #11391, #11392 );
#9510 = CARTESIAN_POINT( '', ( -4.05000000000000, 6.00000000000000, 0.400000000000000 ) );
#9511 = VECTOR( '', #11393, 1000.00000000000 );
#9512 = CARTESIAN_POINT( '', ( -3.95000000000000, 6.00000000000000, -0.402659498415081 ) );
#9513 = CARTESIAN_POINT( '', ( -4.05000000000000, 5.90000000000000, -0.402659498415081 ) );
#9514 = AXIS2_PLACEMENT_3D( '', #11394, #11395, #11396 );
#9515 = CARTESIAN_POINT( '', ( -4.05000000000000, 5.90000000000000, -0.600000000000000 ) );
#9516 = VECTOR( '', #11397, 1000.00000000000 );
#9517 = CARTESIAN_POINT( '', ( -3.95000000000000, 6.00000000000000, 0.500000000000000 ) );
#9518 = VECTOR( '', #11398, 1000.00000000000 );
#9519 = CARTESIAN_POINT( '', ( -4.15000000000000, 4.52639931874694, 0.480640499585569 ) );
#9520 = AXIS2_PLACEMENT_3D( '', #11399, #11400, #11401 );
#9521 = AXIS2_PLACEMENT_3D( '', #11402, #11403, #11404 );
#9522 = CARTESIAN_POINT( '', ( -4.15000000000000, 6.00000000000000, -0.650673834918257 ) );
#9523 = CARTESIAN_POINT( '', ( -4.15000000000000, 5.95913636636275, -0.570033335332687 ) );
#9524 = AXIS2_PLACEMENT_3D( '', #11405, #11406, #11407 );
#9525 = AXIS2_PLACEMENT_3D( '', #11408, #11409, #11410 );
#9526 = AXIS2_PLACEMENT_3D( '', #11411, #11412, #11413 );
#9527 = CARTESIAN_POINT( '', ( -4.15000000000000, 6.00000000000000, -0.600000000000000 ) );
#9528 = VECTOR( '', #11414, 1000.00000000000 );
#9529 = CARTESIAN_POINT( '', ( -4.05000000000000, 6.05913636636275, -0.519359500414432 ) );
#9530 = VECTOR( '', #11415, 1000.00000000000 );
#9531 = CARTESIAN_POINT( '', ( -5.85000000000000, 4.52639931874694, 0.480640499585569 ) );
#9532 = AXIS2_PLACEMENT_3D( '', #11416, #11417, #11418 );
#9533 = CARTESIAN_POINT( '', ( -4.05000000000000, 4.52639931874694, 0.480640499585569 ) );
#9534 = VECTOR( '', #11419, 1000.00000000000 );
#9535 = CARTESIAN_POINT( '', ( -3.55000000000000, 6.00000000000000, -0.402659498415081 ) );
#9536 = CARTESIAN_POINT( '', ( -3.55000000000000, 6.00000000000000, 0.500000000000000 ) );
#9537 = VECTOR( '', #11420, 1000.00000000000 );
#9538 = CARTESIAN_POINT( '', ( -3.35000000000000, 6.00000000000000, -0.650673834918257 ) );
#9539 = AXIS2_PLACEMENT_3D( '', #11421, #11422, #11423 );
#9540 = CARTESIAN_POINT( '', ( -1.65000000000000, 6.00000000000000, -0.650673834918257 ) );
#9541 = CARTESIAN_POINT( '', ( -1.55000000000000, 6.00000000000000, -0.650673834918257 ) );
#9542 = VECTOR( '', #11424, 1000.00000000000 );
#9543 = CARTESIAN_POINT( '', ( -1.45000000000000, 6.00000000000000, -0.402659498415081 ) );
#9544 = AXIS2_PLACEMENT_3D( '', #11425, #11426, #11427 );
#9545 = CARTESIAN_POINT( '', ( -1.45000000000000, 6.00000000000000, 0.500000000000000 ) );
#9546 = VECTOR( '', #11428, 1000.00000000000 );
#9547 = CARTESIAN_POINT( '', ( -1.05000000000000, 6.00000000000000, -0.402659498415081 ) );
#9548 = CARTESIAN_POINT( '', ( -1.05000000000000, 6.00000000000000, 0.500000000000000 ) );
#9549 = VECTOR( '', #11429, 1000.00000000000 );
#9550 = CARTESIAN_POINT( '', ( -0.850000000000000, 6.00000000000000, -0.650673834918257 ) );
#9551 = AXIS2_PLACEMENT_3D( '', #11430, #11431, #11432 );
#9552 = CARTESIAN_POINT( '', ( 0.850000000000000, 6.00000000000000, -0.650673834918257 ) );
#9553 = CARTESIAN_POINT( '', ( 0.950000000000000, 6.00000000000000, -0.650673834918257 ) );
#9554 = VECTOR( '', #11433, 1000.00000000000 );
#9555 = CARTESIAN_POINT( '', ( 1.05000000000000, 6.00000000000000, -0.402659498415081 ) );
#9556 = AXIS2_PLACEMENT_3D( '', #11434, #11435, #11436 );
#9557 = CARTESIAN_POINT( '', ( 1.05000000000000, 6.00000000000000, 0.500000000000000 ) );
#9558 = VECTOR( '', #11437, 1000.00000000000 );
#9559 = CARTESIAN_POINT( '', ( 1.45000000000000, 6.00000000000000, -0.402659498415081 ) );
#9560 = CARTESIAN_POINT( '', ( 1.45000000000000, 6.00000000000000, -0.600000000000000 ) );
#9561 = VECTOR( '', #11438, 1000.00000000000 );
#9562 = CARTESIAN_POINT( '', ( 1.65000000000000, 6.00000000000000, -0.650673834918257 ) );
#9563 = AXIS2_PLACEMENT_3D( '', #11439, #11440, #11441 );
#9564 = CARTESIAN_POINT( '', ( 3.35000000000000, 6.00000000000000, -0.650673834918257 ) );
#9565 = CARTESIAN_POINT( '', ( 3.45000000000000, 6.00000000000000, -0.650673834918257 ) );
#9566 = VECTOR( '', #11442, 1000.00000000000 );
#9567 = CARTESIAN_POINT( '', ( 3.55000000000000, 6.00000000000000, -0.402659498415081 ) );
#9568 = AXIS2_PLACEMENT_3D( '', #11443, #11444, #11445 );
#9569 = CARTESIAN_POINT( '', ( 3.55000000000000, 6.00000000000000, 0.400000000000000 ) );
#9570 = VECTOR( '', #11446, 1000.00000000000 );
#9571 = CARTESIAN_POINT( '', ( 3.95000000000000, 6.00000000000000, -0.402659498415081 ) );
#9572 = CARTESIAN_POINT( '', ( 3.95000000000000, 6.00000000000000, -0.600000000000000 ) );
#9573 = VECTOR( '', #11447, 1000.00000000000 );
#9574 = CARTESIAN_POINT( '', ( 4.15000000000000, 6.00000000000000, -0.650673834918257 ) );
#9575 = AXIS2_PLACEMENT_3D( '', #11448, #11449, #11450 );
#9576 = CARTESIAN_POINT( '', ( 5.85000000000000, 6.00000000000000, -0.650673834918257 ) );
#9577 = CARTESIAN_POINT( '', ( 5.95000000000000, 6.00000000000000, -0.650673834918257 ) );
#9578 = VECTOR( '', #11451, 1000.00000000000 );
#9579 = AXIS2_PLACEMENT_3D( '', #11452, #11453, #11454 );
#9580 = CARTESIAN_POINT( '', ( 8.15000000000000, 6.00000000000000, 0.400000000000000 ) );
#9581 = VECTOR( '', #11455, 1000.00000000000 );
#9582 = CARTESIAN_POINT( '', ( 8.15000000000000, 6.00000000000000, -1.95000000000000 ) );
#9583 = VECTOR( '', #11456, 1000.00000000000 );
#9584 = CARTESIAN_POINT( '', ( -6.05000000000000, 6.00000000000000, -0.402659498415081 ) );
#9585 = CARTESIAN_POINT( '', ( -6.05000000000000, 6.00000000000000, 0.500000000000000 ) );
#9586 = VECTOR( '', #11457, 1000.00000000000 );
#9587 = CARTESIAN_POINT( '', ( -5.85000000000000, 6.00000000000000, -0.650673834918257 ) );
#9588 = AXIS2_PLACEMENT_3D( '', #11458, #11459, #11460 );
#9589 = CARTESIAN_POINT( '', ( -4.05000000000000, 6.00000000000000, -0.650673834918257 ) );
#9590 = VECTOR( '', #11461, 1000.00000000000 );
#9591 = CARTESIAN_POINT( '', ( -0.900000000000000, 6.00000000000000, -0.725000000000000 ) );
#9592 = CARTESIAN_POINT( '', ( -1.60000000000000, 6.00000000000000, -0.725000000000000 ) );
#9593 = CARTESIAN_POINT( '', ( -1.60000000000000, 6.00000000000000, -0.725000000000000 ) );
#9594 = VECTOR( '', #11462, 1000.00000000000 );
#9595 = CARTESIAN_POINT( '', ( -1.60000000000000, 6.00000000000000, -1.07500000000000 ) );
#9596 = CARTESIAN_POINT( '', ( -1.60000000000000, 6.00000000000000, -1.07500000000000 ) );
#9597 = VECTOR( '', #11463, 1000.00000000000 );
#9598 = CARTESIAN_POINT( '', ( -0.900000000000000, 6.00000000000000, -1.07500000000000 ) );
#9599 = CARTESIAN_POINT( '', ( -0.900000000000000, 6.00000000000000, -1.07500000000000 ) );
#9600 = VECTOR( '', #11464, 1000.00000000000 );
#9601 = CARTESIAN_POINT( '', ( -0.900000000000000, 6.00000000000000, -0.725000000000000 ) );
#9602 = VECTOR( '', #11465, 1000.00000000000 );
#9603 = CARTESIAN_POINT( '', ( -5.90000000000000, 6.00000000000000, -0.725000000000000 ) );
#9604 = CARTESIAN_POINT( '', ( -6.60000000000000, 6.00000000000000, -0.725000000000000 ) );
#9605 = CARTESIAN_POINT( '', ( -6.60000000000000, 6.00000000000000, -0.725000000000000 ) );
#9606 = VECTOR( '', #11466, 1000.00000000000 );
#9607 = CARTESIAN_POINT( '', ( -6.60000000000000, 6.00000000000000, -1.07500000000000 ) );
#9608 = CARTESIAN_POINT( '', ( -6.60000000000000, 6.00000000000000, -1.07500000000000 ) );
#9609 = VECTOR( '', #11467, 1000.00000000000 );
#9610 = CARTESIAN_POINT( '', ( -5.90000000000000, 6.00000000000000, -1.07500000000000 ) );
#9611 = CARTESIAN_POINT( '', ( -5.90000000000000, 6.00000000000000, -1.07500000000000 ) );
#9612 = VECTOR( '', #11468, 1000.00000000000 );
#9613 = CARTESIAN_POINT( '', ( -5.90000000000000, 6.00000000000000, -0.725000000000000 ) );
#9614 = VECTOR( '', #11469, 1000.00000000000 );
#9615 = CARTESIAN_POINT( '', ( -3.40000000000000, 6.00000000000000, -0.725000000000000 ) );
#9616 = CARTESIAN_POINT( '', ( -4.10000000000000, 6.00000000000000, -0.725000000000000 ) );
#9617 = CARTESIAN_POINT( '', ( -4.10000000000000, 6.00000000000000, -0.725000000000000 ) );
#9618 = VECTOR( '', #11470, 1000.00000000000 );
#9619 = CARTESIAN_POINT( '', ( -4.10000000000000, 6.00000000000000, -1.07500000000000 ) );
#9620 = CARTESIAN_POINT( '', ( -4.10000000000000, 6.00000000000000, -1.07500000000000 ) );
#9621 = VECTOR( '', #11471, 1000.00000000000 );
#9622 = CARTESIAN_POINT( '', ( -3.40000000000000, 6.00000000000000, -1.07500000000000 ) );
#9623 = CARTESIAN_POINT( '', ( -3.40000000000000, 6.00000000000000, -1.07500000000000 ) );
#9624 = VECTOR( '', #11472, 1000.00000000000 );
#9625 = CARTESIAN_POINT( '', ( -3.40000000000000, 6.00000000000000, -0.725000000000000 ) );
#9626 = VECTOR( '', #11473, 1000.00000000000 );
#9627 = CARTESIAN_POINT( '', ( 1.60000000000000, 6.00000000000000, -0.725000000000000 ) );
#9628 = CARTESIAN_POINT( '', ( 1.60000000000000, 6.00000000000000, -1.07500000000000 ) );
#9629 = CARTESIAN_POINT( '', ( 1.60000000000000, 6.00000000000000, -1.07500000000000 ) );
#9630 = VECTOR( '', #11474, 1000.00000000000 );
#9631 = CARTESIAN_POINT( '', ( 0.900000000000000, 6.00000000000000, -0.725000000000000 ) );
#9632 = CARTESIAN_POINT( '', ( 1.60000000000000, 6.00000000000000, -0.725000000000000 ) );
#9633 = VECTOR( '', #11475, 1000.00000000000 );
#9634 = CARTESIAN_POINT( '', ( 0.900000000000000, 6.00000000000000, -1.07500000000000 ) );
#9635 = CARTESIAN_POINT( '', ( 0.900000000000000, 6.00000000000000, -0.725000000000000 ) );
#9636 = VECTOR( '', #11476, 1000.00000000000 );
#9637 = CARTESIAN_POINT( '', ( 0.900000000000000, 6.00000000000000, -1.07500000000000 ) );
#9638 = VECTOR( '', #11477, 1000.00000000000 );
#9639 = CARTESIAN_POINT( '', ( 4.10000000000000, 6.00000000000000, -0.725000000000000 ) );
#9640 = CARTESIAN_POINT( '', ( 4.10000000000000, 6.00000000000000, -1.07500000000000 ) );
#9641 = CARTESIAN_POINT( '', ( 4.10000000000000, 6.00000000000000, -1.07500000000000 ) );
#9642 = VECTOR( '', #11478, 1000.00000000000 );
#9643 = CARTESIAN_POINT( '', ( 3.40000000000000, 6.00000000000000, -0.725000000000000 ) );
#9644 = CARTESIAN_POINT( '', ( 4.10000000000000, 6.00000000000000, -0.725000000000000 ) );
#9645 = VECTOR( '', #11479, 1000.00000000000 );
#9646 = CARTESIAN_POINT( '', ( 3.40000000000000, 6.00000000000000, -1.07500000000000 ) );
#9647 = CARTESIAN_POINT( '', ( 3.40000000000000, 6.00000000000000, -0.725000000000000 ) );
#9648 = VECTOR( '', #11480, 1000.00000000000 );
#9649 = CARTESIAN_POINT( '', ( 3.40000000000000, 6.00000000000000, -1.07500000000000 ) );
#9650 = VECTOR( '', #11481, 1000.00000000000 );
#9651 = CARTESIAN_POINT( '', ( 6.60000000000000, 6.00000000000000, -0.725000000000000 ) );
#9652 = CARTESIAN_POINT( '', ( 6.60000000000000, 6.00000000000000, -1.07500000000000 ) );
#9653 = CARTESIAN_POINT( '', ( 6.60000000000000, 6.00000000000000, -1.07500000000000 ) );
#9654 = VECTOR( '', #11482, 1000.00000000000 );
#9655 = CARTESIAN_POINT( '', ( 5.90000000000000, 6.00000000000000, -0.725000000000000 ) );
#9656 = CARTESIAN_POINT( '', ( 6.60000000000000, 6.00000000000000, -0.725000000000000 ) );
#9657 = VECTOR( '', #11483, 1000.00000000000 );
#9658 = CARTESIAN_POINT( '', ( 5.90000000000000, 6.00000000000000, -1.07500000000000 ) );
#9659 = CARTESIAN_POINT( '', ( 5.90000000000000, 6.00000000000000, -0.725000000000000 ) );
#9660 = VECTOR( '', #11484, 1000.00000000000 );
#9661 = CARTESIAN_POINT( '', ( 5.90000000000000, 6.00000000000000, -1.07500000000000 ) );
#9662 = VECTOR( '', #11485, 1000.00000000000 );
#9663 = CARTESIAN_POINT( '', ( 8.15000000000000, 3.50000000000000, -1.95000000000000 ) );
#9664 = CARTESIAN_POINT( '', ( 8.15000000000000, 6.00000000000000, -1.95000000000000 ) );
#9665 = VECTOR( '', #11486, 1000.00000000000 );
#9666 = CARTESIAN_POINT( '', ( -8.15000000000000, 3.50000000000000, -1.95000000000000 ) );
#9667 = CARTESIAN_POINT( '', ( 8.15000000000000, 3.50000000000000, -1.95000000000000 ) );
#9668 = VECTOR( '', #11487, 1000.00000000000 );
#9669 = CARTESIAN_POINT( '', ( -8.15000000000000, 6.00000000000000, -1.95000000000000 ) );
#9670 = VECTOR( '', #11488, 1000.00000000000 );
#9671 = CARTESIAN_POINT( '', ( -5.95000000000000, 5.90000000000000, -0.402659498415081 ) );
#9672 = AXIS2_PLACEMENT_3D( '', #11489, #11490, #11491 );
#9673 = CARTESIAN_POINT( '', ( -5.85000000000000, 5.95913636636275, -0.570033335332687 ) );
#9674 = AXIS2_PLACEMENT_3D( '', #11492, #11493, #11494 );
#9675 = AXIS2_PLACEMENT_3D( '', #11495, #11496, #11497 );
#9676 = CARTESIAN_POINT( '', ( 4.15000000000000, 5.95913636636275, -0.570033335332687 ) );
#9677 = AXIS2_PLACEMENT_3D( '', #11498, #11499, #11500 );
#9678 = CARTESIAN_POINT( '', ( 4.05000000000000, 5.90000000000000, -0.402659498415081 ) );
#9679 = AXIS2_PLACEMENT_3D( '', #11501, #11502, #11503 );
#9680 = AXIS2_PLACEMENT_3D( '', #11504, #11505, #11506 );
#9681 = CARTESIAN_POINT( '', ( 5.85000000000000, 5.95913636636275, -0.570033335332687 ) );
#9682 = AXIS2_PLACEMENT_3D( '', #11507, #11508, #11509 );
#9683 = AXIS2_PLACEMENT_3D( '', #11510, #11511, #11512 );
#9684 = CARTESIAN_POINT( '', ( 1.65000000000000, 5.95913636636275, -0.570033335332687 ) );
#9685 = AXIS2_PLACEMENT_3D( '', #11513, #11514, #11515 );
#9686 = CARTESIAN_POINT( '', ( 1.55000000000000, 5.90000000000000, -0.402659498415081 ) );
#9687 = AXIS2_PLACEMENT_3D( '', #11516, #11517, #11518 );
#9688 = AXIS2_PLACEMENT_3D( '', #11519, #11520, #11521 );
#9689 = CARTESIAN_POINT( '', ( 3.45000000000000, 5.90000000000000, -0.402659498415081 ) );
#9690 = AXIS2_PLACEMENT_3D( '', #11522, #11523, #11524 );
#9691 = CARTESIAN_POINT( '', ( 3.35000000000000, 5.95913636636275, -0.570033335332687 ) );
#9692 = AXIS2_PLACEMENT_3D( '', #11525, #11526, #11527 );
#9693 = AXIS2_PLACEMENT_3D( '', #11528, #11529, #11530 );
#9694 = CARTESIAN_POINT( '', ( 0.850000000000000, 5.95913636636275, -0.570033335332687 ) );
#9695 = AXIS2_PLACEMENT_3D( '', #11531, #11532, #11533 );
#9696 = CARTESIAN_POINT( '', ( 0.950000000000000, 5.90000000000000, -0.402659498415081 ) );
#9697 = AXIS2_PLACEMENT_3D( '', #11534, #11535, #11536 );
#9698 = AXIS2_PLACEMENT_3D( '', #11537, #11538, #11539 );
#9699 = CARTESIAN_POINT( '', ( -0.950000000000000, 5.90000000000000, -0.402659498415081 ) );
#9700 = AXIS2_PLACEMENT_3D( '', #11540, #11541, #11542 );
#9701 = CARTESIAN_POINT( '', ( -0.850000000000000, 5.95913636636275, -0.570033335332687 ) );
#9702 = AXIS2_PLACEMENT_3D( '', #11543, #11544, #11545 );
#9703 = AXIS2_PLACEMENT_3D( '', #11546, #11547, #11548 );
#9704 = CARTESIAN_POINT( '', ( -3.35000000000000, 5.95913636636275, -0.570033335332687 ) );
#9705 = AXIS2_PLACEMENT_3D( '', #11549, #11550, #11551 );
#9706 = CARTESIAN_POINT( '', ( -3.45000000000000, 5.90000000000000, -0.402659498415081 ) );
#9707 = AXIS2_PLACEMENT_3D( '', #11552, #11553, #11554 );
#9708 = AXIS2_PLACEMENT_3D( '', #11555, #11556, #11557 );
#9709 = CARTESIAN_POINT( '', ( -3.45000000000000, 4.80546432034307, 0.400000000000000 ) );
#9710 = AXIS2_PLACEMENT_3D( '', #11558, #11559, #11560 );
#9711 = CARTESIAN_POINT( '', ( -3.45000000000000, 5.90000000000000, 0.400000000000000 ) );
#9712 = CARTESIAN_POINT( '', ( -3.45000000000000, 4.50000000000000, 0.400000000000000 ) );
#9713 = VECTOR( '', #11561, 1000.00000000000 );
#9714 = AXIS2_PLACEMENT_3D( '', #11562, #11563, #11564 );
#9715 = AXIS2_PLACEMENT_3D( '', #11565, #11566, #11567 );
#9716 = CARTESIAN_POINT( '', ( -3.35000000000000, 6.00000000000000, -0.600000000000000 ) );
#9717 = VECTOR( '', #11568, 1000.00000000000 );
#9718 = CARTESIAN_POINT( '', ( -3.45000000000000, 5.08370284035119, 0.195958418660715 ) );
#9719 = VECTOR( '', #11569, 1000.00000000000 );
#9720 = CARTESIAN_POINT( '', ( -1.65000000000000, 5.95913636636275, -0.570033335332687 ) );
#9721 = AXIS2_PLACEMENT_3D( '', #11570, #11571, #11572 );
#9722 = CARTESIAN_POINT( '', ( -3.45000000000000, 5.95913636636275, -0.570033335332687 ) );
#9723 = VECTOR( '', #11573, 1000.00000000000 );
#9724 = CARTESIAN_POINT( '', ( -1.55000000000000, 5.90000000000000, -0.402659498415081 ) );
#9725 = AXIS2_PLACEMENT_3D( '', #11574, #11575, #11576 );
#9726 = AXIS2_PLACEMENT_3D( '', #11577, #11578, #11579 );
#9727 = CARTESIAN_POINT( '', ( -1.55000000000000, 4.80546432034307, 0.400000000000000 ) );
#9728 = AXIS2_PLACEMENT_3D( '', #11580, #11581, #11582 );
#9729 = AXIS2_PLACEMENT_3D( '', #11583, #11584, #11585 );
#9730 = CARTESIAN_POINT( '', ( -1.55000000000000, 6.05913636636275, -0.519359500414432 ) );
#9731 = VECTOR( '', #11586, 1000.00000000000 );
#9732 = CARTESIAN_POINT( '', ( -1.65000000000000, 6.00000000000000, -0.600000000000000 ) );
#9733 = VECTOR( '', #11587, 1000.00000000000 );
#9734 = CARTESIAN_POINT( '', ( -1.55000000000000, 5.90000000000000, -0.600000000000000 ) );
#9735 = VECTOR( '', #11588, 1000.00000000000 );
#9736 = CARTESIAN_POINT( '', ( -1.55000000000000, 6.00000000000000, 0.400000000000000 ) );
#9737 = VECTOR( '', #11589, 1000.00000000000 );
#9738 = CARTESIAN_POINT( '', ( -1.45000000000000, -5.65000000000000, 0.500000000000000 ) );
#9739 = VECTOR( '', #11590, 1000.00000000000 );
#9740 = CARTESIAN_POINT( '', ( 0.950000000000000, 5.90000000000000, 0.400000000000000 ) );
#9741 = AXIS2_PLACEMENT_3D( '', #11591, #11592, #11593 );
#9742 = AXIS2_PLACEMENT_3D( '', #11594, #11595, #11596 );
#9743 = CARTESIAN_POINT( '', ( -1.04999999999999, -5.65000000000000, 0.500000000000000 ) );
#9744 = VECTOR( '', #11597, 1000.00000000000 );
#9745 = CARTESIAN_POINT( '', ( 8.15000000000000, -5.90000000000000, 0.500000000000000 ) );
#9746 = VECTOR( '', #11598, 1000.00000000000 );
#9747 = CARTESIAN_POINT( '', ( 1.45000000000000, -5.65000000000000, 0.500000000000000 ) );
#9748 = VECTOR( '', #11599, 1000.00000000000 );
#9749 = CARTESIAN_POINT( '', ( 0.950000000000000, 4.80546432034307, 0.400000000000000 ) );
#9750 = CARTESIAN_POINT( '', ( 0.950000000000000, 6.05913636636275, -0.519359500414432 ) );
#9751 = VECTOR( '', #11600, 1000.00000000000 );
#9752 = CARTESIAN_POINT( '', ( 0.950000000000000, 6.00000000000000, 0.400000000000000 ) );
#9753 = VECTOR( '', #11601, 1000.00000000000 );
#9754 = CARTESIAN_POINT( '', ( 0.950000000000000, 5.90000000000000, -0.600000000000000 ) );
#9755 = VECTOR( '', #11602, 1000.00000000000 );
#9756 = CARTESIAN_POINT( '', ( 3.45000000000000, 4.80546432034307, 0.400000000000000 ) );
#9757 = CARTESIAN_POINT( '', ( 3.45000000000000, 4.55913636636275, 0.580640499585569 ) );
#9758 = VECTOR( '', #11603, 1000.00000000000 );
#9759 = CARTESIAN_POINT( '', ( 3.45000000000000, 5.90000000000000, 0.400000000000000 ) );
#9760 = CARTESIAN_POINT( '', ( 3.45000000000000, 5.90000000000000, 0.400000000000000 ) );
#9761 = VECTOR( '', #11604, 1000.00000000000 );
#9762 = CARTESIAN_POINT( '', ( 3.45000000000000, 5.90000000000000, -0.600000000000000 ) );
#9763 = VECTOR( '', #11605, 1000.00000000000 );
#9764 = CARTESIAN_POINT( '', ( 1.55000000000000, 5.90000000000000, 0.400000000000000 ) );
#9765 = CARTESIAN_POINT( '', ( 1.55000000000000, 5.90000000000000, 0.400000000000000 ) );
#9766 = VECTOR( '', #11606, 1000.00000000000 );
#9767 = CARTESIAN_POINT( '', ( 1.55000000000000, 4.80546432034307, 0.400000000000000 ) );
#9768 = CARTESIAN_POINT( '', ( 1.55000000000000, 4.50000000000000, 0.400000000000000 ) );
#9769 = VECTOR( '', #11607, 1000.00000000000 );
#9770 = CARTESIAN_POINT( '', ( 1.55000000000000, 6.05913636636275, -0.519359500414431 ) );
#9771 = VECTOR( '', #11608, 1000.00000000000 );
#9772 = CARTESIAN_POINT( '', ( 0.000000000000000, 4.26806523398877, 3.00000000000000 ) );
#9773 = VECTOR( '', #11609, 1000.00000000000 );
#9774 = CARTESIAN_POINT( '', ( 5.65000000000000, 4.15517872978275, 3.05122430881972 ) );
#9775 = VECTOR( '', #11610, 1000.00000000000 );
#9776 = CARTESIAN_POINT( '', ( 5.65000000000000, 3.89482127021726, 3.34877569118028 ) );
#9777 = VECTOR( '', #11611, 1000.00000000000 );
#9778 = CARTESIAN_POINT( '', ( 5.65000000000000, 3.65000000000000, 3.40000000000000 ) );
#9779 = VECTOR( '', #11612, 1000.00000000000 );
#9780 = CARTESIAN_POINT( '', ( 5.65000000000000, 3.78193476601122, 3.40000000000000 ) );
#9781 = VECTOR( '', #11613, 1000.00000000000 );
#9782 = CARTESIAN_POINT( '', ( 5.65000000000000, 3.50000000000000, 3.25000000000000 ) );
#9783 = VECTOR( '', #11614, 1000.00000000000 );
#9784 = CARTESIAN_POINT( '', ( -4.43536920672902, -3.50000000000000, 3.15000000000000 ) );
#9785 = VECTOR( '', #11615, 1000.00000000000 );
#9786 = CARTESIAN_POINT( '', ( 4.43536920672902, -3.35000000000000, 3.00000000000000 ) );
#9787 = VECTOR( '', #11616, 1000.00000000000 );
#9788 = CARTESIAN_POINT( '', ( 5.65000000000000, 3.50000000000000, 3.15000000000000 ) );
#9789 = VECTOR( '', #11617, 1000.00000000000 );
#9790 = CARTESIAN_POINT( '', ( 0.000000000000000, 3.35000000000000, 3.00000000000000 ) );
#9791 = VECTOR( '', #11618, 1000.00000000000 );
#9792 = CARTESIAN_POINT( '', ( 5.90000000000000, 8.39999999999990, -2.85000000000070 ) );
#9793 = CARTESIAN_POINT( '', ( 6.60000000000000, 8.39999999999990, -2.85000000000070 ) );
#9794 = CARTESIAN_POINT( '', ( 6.60000000000000, 8.39999999999990, -2.85000000000070 ) );
#9795 = VECTOR( '', #11619, 1000.00000000000 );
#9796 = CARTESIAN_POINT( '', ( 5.90000000000000, 7.23093555489908, -2.85000000000014 ) );
#9797 = CARTESIAN_POINT( '', ( 5.90000000000000, 7.23093555489897, -2.85000000000084 ) );
#9798 = VECTOR( '', #11620, 1000.00000000000 );
#9799 = CARTESIAN_POINT( '', ( 6.60000000000000, 7.23093555489908, -2.85000000000014 ) );
#9800 = CARTESIAN_POINT( '', ( 6.60000000000000, 7.23093555489908, -2.85000000000014 ) );
#9801 = VECTOR( '', #11621, 1000.00000000000 );
#9802 = CARTESIAN_POINT( '', ( 6.60000000000000, 7.23093555489897, -2.85000000000084 ) );
#9803 = VECTOR( '', #11622, 1000.00000000000 );
#9804 = CARTESIAN_POINT( '', ( 6.60000000000000, 8.39999999999990, -3.20000000000070 ) );
#9805 = CARTESIAN_POINT( '', ( 6.60000000000000, 8.39999999999990, -3.20000000000070 ) );
#9806 = VECTOR( '', #11623, 1000.00000000000 );
#9807 = CARTESIAN_POINT( '', ( 5.90000000000000, 8.39999999999990, -3.20000000000070 ) );
#9808 = CARTESIAN_POINT( '', ( 5.90000000000000, 8.39999999999990, -3.20000000000070 ) );
#9809 = VECTOR( '', #11624, 1000.00000000000 );
#9810 = CARTESIAN_POINT( '', ( 5.90000000000000, 8.39999999999990, -2.85000000000070 ) );
#9811 = VECTOR( '', #11625, 1000.00000000000 );
#9812 = CARTESIAN_POINT( '', ( 5.90000000000000, 7.23093555489908, -3.20000000000014 ) );
#9813 = CARTESIAN_POINT( '', ( 5.90000000000000, 7.23093555489897, -3.20000000000084 ) );
#9814 = VECTOR( '', #11626, 1000.00000000000 );
#9815 = CARTESIAN_POINT( '', ( 6.60000000000000, 7.23093555489908, -3.20000000000014 ) );
#9816 = CARTESIAN_POINT( '', ( 6.60000000000000, 7.23093555489897, -3.20000000000084 ) );
#9817 = VECTOR( '', #11627, 1000.00000000000 );
#9818 = CARTESIAN_POINT( '', ( 5.90000000000000, 7.23093555489908, -3.20000000000014 ) );
#9819 = VECTOR( '', #11628, 1000.00000000000 );
#9820 = CARTESIAN_POINT( '', ( 3.40000000000000, 8.39999999999990, -2.85000000000070 ) );
#9821 = CARTESIAN_POINT( '', ( 4.10000000000000, 8.39999999999990, -2.85000000000070 ) );
#9822 = CARTESIAN_POINT( '', ( 4.10000000000000, 8.39999999999990, -2.85000000000070 ) );
#9823 = VECTOR( '', #11629, 1000.00000000000 );
#9824 = CARTESIAN_POINT( '', ( 4.10000000000000, 8.39999999999990, -3.20000000000070 ) );
#9825 = CARTESIAN_POINT( '', ( 4.10000000000000, 8.39999999999990, -3.20000000000070 ) );
#9826 = VECTOR( '', #11630, 1000.00000000000 );
#9827 = CARTESIAN_POINT( '', ( 3.40000000000000, 8.39999999999990, -3.20000000000070 ) );
#9828 = CARTESIAN_POINT( '', ( 3.40000000000000, 8.39999999999990, -3.20000000000070 ) );
#9829 = VECTOR( '', #11631, 1000.00000000000 );
#9830 = CARTESIAN_POINT( '', ( 3.40000000000000, 8.39999999999990, -2.85000000000070 ) );
#9831 = VECTOR( '', #11632, 1000.00000000000 );
#9832 = CARTESIAN_POINT( '', ( 6.60000000000000, 6.16546777744954, -1.19303145933140 ) );
#9833 = AXIS2_PLACEMENT_3D( '', #11633, #11634, #11635 );
#9834 = CARTESIAN_POINT( '', ( 6.60000000000000, 6.73453222255046, -2.84590562200594 ) );
#9835 = CARTESIAN_POINT( '', ( 6.60000000000000, 6.16546777744954, -1.19303145933140 ) );
#9836 = VECTOR( '', #11636, 1000.00000000000 );
#9837 = AXIS2_PLACEMENT_3D( '', #11637, #11638, #11639 );
#9838 = CARTESIAN_POINT( '', ( 6.60000000000000, 7.06546777744954, -2.73196854066874 ) );
#9839 = AXIS2_PLACEMENT_3D( '', #11640, #11641, #11642 );
#9840 = CARTESIAN_POINT( '', ( 6.60000000000000, 6.49640333234861, -1.07909437799420 ) );
#9841 = CARTESIAN_POINT( '', ( 6.60000000000000, 6.49640333234861, -1.07909437799420 ) );
#9842 = VECTOR( '', #11643, 1000.00000000000 );
#9843 = AXIS2_PLACEMENT_3D( '', #11644, #11645, #11646 );
#9844 = CARTESIAN_POINT( '', ( 3.40000000000000, 7.23093555489908, -2.85000000000014 ) );
#9845 = CARTESIAN_POINT( '', ( 3.40000000000000, 7.23093555489897, -2.85000000000084 ) );
#9846 = VECTOR( '', #11647, 1000.00000000000 );
#9847 = CARTESIAN_POINT( '', ( 4.10000000000000, 7.23093555489908, -2.85000000000014 ) );
#9848 = CARTESIAN_POINT( '', ( 4.10000000000000, 7.23093555489908, -2.85000000000014 ) );
#9849 = VECTOR( '', #11648, 1000.00000000000 );
#9850 = CARTESIAN_POINT( '', ( 4.10000000000000, 7.23093555489897, -2.85000000000084 ) );
#9851 = VECTOR( '', #11649, 1000.00000000000 );
#9852 = CARTESIAN_POINT( '', ( 5.90000000000000, 6.16546777744954, -1.19303145933140 ) );
#9853 = AXIS2_PLACEMENT_3D( '', #11650, #11651, #11652 );
#9854 = CARTESIAN_POINT( '', ( 5.90000000000000, 6.16546777744954, -1.19303145933140 ) );
#9855 = VECTOR( '', #11653, 1000.00000000000 );
#9856 = CARTESIAN_POINT( '', ( 3.40000000000000, 7.23093555489908, -3.20000000000014 ) );
#9857 = CARTESIAN_POINT( '', ( 3.40000000000000, 7.23093555489897, -3.20000000000084 ) );
#9858 = VECTOR( '', #11654, 1000.00000000000 );
#9859 = CARTESIAN_POINT( '', ( 4.10000000000000, 7.23093555489908, -3.20000000000014 ) );
#9860 = CARTESIAN_POINT( '', ( 4.10000000000000, 7.23093555489897, -3.20000000000084 ) );
#9861 = VECTOR( '', #11655, 1000.00000000000 );
#9862 = CARTESIAN_POINT( '', ( 3.40000000000000, 7.23093555489908, -3.20000000000014 ) );
#9863 = VECTOR( '', #11656, 1000.00000000000 );
#9864 = CARTESIAN_POINT( '', ( 0.900000000000000, 8.39999999999990, -2.85000000000070 ) );
#9865 = CARTESIAN_POINT( '', ( 1.60000000000000, 8.39999999999990, -2.85000000000070 ) );
#9866 = CARTESIAN_POINT( '', ( 1.60000000000000, 8.39999999999990, -2.85000000000070 ) );
#9867 = VECTOR( '', #11657, 1000.00000000000 );
#9868 = CARTESIAN_POINT( '', ( 1.60000000000000, 8.39999999999990, -3.20000000000070 ) );
#9869 = CARTESIAN_POINT( '', ( 1.60000000000000, 8.39999999999990, -3.20000000000070 ) );
#9870 = VECTOR( '', #11658, 1000.00000000000 );
#9871 = CARTESIAN_POINT( '', ( 0.900000000000000, 8.39999999999990, -3.20000000000070 ) );
#9872 = CARTESIAN_POINT( '', ( 0.900000000000000, 8.39999999999990, -3.20000000000070 ) );
#9873 = VECTOR( '', #11659, 1000.00000000000 );
#9874 = CARTESIAN_POINT( '', ( 0.900000000000000, 8.39999999999990, -2.85000000000070 ) );
#9875 = VECTOR( '', #11660, 1000.00000000000 );
#9876 = CARTESIAN_POINT( '', ( 4.10000000000000, 6.16546777744954, -1.19303145933140 ) );
#9877 = AXIS2_PLACEMENT_3D( '', #11661, #11662, #11663 );
#9878 = CARTESIAN_POINT( '', ( 4.10000000000000, 6.73453222255046, -2.84590562200594 ) );
#9879 = CARTESIAN_POINT( '', ( 4.10000000000000, 6.16546777744954, -1.19303145933140 ) );
#9880 = VECTOR( '', #11664, 1000.00000000000 );
#9881 = AXIS2_PLACEMENT_3D( '', #11665, #11666, #11667 );
#9882 = CARTESIAN_POINT( '', ( 4.10000000000000, 7.06546777744954, -2.73196854066874 ) );
#9883 = AXIS2_PLACEMENT_3D( '', #11668, #11669, #11670 );
#9884 = CARTESIAN_POINT( '', ( 4.10000000000000, 6.49640333234861, -1.07909437799420 ) );
#9885 = CARTESIAN_POINT( '', ( 4.10000000000000, 6.49640333234861, -1.07909437799420 ) );
#9886 = VECTOR( '', #11671, 1000.00000000000 );
#9887 = AXIS2_PLACEMENT_3D( '', #11672, #11673, #11674 );
#9888 = CARTESIAN_POINT( '', ( 3.40000000000000, 6.16546777744954, -1.19303145933140 ) );
#9889 = AXIS2_PLACEMENT_3D( '', #11675, #11676, #11677 );
#9890 = CARTESIAN_POINT( '', ( 3.40000000000000, 6.16546777744954, -1.19303145933140 ) );
#9891 = VECTOR( '', #11678, 1000.00000000000 );
#9892 = CARTESIAN_POINT( '', ( 3.40000000000000, 6.49640333234861, -1.07909437799420 ) );
#9893 = AXIS2_PLACEMENT_3D( '', #11679, #11680, #11681 );
#9894 = CARTESIAN_POINT( '', ( 3.40000000000000, 7.06546777744954, -2.73196854066874 ) );
#9895 = CARTESIAN_POINT( '', ( 3.40000000000000, 6.49640333234861, -1.07909437799420 ) );
#9896 = VECTOR( '', #11682, 1000.00000000000 );
#9897 = AXIS2_PLACEMENT_3D( '', #11683, #11684, #11685 );
#9898 = CARTESIAN_POINT( '', ( 3.40000000000000, 6.73453222255046, -2.84590562200594 ) );
#9899 = AXIS2_PLACEMENT_3D( '', #11686, #11687, #11688 );
#9900 = CARTESIAN_POINT( '', ( 3.40000000000000, 6.16546777744954, -1.19303145933140 ) );
#9901 = VECTOR( '', #11689, 1000.00000000000 );
#9902 = CARTESIAN_POINT( '', ( 3.40000000000000, 6.73453222255046, -2.84590562200594 ) );
#9903 = VECTOR( '', #11690, 1000.00000000000 );
#9904 = CARTESIAN_POINT( '', ( 4.10000000000000, 7.06546777744954, -2.73196854066874 ) );
#9905 = VECTOR( '', #11691, 1000.00000000000 );
#9906 = CARTESIAN_POINT( '', ( 4.10000000000000, 6.49640333234861, -1.07909437799420 ) );
#9907 = VECTOR( '', #11692, 1000.00000000000 );
#9908 = CARTESIAN_POINT( '', ( 0.900000000000000, 7.23093555489908, -2.85000000000014 ) );
#9909 = CARTESIAN_POINT( '', ( 0.900000000000000, 7.23093555489897, -2.85000000000084 ) );
#9910 = VECTOR( '', #11693, 1000.00000000000 );
#9911 = CARTESIAN_POINT( '', ( 1.60000000000000, 7.23093555489908, -2.85000000000014 ) );
#9912 = CARTESIAN_POINT( '', ( 1.60000000000000, 7.23093555489908, -2.85000000000014 ) );
#9913 = VECTOR( '', #11694, 1000.00000000000 );
#9914 = CARTESIAN_POINT( '', ( 1.60000000000000, 7.23093555489897, -2.85000000000084 ) );
#9915 = VECTOR( '', #11695, 1000.00000000000 );
#9916 = CARTESIAN_POINT( '', ( 1.60000000000000, 6.16546777744954, -1.19303145933140 ) );
#9917 = AXIS2_PLACEMENT_3D( '', #11696, #11697, #11698 );
#9918 = CARTESIAN_POINT( '', ( 1.60000000000000, 6.73453222255046, -2.84590562200594 ) );
#9919 = CARTESIAN_POINT( '', ( 1.60000000000000, 6.16546777744954, -1.19303145933140 ) );
#9920 = VECTOR( '', #11699, 1000.00000000000 );
#9921 = CARTESIAN_POINT( '', ( 1.60000000000000, 7.23093555489908, -3.20000000000014 ) );
#9922 = AXIS2_PLACEMENT_3D( '', #11700, #11701, #11702 );
#9923 = CARTESIAN_POINT( '', ( 1.60000000000000, 7.23093555489897, -3.20000000000084 ) );
#9924 = VECTOR( '', #11703, 1000.00000000000 );
#9925 = CARTESIAN_POINT( '', ( 1.60000000000000, 7.06546777744954, -2.73196854066874 ) );
#9926 = AXIS2_PLACEMENT_3D( '', #11704, #11705, #11706 );
#9927 = CARTESIAN_POINT( '', ( 1.60000000000000, 6.49640333234861, -1.07909437799420 ) );
#9928 = CARTESIAN_POINT( '', ( 1.60000000000000, 6.49640333234861, -1.07909437799420 ) );
#9929 = VECTOR( '', #11707, 1000.00000000000 );
#9930 = AXIS2_PLACEMENT_3D( '', #11708, #11709, #11710 );
#9931 = CARTESIAN_POINT( '', ( 0.900000000000000, 6.16546777744954, -1.19303145933140 ) );
#9932 = AXIS2_PLACEMENT_3D( '', #11711, #11712, #11713 );
#9933 = CARTESIAN_POINT( '', ( 0.900000000000000, 6.16546777744954, -1.19303145933140 ) );
#9934 = VECTOR( '', #11714, 1000.00000000000 );
#9935 = CARTESIAN_POINT( '', ( 0.900000000000000, 6.49640333234861, -1.07909437799420 ) );
#9936 = AXIS2_PLACEMENT_3D( '', #11715, #11716, #11717 );
#9937 = CARTESIAN_POINT( '', ( 0.900000000000000, 7.06546777744954, -2.73196854066874 ) );
#9938 = CARTESIAN_POINT( '', ( 0.900000000000000, 6.49640333234861, -1.07909437799420 ) );
#9939 = VECTOR( '', #11718, 1000.00000000000 );
#9940 = AXIS2_PLACEMENT_3D( '', #11719, #11720, #11721 );
#9941 = CARTESIAN_POINT( '', ( 0.900000000000000, 7.23093555489908, -3.20000000000014 ) );
#9942 = CARTESIAN_POINT( '', ( 0.900000000000000, 7.23093555489897, -3.20000000000084 ) );
#9943 = VECTOR( '', #11722, 1000.00000000000 );
#9944 = CARTESIAN_POINT( '', ( 0.900000000000000, 6.73453222255046, -2.84590562200594 ) );
#9945 = AXIS2_PLACEMENT_3D( '', #11723, #11724, #11725 );
#9946 = CARTESIAN_POINT( '', ( 0.900000000000000, 6.16546777744954, -1.19303145933140 ) );
#9947 = VECTOR( '', #11726, 1000.00000000000 );
#9948 = CARTESIAN_POINT( '', ( 0.900000000000000, 6.73453222255046, -2.84590562200594 ) );
#9949 = VECTOR( '', #11727, 1000.00000000000 );
#9950 = CARTESIAN_POINT( '', ( 1.60000000000000, 7.06546777744954, -2.73196854066874 ) );
#9951 = VECTOR( '', #11728, 1000.00000000000 );
#9952 = CARTESIAN_POINT( '', ( 1.60000000000000, 6.49640333234861, -1.07909437799420 ) );
#9953 = VECTOR( '', #11729, 1000.00000000000 );
#9954 = CARTESIAN_POINT( '', ( 0.900000000000000, 7.23093555489908, -3.20000000000014 ) );
#9955 = VECTOR( '', #11730, 1000.00000000000 );
#9956 = CARTESIAN_POINT( '', ( -0.900000000000000, 8.39999999999990, -2.85000000000070 ) );
#9957 = CARTESIAN_POINT( '', ( -1.60000000000000, 8.39999999999990, -2.85000000000070 ) );
#9958 = CARTESIAN_POINT( '', ( -1.60000000000000, 8.39999999999990, -2.85000000000070 ) );
#9959 = VECTOR( '', #11731, 1000.00000000000 );
#9960 = CARTESIAN_POINT( '', ( -0.900000000000000, 8.39999999999990, -3.20000000000070 ) );
#9961 = CARTESIAN_POINT( '', ( -0.900000000000000, 8.39999999999990, -2.85000000000070 ) );
#9962 = VECTOR( '', #11732, 1000.00000000000 );
#9963 = CARTESIAN_POINT( '', ( -1.60000000000000, 8.39999999999990, -3.20000000000070 ) );
#9964 = CARTESIAN_POINT( '', ( -0.900000000000000, 8.39999999999990, -3.20000000000070 ) );
#9965 = VECTOR( '', #11733, 1000.00000000000 );
#9966 = CARTESIAN_POINT( '', ( -1.60000000000000, 8.39999999999990, -3.20000000000070 ) );
#9967 = VECTOR( '', #11734, 1000.00000000000 );
#9968 = CARTESIAN_POINT( '', ( -1.60000000000000, 7.23093555489908, -2.85000000000014 ) );
#9969 = CARTESIAN_POINT( '', ( -1.60000000000000, 7.23093555489897, -2.85000000000084 ) );
#9970 = VECTOR( '', #11735, 1000.00000000000 );
#9971 = CARTESIAN_POINT( '', ( -0.900000000000000, 7.23093555489908, -2.85000000000014 ) );
#9972 = CARTESIAN_POINT( '', ( -1.60000000000000, 7.23093555489908, -2.85000000000014 ) );
#9973 = VECTOR( '', #11736, 1000.00000000000 );
#9974 = CARTESIAN_POINT( '', ( -0.900000000000000, 7.23093555489897, -2.85000000000084 ) );
#9975 = VECTOR( '', #11737, 1000.00000000000 );
#9976 = CARTESIAN_POINT( '', ( -1.60000000000000, 6.16546777744954, -1.19303145933140 ) );
#9977 = AXIS2_PLACEMENT_3D( '', #11738, #11739, #11740 );
#9978 = CARTESIAN_POINT( '', ( -1.60000000000000, 6.49640333234861, -1.07909437799420 ) );
#9979 = AXIS2_PLACEMENT_3D( '', #11741, #11742, #11743 );
#9980 = CARTESIAN_POINT( '', ( -1.60000000000000, 7.06546777744954, -2.73196854066874 ) );
#9981 = CARTESIAN_POINT( '', ( -1.60000000000000, 6.49640333234861, -1.07909437799420 ) );
#9982 = VECTOR( '', #11744, 1000.00000000000 );
#9983 = AXIS2_PLACEMENT_3D( '', #11745, #11746, #11747 );
#9984 = CARTESIAN_POINT( '', ( -1.60000000000000, 7.23093555489908, -3.20000000000014 ) );
#9985 = CARTESIAN_POINT( '', ( -1.60000000000000, 7.23093555489897, -3.20000000000084 ) );
#9986 = VECTOR( '', #11748, 1000.00000000000 );
#9987 = CARTESIAN_POINT( '', ( -1.60000000000000, 6.73453222255046, -2.84590562200594 ) );
#9988 = AXIS2_PLACEMENT_3D( '', #11749, #11750, #11751 );
#9989 = CARTESIAN_POINT( '', ( -1.60000000000000, 6.16546777744954, -1.19303145933140 ) );
#9990 = VECTOR( '', #11752, 1000.00000000000 );
#9991 = CARTESIAN_POINT( '', ( -0.900000000000000, 6.16546777744954, -1.19303145933140 ) );
#9992 = AXIS2_PLACEMENT_3D( '', #11753, #11754, #11755 );
#9993 = CARTESIAN_POINT( '', ( -0.900000000000000, 6.16546777744954, -1.19303145933140 ) );
#9994 = VECTOR( '', #11756, 1000.00000000000 );
#9995 = CARTESIAN_POINT( '', ( -0.900000000000000, 6.49640333234861, -1.07909437799420 ) );
#9996 = AXIS2_PLACEMENT_3D( '', #11757, #11758, #11759 );
#9997 = CARTESIAN_POINT( '', ( -0.900000000000000, 6.73453222255046, -2.84590562200594 ) );
#9998 = CARTESIAN_POINT( '', ( -0.900000000000000, 6.16546777744954, -1.19303145933140 ) );
#9999 = VECTOR( '', #11760, 1000.00000000000 );
#10000 = CARTESIAN_POINT( '', ( -0.900000000000000, 7.23093555489908, -3.20000000000014 ) );
#10001 = AXIS2_PLACEMENT_3D( '', #11761, #11762, #11763 );
#10002 = CARTESIAN_POINT( '', ( -0.900000000000000, 7.23093555489897, -3.20000000000084 ) );
#10003 = VECTOR( '', #11764, 1000.00000000000 );
#10004 = CARTESIAN_POINT( '', ( -0.900000000000000, 7.06546777744954, -2.73196854066874 ) );
#10005 = AXIS2_PLACEMENT_3D( '', #11765, #11766, #11767 );
#10006 = CARTESIAN_POINT( '', ( -0.900000000000000, 6.49640333234861, -1.07909437799420 ) );
#10007 = VECTOR( '', #11768, 1000.00000000000 );
#10008 = CARTESIAN_POINT( '', ( -0.900000000000000, 6.73453222255046, -2.84590562200594 ) );
#10009 = VECTOR( '', #11769, 1000.00000000000 );
#10010 = CARTESIAN_POINT( '', ( -1.60000000000000, 7.06546777744954, -2.73196854066874 ) );
#10011 = VECTOR( '', #11770, 1000.00000000000 );
#10012 = CARTESIAN_POINT( '', ( -1.60000000000000, 6.49640333234861, -1.07909437799420 ) );
#10013 = VECTOR( '', #11771, 1000.00000000000 );
#10014 = CARTESIAN_POINT( '', ( -0.900000000000000, 7.23093555489908, -3.20000000000014 ) );
#10015 = VECTOR( '', #11772, 1000.00000000000 );
#10016 = CARTESIAN_POINT( '', ( -3.40000000000000, 8.39999999999990, -2.85000000000070 ) );
#10017 = CARTESIAN_POINT( '', ( -4.10000000000000, 8.39999999999990, -2.85000000000070 ) );
#10018 = CARTESIAN_POINT( '', ( -4.10000000000000, 8.39999999999990, -2.85000000000070 ) );
#10019 = VECTOR( '', #11773, 1000.00000000000 );
#10020 = CARTESIAN_POINT( '', ( -3.40000000000000, 8.39999999999990, -3.20000000000070 ) );
#10021 = CARTESIAN_POINT( '', ( -3.40000000000000, 8.39999999999990, -2.85000000000070 ) );
#10022 = VECTOR( '', #11774, 1000.00000000000 );
#10023 = CARTESIAN_POINT( '', ( -4.10000000000000, 8.39999999999990, -3.20000000000070 ) );
#10024 = CARTESIAN_POINT( '', ( -3.40000000000000, 8.39999999999990, -3.20000000000070 ) );
#10025 = VECTOR( '', #11775, 1000.00000000000 );
#10026 = CARTESIAN_POINT( '', ( -4.10000000000000, 8.39999999999990, -3.20000000000070 ) );
#10027 = VECTOR( '', #11776, 1000.00000000000 );
#10028 = CARTESIAN_POINT( '', ( -4.10000000000000, 7.23093555489908, -2.85000000000014 ) );
#10029 = CARTESIAN_POINT( '', ( -4.10000000000000, 7.23093555489897, -2.85000000000084 ) );
#10030 = VECTOR( '', #11777, 1000.00000000000 );
#10031 = CARTESIAN_POINT( '', ( -3.40000000000000, 7.23093555489908, -2.85000000000014 ) );
#10032 = CARTESIAN_POINT( '', ( -4.10000000000000, 7.23093555489908, -2.85000000000014 ) );
#10033 = VECTOR( '', #11778, 1000.00000000000 );
#10034 = CARTESIAN_POINT( '', ( -3.40000000000000, 7.23093555489897, -2.85000000000084 ) );
#10035 = VECTOR( '', #11779, 1000.00000000000 );
#10036 = CARTESIAN_POINT( '', ( -4.10000000000000, 6.16546777744954, -1.19303145933140 ) );
#10037 = AXIS2_PLACEMENT_3D( '', #11780, #11781, #11782 );
#10038 = CARTESIAN_POINT( '', ( -4.10000000000000, 6.49640333234861, -1.07909437799420 ) );
#10039 = AXIS2_PLACEMENT_3D( '', #11783, #11784, #11785 );
#10040 = CARTESIAN_POINT( '', ( -4.10000000000000, 7.06546777744954, -2.73196854066874 ) );
#10041 = CARTESIAN_POINT( '', ( -4.10000000000000, 6.49640333234861, -1.07909437799420 ) );
#10042 = VECTOR( '', #11786, 1000.00000000000 );
#10043 = AXIS2_PLACEMENT_3D( '', #11787, #11788, #11789 );
#10044 = CARTESIAN_POINT( '', ( -4.10000000000000, 7.23093555489908, -3.20000000000014 ) );
#10045 = CARTESIAN_POINT( '', ( -4.10000000000000, 7.23093555489897, -3.20000000000084 ) );
#10046 = VECTOR( '', #11790, 1000.00000000000 );
#10047 = CARTESIAN_POINT( '', ( -4.10000000000000, 6.73453222255046, -2.84590562200594 ) );
#10048 = AXIS2_PLACEMENT_3D( '', #11791, #11792, #11793 );
#10049 = CARTESIAN_POINT( '', ( -4.10000000000000, 6.16546777744954, -1.19303145933140 ) );
#10050 = VECTOR( '', #11794, 1000.00000000000 );
#10051 = CARTESIAN_POINT( '', ( -3.40000000000000, 6.16546777744954, -1.19303145933140 ) );
#10052 = AXIS2_PLACEMENT_3D( '', #11795, #11796, #11797 );
#10053 = CARTESIAN_POINT( '', ( -3.40000000000000, 6.16546777744954, -1.19303145933140 ) );
#10054 = VECTOR( '', #11798, 1000.00000000000 );
#10055 = CARTESIAN_POINT( '', ( -3.40000000000000, 6.49640333234861, -1.07909437799420 ) );
#10056 = AXIS2_PLACEMENT_3D( '', #11799, #11800, #11801 );
#10057 = CARTESIAN_POINT( '', ( -3.40000000000000, 6.73453222255046, -2.84590562200594 ) );
#10058 = CARTESIAN_POINT( '', ( -3.40000000000000, 6.16546777744954, -1.19303145933140 ) );
#10059 = VECTOR( '', #11802, 1000.00000000000 );
#10060 = CARTESIAN_POINT( '', ( -3.40000000000000, 7.23093555489908, -3.20000000000014 ) );
#10061 = AXIS2_PLACEMENT_3D( '', #11803, #11804, #11805 );
#10062 = CARTESIAN_POINT( '', ( -3.40000000000000, 7.23093555489897, -3.20000000000084 ) );
#10063 = VECTOR( '', #11806, 1000.00000000000 );
#10064 = CARTESIAN_POINT( '', ( -3.40000000000000, 7.06546777744954, -2.73196854066874 ) );
#10065 = AXIS2_PLACEMENT_3D( '', #11807, #11808, #11809 );
#10066 = CARTESIAN_POINT( '', ( -3.40000000000000, 6.49640333234861, -1.07909437799420 ) );
#10067 = VECTOR( '', #11810, 1000.00000000000 );
#10068 = CARTESIAN_POINT( '', ( -3.40000000000000, 6.73453222255046, -2.84590562200594 ) );
#10069 = VECTOR( '', #11811, 1000.00000000000 );
#10070 = CARTESIAN_POINT( '', ( -4.10000000000000, 7.06546777744954, -2.73196854066874 ) );
#10071 = VECTOR( '', #11812, 1000.00000000000 );
#10072 = CARTESIAN_POINT( '', ( -4.10000000000000, 6.49640333234861, -1.07909437799420 ) );
#10073 = VECTOR( '', #11813, 1000.00000000000 );
#10074 = CARTESIAN_POINT( '', ( -3.40000000000000, 7.23093555489908, -3.20000000000014 ) );
#10075 = VECTOR( '', #11814, 1000.00000000000 );
#10076 = CARTESIAN_POINT( '', ( -5.90000000000000, 8.39999999999990, -2.85000000000070 ) );
#10077 = CARTESIAN_POINT( '', ( -6.60000000000000, 8.39999999999990, -2.85000000000070 ) );
#10078 = CARTESIAN_POINT( '', ( -6.60000000000000, 8.39999999999990, -2.85000000000070 ) );
#10079 = VECTOR( '', #11815, 1000.00000000000 );
#10080 = CARTESIAN_POINT( '', ( -5.90000000000000, 8.39999999999990, -3.20000000000070 ) );
#10081 = CARTESIAN_POINT( '', ( -5.90000000000000, 8.39999999999990, -2.85000000000070 ) );
#10082 = VECTOR( '', #11816, 1000.00000000000 );
#10083 = CARTESIAN_POINT( '', ( -6.60000000000000, 8.39999999999990, -3.20000000000070 ) );
#10084 = CARTESIAN_POINT( '', ( -5.90000000000000, 8.39999999999990, -3.20000000000070 ) );
#10085 = VECTOR( '', #11817, 1000.00000000000 );
#10086 = CARTESIAN_POINT( '', ( -6.60000000000000, 8.39999999999990, -3.20000000000070 ) );
#10087 = VECTOR( '', #11818, 1000.00000000000 );
#10088 = CARTESIAN_POINT( '', ( -6.60000000000000, 7.23093555489908, -2.85000000000014 ) );
#10089 = CARTESIAN_POINT( '', ( -6.60000000000000, 7.23093555489897, -2.85000000000084 ) );
#10090 = VECTOR( '', #11819, 1000.00000000000 );
#10091 = CARTESIAN_POINT( '', ( -5.90000000000000, 7.23093555489908, -2.85000000000014 ) );
#10092 = CARTESIAN_POINT( '', ( -6.60000000000000, 7.23093555489908, -2.85000000000014 ) );
#10093 = VECTOR( '', #11820, 1000.00000000000 );
#10094 = CARTESIAN_POINT( '', ( -5.90000000000000, 7.23093555489897, -2.85000000000084 ) );
#10095 = VECTOR( '', #11821, 1000.00000000000 );
#10096 = CARTESIAN_POINT( '', ( -6.60000000000000, 6.16546777744954, -1.19303145933140 ) );
#10097 = AXIS2_PLACEMENT_3D( '', #11822, #11823, #11824 );
#10098 = CARTESIAN_POINT( '', ( -6.60000000000000, 6.49640333234861, -1.07909437799420 ) );
#10099 = AXIS2_PLACEMENT_3D( '', #11825, #11826, #11827 );
#10100 = CARTESIAN_POINT( '', ( -6.60000000000000, 7.06546777744954, -2.73196854066874 ) );
#10101 = CARTESIAN_POINT( '', ( -6.60000000000000, 6.49640333234861, -1.07909437799420 ) );
#10102 = VECTOR( '', #11828, 1000.00000000000 );
#10103 = AXIS2_PLACEMENT_3D( '', #11829, #11830, #11831 );
#10104 = CARTESIAN_POINT( '', ( -6.60000000000000, 7.23093555489908, -3.20000000000014 ) );
#10105 = CARTESIAN_POINT( '', ( -6.60000000000000, 7.23093555489897, -3.20000000000084 ) );
#10106 = VECTOR( '', #11832, 1000.00000000000 );
#10107 = CARTESIAN_POINT( '', ( -6.60000000000000, 6.73453222255046, -2.84590562200594 ) );
#10108 = AXIS2_PLACEMENT_3D( '', #11833, #11834, #11835 );
#10109 = CARTESIAN_POINT( '', ( -6.60000000000000, 6.16546777744954, -1.19303145933140 ) );
#10110 = VECTOR( '', #11836, 1000.00000000000 );
#10111 = CARTESIAN_POINT( '', ( -5.90000000000000, 6.16546777744954, -1.19303145933140 ) );
#10112 = AXIS2_PLACEMENT_3D( '', #11837, #11838, #11839 );
#10113 = CARTESIAN_POINT( '', ( -5.90000000000000, 6.16546777744954, -1.19303145933140 ) );
#10114 = VECTOR( '', #11840, 1000.00000000000 );
#10115 = CARTESIAN_POINT( '', ( -5.90000000000000, 6.49640333234861, -1.07909437799420 ) );
#10116 = AXIS2_PLACEMENT_3D( '', #11841, #11842, #11843 );
#10117 = CARTESIAN_POINT( '', ( -5.90000000000000, 6.73453222255046, -2.84590562200594 ) );
#10118 = CARTESIAN_POINT( '', ( -5.90000000000000, 6.16546777744954, -1.19303145933140 ) );
#10119 = VECTOR( '', #11844, 1000.00000000000 );
#10120 = CARTESIAN_POINT( '', ( -5.90000000000000, 7.23093555489908, -3.20000000000014 ) );
#10121 = AXIS2_PLACEMENT_3D( '', #11845, #11846, #11847 );
#10122 = CARTESIAN_POINT( '', ( -5.90000000000000, 7.23093555489897, -3.20000000000084 ) );
#10123 = VECTOR( '', #11848, 1000.00000000000 );
#10124 = CARTESIAN_POINT( '', ( -5.90000000000000, 7.06546777744954, -2.73196854066874 ) );
#10125 = AXIS2_PLACEMENT_3D( '', #11849, #11850, #11851 );
#10126 = CARTESIAN_POINT( '', ( -5.90000000000000, 6.49640333234861, -1.07909437799420 ) );
#10127 = VECTOR( '', #11852, 1000.00000000000 );
#10128 = CARTESIAN_POINT( '', ( -5.90000000000000, 6.73453222255046, -2.84590562200594 ) );
#10129 = VECTOR( '', #11853, 1000.00000000000 );
#10130 = CARTESIAN_POINT( '', ( -6.60000000000000, 7.06546777744954, -2.73196854066874 ) );
#10131 = VECTOR( '', #11854, 1000.00000000000 );
#10132 = CARTESIAN_POINT( '', ( -6.60000000000000, 6.49640333234861, -1.07909437799420 ) );
#10133 = VECTOR( '', #11855, 1000.00000000000 );
#10134 = CARTESIAN_POINT( '', ( -5.90000000000000, 7.23093555489908, -3.20000000000014 ) );
#10135 = VECTOR( '', #11856, 1000.00000000000 );
#10136 = CARTESIAN_POINT( '', ( 6.60000000000000, -8.39999999999990, -2.85000000000070 ) );
#10137 = CARTESIAN_POINT( '', ( 5.90000000000000, -8.39999999999990, -2.85000000000070 ) );
#10138 = CARTESIAN_POINT( '', ( 5.90000000000000, -8.39999999999990, -2.85000000000070 ) );
#10139 = VECTOR( '', #11857, 1000.00000000000 );
#10140 = CARTESIAN_POINT( '', ( 5.90000000000000, -8.39999999999990, -3.20000000000070 ) );
#10141 = CARTESIAN_POINT( '', ( 5.90000000000000, -8.39999999999990, -3.20000000000070 ) );
#10142 = VECTOR( '', #11858, 1000.00000000000 );
#10143 = CARTESIAN_POINT( '', ( 6.60000000000000, -8.39999999999990, -3.20000000000070 ) );
#10144 = CARTESIAN_POINT( '', ( 6.60000000000000, -8.39999999999990, -3.20000000000070 ) );
#10145 = VECTOR( '', #11859, 1000.00000000000 );
#10146 = CARTESIAN_POINT( '', ( 6.60000000000000, -8.39999999999990, -2.85000000000070 ) );
#10147 = VECTOR( '', #11860, 1000.00000000000 );
#10148 = CARTESIAN_POINT( '', ( 5.90000000000000, -6.49640333234861, -1.07909437799420 ) );
#10149 = AXIS2_PLACEMENT_3D( '', #11861, #11862, #11863 );
#10150 = CARTESIAN_POINT( '', ( 6.60000000000000, -6.49640333234861, -1.07909437799420 ) );
#10151 = CARTESIAN_POINT( '', ( 5.90000000000000, -6.49640333234861, -1.07909437799420 ) );
#10152 = VECTOR( '', #11864, 1000.00000000000 );
#10153 = AXIS2_PLACEMENT_3D( '', #11865, #11866, #11867 );
#10154 = CARTESIAN_POINT( '', ( 5.90000000000000, -7.23093555489897, -3.20000000000084 ) );
#10155 = CARTESIAN_POINT( '', ( 5.90000000000000, -8.39999999999990, -3.20000000000070 ) );
#10156 = VECTOR( '', #11868, 1000.00000000000 );
#10157 = CARTESIAN_POINT( '', ( 5.90000000000000, -7.23093555489897, -2.85000000000084 ) );
#10158 = CARTESIAN_POINT( '', ( 5.90000000000000, -8.39999999999990, -2.85000000000070 ) );
#10159 = VECTOR( '', #11869, 1000.00000000000 );
#10160 = CARTESIAN_POINT( '', ( 5.90000000000000, -7.06546777744954, -2.73196854066874 ) );
#10161 = AXIS2_PLACEMENT_3D( '', #11870, #11871, #11872 );
#10162 = CARTESIAN_POINT( '', ( 5.90000000000000, -7.06546777744954, -2.73196854066874 ) );
#10163 = VECTOR( '', #11873, 1000.00000000000 );
#10164 = CARTESIAN_POINT( '', ( 5.90000000000000, -6.16546777744954, -1.19303145933140 ) );
#10165 = AXIS2_PLACEMENT_3D( '', #11874, #11875, #11876 );
#10166 = CARTESIAN_POINT( '', ( 5.90000000000000, -6.73453222255046, -2.84590562200594 ) );
#10167 = CARTESIAN_POINT( '', ( 5.90000000000000, -6.73453222255046, -2.84590562200594 ) );
#10168 = VECTOR( '', #11877, 1000.00000000000 );
#10169 = AXIS2_PLACEMENT_3D( '', #11878, #11879, #11880 );
#10170 = CARTESIAN_POINT( '', ( 6.60000000000000, -7.23093555489897, -3.20000000000084 ) );
#10171 = CARTESIAN_POINT( '', ( 6.60000000000000, -8.39999999999990, -3.20000000000070 ) );
#10172 = VECTOR( '', #11881, 1000.00000000000 );
#10173 = CARTESIAN_POINT( '', ( 6.60000000000000, -7.23093555489897, -3.20000000000084 ) );
#10174 = VECTOR( '', #11882, 1000.00000000000 );
#10175 = CARTESIAN_POINT( '', ( 6.60000000000000, -7.23093555489897, -2.85000000000084 ) );
#10176 = CARTESIAN_POINT( '', ( 6.60000000000000, -8.39999999999990, -2.85000000000070 ) );
#10177 = VECTOR( '', #11883, 1000.00000000000 );
#10178 = CARTESIAN_POINT( '', ( 6.60000000000000, -6.73453222255046, -2.84590562200594 ) );
#10179 = AXIS2_PLACEMENT_3D( '', #11884, #11885, #11886 );
#10180 = CARTESIAN_POINT( '', ( 6.60000000000000, -6.16546777744954, -1.19303145933140 ) );
#10181 = CARTESIAN_POINT( '', ( 6.60000000000000, -6.73453222255046, -2.84590562200594 ) );
#10182 = VECTOR( '', #11887, 1000.00000000000 );
#10183 = AXIS2_PLACEMENT_3D( '', #11888, #11889, #11890 );
#10184 = CARTESIAN_POINT( '', ( 6.60000000000000, -7.06546777744954, -2.73196854066874 ) );
#10185 = CARTESIAN_POINT( '', ( 6.60000000000000, -7.06546777744954, -2.73196854066874 ) );
#10186 = VECTOR( '', #11891, 1000.00000000000 );
#10187 = AXIS2_PLACEMENT_3D( '', #11892, #11893, #11894 );
#10188 = CARTESIAN_POINT( '', ( 6.60000000000000, -6.73453222255046, -2.84590562200594 ) );
#10189 = VECTOR( '', #11895, 1000.00000000000 );
#10190 = CARTESIAN_POINT( '', ( 5.90000000000000, -7.06546777744954, -2.73196854066874 ) );
#10191 = VECTOR( '', #11896, 1000.00000000000 );
#10192 = CARTESIAN_POINT( '', ( 5.90000000000000, -7.23093555489897, -2.85000000000084 ) );
#10193 = VECTOR( '', #11897, 1000.00000000000 );
#10194 = CARTESIAN_POINT( '', ( 6.60000000000000, -6.16546777744954, -1.19303145933140 ) );
#10195 = VECTOR( '', #11898, 1000.00000000000 );
#10196 = CARTESIAN_POINT( '', ( 4.10000000000000, -8.39999999999990, -2.85000000000070 ) );
#10197 = CARTESIAN_POINT( '', ( 3.40000000000000, -8.39999999999990, -2.85000000000070 ) );
#10198 = CARTESIAN_POINT( '', ( 3.40000000000000, -8.39999999999990, -2.85000000000070 ) );
#10199 = VECTOR( '', #11899, 1000.00000000000 );
#10200 = CARTESIAN_POINT( '', ( 3.40000000000000, -8.39999999999990, -3.20000000000070 ) );
#10201 = CARTESIAN_POINT( '', ( 3.40000000000000, -8.39999999999990, -3.20000000000070 ) );
#10202 = VECTOR( '', #11900, 1000.00000000000 );
#10203 = CARTESIAN_POINT( '', ( 4.10000000000000, -8.39999999999990, -3.20000000000070 ) );
#10204 = CARTESIAN_POINT( '', ( 4.10000000000000, -8.39999999999990, -3.20000000000070 ) );
#10205 = VECTOR( '', #11901, 1000.00000000000 );
#10206 = CARTESIAN_POINT( '', ( 4.10000000000000, -8.39999999999990, -2.85000000000070 ) );
#10207 = VECTOR( '', #11902, 1000.00000000000 );
#10208 = CARTESIAN_POINT( '', ( 3.40000000000000, -6.49640333234861, -1.07909437799420 ) );
#10209 = AXIS2_PLACEMENT_3D( '', #11903, #11904, #11905 );
#10210 = CARTESIAN_POINT( '', ( 4.10000000000000, -6.49640333234861, -1.07909437799420 ) );
#10211 = CARTESIAN_POINT( '', ( 3.40000000000000, -6.49640333234861, -1.07909437799420 ) );
#10212 = VECTOR( '', #11906, 1000.00000000000 );
#10213 = AXIS2_PLACEMENT_3D( '', #11907, #11908, #11909 );
#10214 = CARTESIAN_POINT( '', ( 3.40000000000000, -7.23093555489897, -3.20000000000084 ) );
#10215 = CARTESIAN_POINT( '', ( 3.40000000000000, -8.39999999999990, -3.20000000000070 ) );
#10216 = VECTOR( '', #11910, 1000.00000000000 );
#10217 = CARTESIAN_POINT( '', ( 3.40000000000000, -7.23093555489897, -2.85000000000084 ) );
#10218 = CARTESIAN_POINT( '', ( 3.40000000000000, -8.39999999999990, -2.85000000000070 ) );
#10219 = VECTOR( '', #11911, 1000.00000000000 );
#10220 = CARTESIAN_POINT( '', ( 3.40000000000000, -7.06546777744954, -2.73196854066874 ) );
#10221 = AXIS2_PLACEMENT_3D( '', #11912, #11913, #11914 );
#10222 = CARTESIAN_POINT( '', ( 3.40000000000000, -7.06546777744954, -2.73196854066874 ) );
#10223 = VECTOR( '', #11915, 1000.00000000000 );
#10224 = CARTESIAN_POINT( '', ( 3.40000000000000, -6.16546777744954, -1.19303145933140 ) );
#10225 = AXIS2_PLACEMENT_3D( '', #11916, #11917, #11918 );
#10226 = CARTESIAN_POINT( '', ( 3.40000000000000, -6.73453222255046, -2.84590562200594 ) );
#10227 = CARTESIAN_POINT( '', ( 3.40000000000000, -6.73453222255046, -2.84590562200594 ) );
#10228 = VECTOR( '', #11919, 1000.00000000000 );
#10229 = AXIS2_PLACEMENT_3D( '', #11920, #11921, #11922 );
#10230 = CARTESIAN_POINT( '', ( 4.10000000000000, -7.23093555489897, -3.20000000000084 ) );
#10231 = CARTESIAN_POINT( '', ( 4.10000000000000, -8.39999999999990, -3.20000000000070 ) );
#10232 = VECTOR( '', #11923, 1000.00000000000 );
#10233 = CARTESIAN_POINT( '', ( 4.10000000000000, -7.23093555489897, -3.20000000000084 ) );
#10234 = VECTOR( '', #11924, 1000.00000000000 );
#10235 = CARTESIAN_POINT( '', ( 4.10000000000000, -7.23093555489897, -2.85000000000084 ) );
#10236 = CARTESIAN_POINT( '', ( 4.10000000000000, -8.39999999999990, -2.85000000000070 ) );
#10237 = VECTOR( '', #11925, 1000.00000000000 );
#10238 = CARTESIAN_POINT( '', ( 4.10000000000000, -6.73453222255046, -2.84590562200594 ) );
#10239 = AXIS2_PLACEMENT_3D( '', #11926, #11927, #11928 );
#10240 = CARTESIAN_POINT( '', ( 4.10000000000000, -6.16546777744954, -1.19303145933140 ) );
#10241 = CARTESIAN_POINT( '', ( 4.10000000000000, -6.73453222255046, -2.84590562200594 ) );
#10242 = VECTOR( '', #11929, 1000.00000000000 );
#10243 = AXIS2_PLACEMENT_3D( '', #11930, #11931, #11932 );
#10244 = CARTESIAN_POINT( '', ( 4.10000000000000, -7.06546777744954, -2.73196854066874 ) );
#10245 = CARTESIAN_POINT( '', ( 4.10000000000000, -7.06546777744954, -2.73196854066874 ) );
#10246 = VECTOR( '', #11933, 1000.00000000000 );
#10247 = AXIS2_PLACEMENT_3D( '', #11934, #11935, #11936 );
#10248 = CARTESIAN_POINT( '', ( 4.10000000000000, -6.73453222255046, -2.84590562200594 ) );
#10249 = VECTOR( '', #11937, 1000.00000000000 );
#10250 = CARTESIAN_POINT( '', ( 3.40000000000000, -7.06546777744954, -2.73196854066874 ) );
#10251 = VECTOR( '', #11938, 1000.00000000000 );
#10252 = CARTESIAN_POINT( '', ( 3.40000000000000, -7.23093555489897, -2.85000000000084 ) );
#10253 = VECTOR( '', #11939, 1000.00000000000 );
#10254 = CARTESIAN_POINT( '', ( 4.10000000000000, -6.16546777744954, -1.19303145933140 ) );
#10255 = VECTOR( '', #11940, 1000.00000000000 );
#10256 = CARTESIAN_POINT( '', ( 1.60000000000000, -8.39999999999990, -2.85000000000070 ) );
#10257 = CARTESIAN_POINT( '', ( 0.900000000000000, -8.39999999999990, -2.85000000000070 ) );
#10258 = CARTESIAN_POINT( '', ( 0.900000000000000, -8.39999999999990, -2.85000000000070 ) );
#10259 = VECTOR( '', #11941, 1000.00000000000 );
#10260 = CARTESIAN_POINT( '', ( 0.900000000000000, -8.39999999999990, -3.20000000000070 ) );
#10261 = CARTESIAN_POINT( '', ( 0.900000000000000, -8.39999999999990, -3.20000000000070 ) );
#10262 = VECTOR( '', #11942, 1000.00000000000 );
#10263 = CARTESIAN_POINT( '', ( 1.60000000000000, -8.39999999999990, -3.20000000000070 ) );
#10264 = CARTESIAN_POINT( '', ( 1.60000000000000, -8.39999999999990, -3.20000000000070 ) );
#10265 = VECTOR( '', #11943, 1000.00000000000 );
#10266 = CARTESIAN_POINT( '', ( 1.60000000000000, -8.39999999999990, -2.85000000000070 ) );
#10267 = VECTOR( '', #11944, 1000.00000000000 );
#10268 = CARTESIAN_POINT( '', ( 0.900000000000000, -6.49640333234861, -1.07909437799420 ) );
#10269 = AXIS2_PLACEMENT_3D( '', #11945, #11946, #11947 );
#10270 = CARTESIAN_POINT( '', ( 1.60000000000000, -6.49640333234861, -1.07909437799420 ) );
#10271 = CARTESIAN_POINT( '', ( 0.900000000000000, -6.49640333234861, -1.07909437799420 ) );
#10272 = VECTOR( '', #11948, 1000.00000000000 );
#10273 = AXIS2_PLACEMENT_3D( '', #11949, #11950, #11951 );
#10274 = CARTESIAN_POINT( '', ( 0.900000000000000, -7.23093555489897, -3.20000000000084 ) );
#10275 = CARTESIAN_POINT( '', ( 0.900000000000000, -8.39999999999990, -3.20000000000070 ) );
#10276 = VECTOR( '', #11952, 1000.00000000000 );
#10277 = CARTESIAN_POINT( '', ( 0.900000000000000, -7.23093555489897, -2.85000000000084 ) );
#10278 = CARTESIAN_POINT( '', ( 0.900000000000000, -8.39999999999990, -2.85000000000070 ) );
#10279 = VECTOR( '', #11953, 1000.00000000000 );
#10280 = CARTESIAN_POINT( '', ( 0.900000000000000, -7.06546777744954, -2.73196854066874 ) );
#10281 = AXIS2_PLACEMENT_3D( '', #11954, #11955, #11956 );
#10282 = CARTESIAN_POINT( '', ( 0.900000000000000, -7.06546777744954, -2.73196854066874 ) );
#10283 = VECTOR( '', #11957, 1000.00000000000 );
#10284 = CARTESIAN_POINT( '', ( 0.900000000000000, -6.16546777744954, -1.19303145933140 ) );
#10285 = AXIS2_PLACEMENT_3D( '', #11958, #11959, #11960 );
#10286 = CARTESIAN_POINT( '', ( 0.900000000000000, -6.73453222255046, -2.84590562200594 ) );
#10287 = CARTESIAN_POINT( '', ( 0.900000000000000, -6.73453222255046, -2.84590562200594 ) );
#10288 = VECTOR( '', #11961, 1000.00000000000 );
#10289 = AXIS2_PLACEMENT_3D( '', #11962, #11963, #11964 );
#10290 = CARTESIAN_POINT( '', ( 1.60000000000000, -7.23093555489897, -3.20000000000084 ) );
#10291 = CARTESIAN_POINT( '', ( 1.60000000000000, -8.39999999999990, -3.20000000000070 ) );
#10292 = VECTOR( '', #11965, 1000.00000000000 );
#10293 = CARTESIAN_POINT( '', ( 1.60000000000000, -7.23093555489897, -3.20000000000084 ) );
#10294 = VECTOR( '', #11966, 1000.00000000000 );
#10295 = CARTESIAN_POINT( '', ( 1.60000000000000, -7.23093555489897, -2.85000000000084 ) );
#10296 = CARTESIAN_POINT( '', ( 1.60000000000000, -8.39999999999990, -2.85000000000070 ) );
#10297 = VECTOR( '', #11967, 1000.00000000000 );
#10298 = CARTESIAN_POINT( '', ( 1.60000000000000, -6.73453222255046, -2.84590562200594 ) );
#10299 = AXIS2_PLACEMENT_3D( '', #11968, #11969, #11970 );
#10300 = CARTESIAN_POINT( '', ( 1.60000000000000, -6.16546777744954, -1.19303145933140 ) );
#10301 = CARTESIAN_POINT( '', ( 1.60000000000000, -6.73453222255046, -2.84590562200594 ) );
#10302 = VECTOR( '', #11971, 1000.00000000000 );
#10303 = AXIS2_PLACEMENT_3D( '', #11972, #11973, #11974 );
#10304 = CARTESIAN_POINT( '', ( 1.60000000000000, -7.06546777744954, -2.73196854066874 ) );
#10305 = CARTESIAN_POINT( '', ( 1.60000000000000, -7.06546777744954, -2.73196854066874 ) );
#10306 = VECTOR( '', #11975, 1000.00000000000 );
#10307 = AXIS2_PLACEMENT_3D( '', #11976, #11977, #11978 );
#10308 = CARTESIAN_POINT( '', ( 1.60000000000000, -6.73453222255046, -2.84590562200594 ) );
#10309 = VECTOR( '', #11979, 1000.00000000000 );
#10310 = CARTESIAN_POINT( '', ( 0.900000000000000, -7.06546777744954, -2.73196854066874 ) );
#10311 = VECTOR( '', #11980, 1000.00000000000 );
#10312 = CARTESIAN_POINT( '', ( 0.900000000000000, -7.23093555489897, -2.85000000000084 ) );
#10313 = VECTOR( '', #11981, 1000.00000000000 );
#10314 = CARTESIAN_POINT( '', ( 1.60000000000000, -6.16546777744954, -1.19303145933140 ) );
#10315 = VECTOR( '', #11982, 1000.00000000000 );
#10316 = CARTESIAN_POINT( '', ( -1.60000000000000, -8.39999999999990, -2.85000000000070 ) );
#10317 = CARTESIAN_POINT( '', ( -0.900000000000000, -8.39999999999990, -2.85000000000070 ) );
#10318 = CARTESIAN_POINT( '', ( -0.900000000000000, -8.39999999999990, -2.85000000000070 ) );
#10319 = VECTOR( '', #11983, 1000.00000000000 );
#10320 = CARTESIAN_POINT( '', ( -1.60000000000000, -8.39999999999990, -3.20000000000070 ) );
#10321 = CARTESIAN_POINT( '', ( -1.60000000000000, -8.39999999999990, -2.85000000000070 ) );
#10322 = VECTOR( '', #11984, 1000.00000000000 );
#10323 = CARTESIAN_POINT( '', ( -0.900000000000000, -8.39999999999990, -3.20000000000070 ) );
#10324 = CARTESIAN_POINT( '', ( -1.60000000000000, -8.39999999999990, -3.20000000000070 ) );
#10325 = VECTOR( '', #11985, 1000.00000000000 );
#10326 = CARTESIAN_POINT( '', ( -0.900000000000000, -8.39999999999990, -3.20000000000070 ) );
#10327 = VECTOR( '', #11986, 1000.00000000000 );
#10328 = CARTESIAN_POINT( '', ( -1.60000000000000, -6.49640333234861, -1.07909437799420 ) );
#10329 = AXIS2_PLACEMENT_3D( '', #11987, #11988, #11989 );
#10330 = CARTESIAN_POINT( '', ( -0.900000000000000, -6.49640333234861, -1.07909437799420 ) );
#10331 = CARTESIAN_POINT( '', ( -0.900000000000000, -6.49640333234861, -1.07909437799420 ) );
#10332 = VECTOR( '', #11990, 1000.00000000000 );
#10333 = AXIS2_PLACEMENT_3D( '', #11991, #11992, #11993 );
#10334 = CARTESIAN_POINT( '', ( -0.900000000000000, -7.23093555489897, -3.20000000000084 ) );
#10335 = CARTESIAN_POINT( '', ( -0.900000000000000, -8.39999999999990, -3.20000000000070 ) );
#10336 = VECTOR( '', #11994, 1000.00000000000 );
#10337 = CARTESIAN_POINT( '', ( -0.900000000000000, -6.73453222255046, -2.84590562200594 ) );
#10338 = AXIS2_PLACEMENT_3D( '', #11995, #11996, #11997 );
#10339 = CARTESIAN_POINT( '', ( -0.900000000000000, -6.16546777744954, -1.19303145933140 ) );
#10340 = CARTESIAN_POINT( '', ( -0.900000000000000, -6.73453222255046, -2.84590562200594 ) );
#10341 = VECTOR( '', #11998, 1000.00000000000 );
#10342 = AXIS2_PLACEMENT_3D( '', #11999, #12000, #12001 );
#10343 = CARTESIAN_POINT( '', ( -0.900000000000000, -7.06546777744954, -2.73196854066874 ) );
#10344 = CARTESIAN_POINT( '', ( -0.900000000000000, -7.06546777744954, -2.73196854066874 ) );
#10345 = VECTOR( '', #12002, 1000.00000000000 );
#10346 = CARTESIAN_POINT( '', ( -0.900000000000000, -7.23093555489897, -2.85000000000084 ) );
#10347 = AXIS2_PLACEMENT_3D( '', #12003, #12004, #12005 );
#10348 = CARTESIAN_POINT( '', ( -0.900000000000000, -8.39999999999990, -2.85000000000070 ) );
#10349 = VECTOR( '', #12006, 1000.00000000000 );
#10350 = CARTESIAN_POINT( '', ( -1.60000000000000, -7.23093555489897, -3.20000000000084 ) );
#10351 = CARTESIAN_POINT( '', ( -1.60000000000000, -8.39999999999990, -3.20000000000070 ) );
#10352 = VECTOR( '', #12007, 1000.00000000000 );
#10353 = CARTESIAN_POINT( '', ( -1.60000000000000, -7.23093555489897, -3.20000000000084 ) );
#10354 = VECTOR( '', #12008, 1000.00000000000 );
#10355 = CARTESIAN_POINT( '', ( -1.60000000000000, -7.23093555489897, -2.85000000000084 ) );
#10356 = CARTESIAN_POINT( '', ( -1.60000000000000, -8.39999999999990, -2.85000000000070 ) );
#10357 = VECTOR( '', #12009, 1000.00000000000 );
#10358 = CARTESIAN_POINT( '', ( -1.60000000000000, -7.06546777744954, -2.73196854066874 ) );
#10359 = AXIS2_PLACEMENT_3D( '', #12010, #12011, #12012 );
#10360 = CARTESIAN_POINT( '', ( -1.60000000000000, -7.06546777744954, -2.73196854066874 ) );
#10361 = VECTOR( '', #12013, 1000.00000000000 );
#10362 = CARTESIAN_POINT( '', ( -1.60000000000000, -6.16546777744954, -1.19303145933140 ) );
#10363 = AXIS2_PLACEMENT_3D( '', #12014, #12015, #12016 );
#10364 = CARTESIAN_POINT( '', ( -1.60000000000000, -6.73453222255046, -2.84590562200594 ) );
#10365 = CARTESIAN_POINT( '', ( -1.60000000000000, -6.73453222255046, -2.84590562200594 ) );
#10366 = VECTOR( '', #12017, 1000.00000000000 );
#10367 = AXIS2_PLACEMENT_3D( '', #12018, #12019, #12020 );
#10368 = CARTESIAN_POINT( '', ( -1.60000000000000, -6.73453222255046, -2.84590562200594 ) );
#10369 = VECTOR( '', #12021, 1000.00000000000 );
#10370 = CARTESIAN_POINT( '', ( -0.900000000000000, -7.06546777744954, -2.73196854066874 ) );
#10371 = VECTOR( '', #12022, 1000.00000000000 );
#10372 = CARTESIAN_POINT( '', ( -0.900000000000000, -7.23093555489897, -2.85000000000084 ) );
#10373 = VECTOR( '', #12023, 1000.00000000000 );
#10374 = CARTESIAN_POINT( '', ( -1.60000000000000, -6.16546777744954, -1.19303145933140 ) );
#10375 = VECTOR( '', #12024, 1000.00000000000 );
#10376 = CARTESIAN_POINT( '', ( -4.10000000000000, -8.39999999999990, -2.85000000000070 ) );
#10377 = CARTESIAN_POINT( '', ( -3.40000000000000, -8.39999999999990, -2.85000000000070 ) );
#10378 = CARTESIAN_POINT( '', ( -3.40000000000000, -8.39999999999990, -2.85000000000070 ) );
#10379 = VECTOR( '', #12025, 1000.00000000000 );
#10380 = CARTESIAN_POINT( '', ( -4.10000000000000, -8.39999999999990, -3.20000000000070 ) );
#10381 = CARTESIAN_POINT( '', ( -4.10000000000000, -8.39999999999990, -2.85000000000070 ) );
#10382 = VECTOR( '', #12026, 1000.00000000000 );
#10383 = CARTESIAN_POINT( '', ( -3.40000000000000, -8.39999999999990, -3.20000000000070 ) );
#10384 = CARTESIAN_POINT( '', ( -4.10000000000000, -8.39999999999990, -3.20000000000070 ) );
#10385 = VECTOR( '', #12027, 1000.00000000000 );
#10386 = CARTESIAN_POINT( '', ( -3.40000000000000, -8.39999999999990, -3.20000000000070 ) );
#10387 = VECTOR( '', #12028, 1000.00000000000 );
#10388 = CARTESIAN_POINT( '', ( -4.10000000000000, -6.49640333234861, -1.07909437799420 ) );
#10389 = AXIS2_PLACEMENT_3D( '', #12029, #12030, #12031 );
#10390 = CARTESIAN_POINT( '', ( -3.40000000000000, -6.49640333234861, -1.07909437799420 ) );
#10391 = CARTESIAN_POINT( '', ( -3.40000000000000, -6.49640333234861, -1.07909437799420 ) );
#10392 = VECTOR( '', #12032, 1000.00000000000 );
#10393 = AXIS2_PLACEMENT_3D( '', #12033, #12034, #12035 );
#10394 = CARTESIAN_POINT( '', ( -3.40000000000000, -7.23093555489897, -3.20000000000084 ) );
#10395 = CARTESIAN_POINT( '', ( -3.40000000000000, -8.39999999999990, -3.20000000000070 ) );
#10396 = VECTOR( '', #12036, 1000.00000000000 );
#10397 = CARTESIAN_POINT( '', ( -3.40000000000000, -6.73453222255046, -2.84590562200594 ) );
#10398 = AXIS2_PLACEMENT_3D( '', #12037, #12038, #12039 );
#10399 = CARTESIAN_POINT( '', ( -3.40000000000000, -6.16546777744954, -1.19303145933140 ) );
#10400 = CARTESIAN_POINT( '', ( -3.40000000000000, -6.73453222255046, -2.84590562200594 ) );
#10401 = VECTOR( '', #12040, 1000.00000000000 );
#10402 = AXIS2_PLACEMENT_3D( '', #12041, #12042, #12043 );
#10403 = CARTESIAN_POINT( '', ( -3.40000000000000, -7.06546777744954, -2.73196854066874 ) );
#10404 = CARTESIAN_POINT( '', ( -3.40000000000000, -7.06546777744954, -2.73196854066874 ) );
#10405 = VECTOR( '', #12044, 1000.00000000000 );
#10406 = CARTESIAN_POINT( '', ( -3.40000000000000, -7.23093555489897, -2.85000000000084 ) );
#10407 = AXIS2_PLACEMENT_3D( '', #12045, #12046, #12047 );
#10408 = CARTESIAN_POINT( '', ( -3.40000000000000, -8.39999999999990, -2.85000000000070 ) );
#10409 = VECTOR( '', #12048, 1000.00000000000 );
#10410 = CARTESIAN_POINT( '', ( -4.10000000000000, -7.23093555489897, -3.20000000000084 ) );
#10411 = CARTESIAN_POINT( '', ( -4.10000000000000, -8.39999999999990, -3.20000000000070 ) );
#10412 = VECTOR( '', #12049, 1000.00000000000 );
#10413 = CARTESIAN_POINT( '', ( -4.10000000000000, -7.23093555489897, -3.20000000000084 ) );
#10414 = VECTOR( '', #12050, 1000.00000000000 );
#10415 = CARTESIAN_POINT( '', ( -4.10000000000000, -7.23093555489897, -2.85000000000084 ) );
#10416 = CARTESIAN_POINT( '', ( -4.10000000000000, -8.39999999999990, -2.85000000000070 ) );
#10417 = VECTOR( '', #12051, 1000.00000000000 );
#10418 = CARTESIAN_POINT( '', ( -4.10000000000000, -7.06546777744954, -2.73196854066874 ) );
#10419 = AXIS2_PLACEMENT_3D( '', #12052, #12053, #12054 );
#10420 = CARTESIAN_POINT( '', ( -4.10000000000000, -7.06546777744954, -2.73196854066874 ) );
#10421 = VECTOR( '', #12055, 1000.00000000000 );
#10422 = CARTESIAN_POINT( '', ( -4.10000000000000, -6.16546777744954, -1.19303145933140 ) );
#10423 = AXIS2_PLACEMENT_3D( '', #12056, #12057, #12058 );
#10424 = CARTESIAN_POINT( '', ( -4.10000000000000, -6.73453222255046, -2.84590562200594 ) );
#10425 = CARTESIAN_POINT( '', ( -4.10000000000000, -6.73453222255046, -2.84590562200594 ) );
#10426 = VECTOR( '', #12059, 1000.00000000000 );
#10427 = AXIS2_PLACEMENT_3D( '', #12060, #12061, #12062 );
#10428 = CARTESIAN_POINT( '', ( -4.10000000000000, -6.73453222255046, -2.84590562200594 ) );
#10429 = VECTOR( '', #12063, 1000.00000000000 );
#10430 = CARTESIAN_POINT( '', ( -3.40000000000000, -7.06546777744954, -2.73196854066874 ) );
#10431 = VECTOR( '', #12064, 1000.00000000000 );
#10432 = CARTESIAN_POINT( '', ( -3.40000000000000, -7.23093555489897, -2.85000000000084 ) );
#10433 = VECTOR( '', #12065, 1000.00000000000 );
#10434 = CARTESIAN_POINT( '', ( -4.10000000000000, -6.16546777744954, -1.19303145933140 ) );
#10435 = VECTOR( '', #12066, 1000.00000000000 );
#10436 = CARTESIAN_POINT( '', ( -6.60000000000000, -8.39999999999990, -2.85000000000070 ) );
#10437 = CARTESIAN_POINT( '', ( -5.90000000000000, -8.39999999999990, -2.85000000000070 ) );
#10438 = CARTESIAN_POINT( '', ( -5.90000000000000, -8.39999999999990, -2.85000000000070 ) );
#10439 = VECTOR( '', #12067, 1000.00000000000 );
#10440 = CARTESIAN_POINT( '', ( -6.60000000000000, -8.39999999999990, -3.20000000000070 ) );
#10441 = CARTESIAN_POINT( '', ( -6.60000000000000, -8.39999999999990, -2.85000000000070 ) );
#10442 = VECTOR( '', #12068, 1000.00000000000 );
#10443 = CARTESIAN_POINT( '', ( -5.90000000000000, -8.39999999999990, -3.20000000000070 ) );
#10444 = CARTESIAN_POINT( '', ( -6.60000000000000, -8.39999999999990, -3.20000000000070 ) );
#10445 = VECTOR( '', #12069, 1000.00000000000 );
#10446 = CARTESIAN_POINT( '', ( -5.90000000000000, -8.39999999999990, -3.20000000000070 ) );
#10447 = VECTOR( '', #12070, 1000.00000000000 );
#10448 = CARTESIAN_POINT( '', ( -6.60000000000000, -6.49640333234861, -1.07909437799420 ) );
#10449 = AXIS2_PLACEMENT_3D( '', #12071, #12072, #12073 );
#10450 = CARTESIAN_POINT( '', ( -5.90000000000000, -6.49640333234861, -1.07909437799420 ) );
#10451 = CARTESIAN_POINT( '', ( -5.90000000000000, -6.49640333234861, -1.07909437799420 ) );
#10452 = VECTOR( '', #12074, 1000.00000000000 );
#10453 = AXIS2_PLACEMENT_3D( '', #12075, #12076, #12077 );
#10454 = CARTESIAN_POINT( '', ( -5.90000000000000, -7.23093555489897, -3.20000000000084 ) );
#10455 = CARTESIAN_POINT( '', ( -5.90000000000000, -8.39999999999990, -3.20000000000070 ) );
#10456 = VECTOR( '', #12078, 1000.00000000000 );
#10457 = CARTESIAN_POINT( '', ( -5.90000000000000, -6.73453222255046, -2.84590562200594 ) );
#10458 = AXIS2_PLACEMENT_3D( '', #12079, #12080, #12081 );
#10459 = CARTESIAN_POINT( '', ( -5.90000000000000, -6.16546777744954, -1.19303145933140 ) );
#10460 = CARTESIAN_POINT( '', ( -5.90000000000000, -6.73453222255046, -2.84590562200594 ) );
#10461 = VECTOR( '', #12082, 1000.00000000000 );
#10462 = AXIS2_PLACEMENT_3D( '', #12083, #12084, #12085 );
#10463 = CARTESIAN_POINT( '', ( -5.90000000000000, -7.06546777744954, -2.73196854066874 ) );
#10464 = CARTESIAN_POINT( '', ( -5.90000000000000, -7.06546777744954, -2.73196854066874 ) );
#10465 = VECTOR( '', #12086, 1000.00000000000 );
#10466 = CARTESIAN_POINT( '', ( -5.90000000000000, -7.23093555489897, -2.85000000000084 ) );
#10467 = AXIS2_PLACEMENT_3D( '', #12087, #12088, #12089 );
#10468 = CARTESIAN_POINT( '', ( -5.90000000000000, -8.39999999999990, -2.85000000000070 ) );
#10469 = VECTOR( '', #12090, 1000.00000000000 );
#10470 = CARTESIAN_POINT( '', ( -6.60000000000000, -7.23093555489897, -3.20000000000084 ) );
#10471 = CARTESIAN_POINT( '', ( -6.60000000000000, -8.39999999999990, -3.20000000000070 ) );
#10472 = VECTOR( '', #12091, 1000.00000000000 );
#10473 = CARTESIAN_POINT( '', ( -6.60000000000000, -7.23093555489897, -3.20000000000084 ) );
#10474 = VECTOR( '', #12092, 1000.00000000000 );
#10475 = CARTESIAN_POINT( '', ( -6.60000000000000, -7.23093555489897, -2.85000000000084 ) );
#10476 = CARTESIAN_POINT( '', ( -6.60000000000000, -8.39999999999990, -2.85000000000070 ) );
#10477 = VECTOR( '', #12093, 1000.00000000000 );
#10478 = CARTESIAN_POINT( '', ( -6.60000000000000, -7.06546777744954, -2.73196854066874 ) );
#10479 = AXIS2_PLACEMENT_3D( '', #12094, #12095, #12096 );
#10480 = CARTESIAN_POINT( '', ( -6.60000000000000, -7.06546777744954, -2.73196854066874 ) );
#10481 = VECTOR( '', #12097, 1000.00000000000 );
#10482 = CARTESIAN_POINT( '', ( -6.60000000000000, -6.16546777744954, -1.19303145933140 ) );
#10483 = AXIS2_PLACEMENT_3D( '', #12098, #12099, #12100 );
#10484 = CARTESIAN_POINT( '', ( -6.60000000000000, -6.73453222255046, -2.84590562200594 ) );
#10485 = CARTESIAN_POINT( '', ( -6.60000000000000, -6.73453222255046, -2.84590562200594 ) );
#10486 = VECTOR( '', #12101, 1000.00000000000 );
#10487 = AXIS2_PLACEMENT_3D( '', #12102, #12103, #12104 );
#10488 = CARTESIAN_POINT( '', ( -6.60000000000000, -6.73453222255046, -2.84590562200594 ) );
#10489 = VECTOR( '', #12105, 1000.00000000000 );
#10490 = CARTESIAN_POINT( '', ( -5.90000000000000, -7.06546777744954, -2.73196854066874 ) );
#10491 = VECTOR( '', #12106, 1000.00000000000 );
#10492 = CARTESIAN_POINT( '', ( -5.90000000000000, -7.23093555489897, -2.85000000000084 ) );
#10493 = VECTOR( '', #12107, 1000.00000000000 );
#10494 = CARTESIAN_POINT( '', ( -6.60000000000000, -6.16546777744954, -1.19303145933140 ) );
#10495 = VECTOR( '', #12108, 1000.00000000000 );
#10496 = CARTESIAN_POINT( '', ( 5.65000000000000, 3.50000000000000, 0.500000000000000 ) );
#10497 = VECTOR( '', #12109, 1000.00000000000 );
#10498 = CARTESIAN_POINT( '', ( 5.65000000000000, -3.50000000000000, 0.500000000000000 ) );
#10499 = VECTOR( '', #12110, 1000.00000000000 );
#10500 = CARTESIAN_POINT( '', ( -5.65000000000000, 3.50000000000000, 0.500000000000000 ) );
#10501 = VECTOR( '', #12111, 1000.00000000000 );
#10502 = CARTESIAN_POINT( '', ( -5.65000000000000, -3.50000000000000, 0.500000000000000 ) );
#10503 = VECTOR( '', #12112, 1000.00000000000 );
#10504 = CARTESIAN_POINT( '', ( -8.15000000000000, -3.50000000000000, -1.95000000000000 ) );
#10505 = CARTESIAN_POINT( '', ( -8.15000000000000, -6.00000000000000, -1.95000000000000 ) );
#10506 = VECTOR( '', #12113, 1000.00000000000 );
#10507 = CARTESIAN_POINT( '', ( -8.15000000000000, -3.50000000000000, -1.95000000000000 ) );
#10508 = VECTOR( '', #12114, 1000.00000000000 );
#10509 = CARTESIAN_POINT( '', ( 8.15000000000000, -3.50000000000000, -1.95000000000000 ) );
#10510 = CARTESIAN_POINT( '', ( 8.15000000000000, -6.00000000000000, -1.95000000000000 ) );
#10511 = VECTOR( '', #12115, 1000.00000000000 );
#10512 = CARTESIAN_POINT( '', ( 8.15000000000000, -3.50000000000000, -1.95000000000000 ) );
#10513 = VECTOR( '', #12116, 1000.00000000000 );
#10514 = CARTESIAN_POINT( '', ( 8.15000000000000, -3.50000000000000, -1.95000000000000 ) );
#10515 = VECTOR( '', #12117, 1000.00000000000 );
#10516 = CARTESIAN_POINT( '', ( 8.15000000000000, 3.50000000000000, -1.95000000000000 ) );
#10517 = VECTOR( '', #12118, 1000.00000000000 );
#10518 = CARTESIAN_POINT( '', ( -8.15000000000000, 3.50000000000000, -1.95000000000000 ) );
#10519 = VECTOR( '', #12119, 1000.00000000000 );
#10520 = CARTESIAN_POINT( '', ( 5.95000000000000, -5.90000000000000, 0.400000000000000 ) );
#10521 = VECTOR( '', #12120, 1000.00000000000 );
#10522 = CARTESIAN_POINT( '', ( 5.95000000000000, -4.52639931874694, 0.480640499585569 ) );
#10523 = VECTOR( '', #12121, 1000.00000000000 );
#10524 = CARTESIAN_POINT( '', ( 1.65000000000000, 4.52639931874694, 0.480640499585569 ) );
#10525 = CARTESIAN_POINT( '', ( 1.65000000000000, 4.50000000000000, 0.500000000000000 ) );
#10526 = VECTOR( '', #12122, 1000.00000000000 );
#10527 = CARTESIAN_POINT( '', ( 3.35000000000000, 4.52639931874694, 0.480640499585569 ) );
#10528 = CARTESIAN_POINT( '', ( 3.45000000000000, 4.52639931874694, 0.480640499585569 ) );
#10529 = VECTOR( '', #12123, 1000.00000000000 );
#10530 = CARTESIAN_POINT( '', ( 3.35000000000000, 6.00000000000000, -0.600000000000000 ) );
#10531 = VECTOR( '', #12124, 1000.00000000000 );
#10532 = CARTESIAN_POINT( '', ( 1.55000000000000, 5.95913636636275, -0.570033335332687 ) );
#10533 = VECTOR( '', #12125, 1000.00000000000 );
#10534 = CARTESIAN_POINT( '', ( 4.15000000000000, 4.52639931874694, 0.480640499585569 ) );
#10535 = CARTESIAN_POINT( '', ( 4.15000000000000, 4.50000000000000, 0.500000000000000 ) );
#10536 = VECTOR( '', #12126, 1000.00000000000 );
#10537 = CARTESIAN_POINT( '', ( 5.85000000000000, 4.52639931874694, 0.480640499585569 ) );
#10538 = CARTESIAN_POINT( '', ( 5.95000000000000, 4.52639931874694, 0.480640499585569 ) );
#10539 = VECTOR( '', #12127, 1000.00000000000 );
#10540 = CARTESIAN_POINT( '', ( 5.85000000000000, 6.00000000000000, -0.600000000000000 ) );
#10541 = VECTOR( '', #12128, 1000.00000000000 );
#10542 = CARTESIAN_POINT( '', ( 4.05000000000000, 5.95913636636275, -0.570033335332687 ) );
#10543 = VECTOR( '', #12129, 1000.00000000000 );
#10544 = CARTESIAN_POINT( '', ( -0.850000000000000, 4.52639931874694, 0.480640499585569 ) );
#10545 = CARTESIAN_POINT( '', ( -0.850000000000000, 6.00000000000000, -0.600000000000000 ) );
#10546 = VECTOR( '', #12130, 1000.00000000000 );
#10547 = CARTESIAN_POINT( '', ( 0.850000000000000, 4.52639931874694, 0.480640499585569 ) );
#10548 = CARTESIAN_POINT( '', ( 0.950000000000000, 4.52639931874694, 0.480640499585569 ) );
#10549 = VECTOR( '', #12131, 1000.00000000000 );
#10550 = CARTESIAN_POINT( '', ( 0.850000000000000, 6.00000000000000, -0.600000000000000 ) );
#10551 = VECTOR( '', #12132, 1000.00000000000 );
#10552 = CARTESIAN_POINT( '', ( -0.950000000000000, 5.95913636636275, -0.570033335332687 ) );
#10553 = VECTOR( '', #12133, 1000.00000000000 );
#10554 = CARTESIAN_POINT( '', ( -5.85000000000000, 6.00000000000000, -0.600000000000000 ) );
#10555 = VECTOR( '', #12134, 1000.00000000000 );
#10556 = CARTESIAN_POINT( '', ( -5.95000000000000, 5.95913636636275, -0.570033335332687 ) );
#10557 = VECTOR( '', #12135, 1000.00000000000 );
#10558 = CARTESIAN_POINT( '', ( -0.950000000000000, 4.80546432034307, 0.400000000000000 ) );
#10559 = CARTESIAN_POINT( '', ( -0.950000000000000, 5.08370284035119, 0.195958418660714 ) );
#10560 = VECTOR( '', #12136, 1000.00000000000 );
#10561 = AXIS2_PLACEMENT_3D( '', #12137, #12138, #12139 );
#10562 = CARTESIAN_POINT( '', ( -1.05000000000000, 4.80546432034307, 0.500000000000000 ) );
#10563 = AXIS2_PLACEMENT_3D( '', #12140, #12141, #12142 );
#10564 = CARTESIAN_POINT( '', ( -0.850000000000000, 4.46726295238419, 0.500000000000000 ) );
#10565 = AXIS2_PLACEMENT_3D( '', #12143, #12144, #12145 );
#10566 = AXIS2_PLACEMENT_3D( '', #12146, #12147, #12148 );
#10567 = CARTESIAN_POINT( '', ( 0.850000000000000, 4.46726295238419, 0.500000000000000 ) );
#10568 = CARTESIAN_POINT( '', ( -0.950000000000000, 4.46726295238419, 0.500000000000000 ) );
#10569 = VECTOR( '', #12149, 1000.00000000000 );
#10570 = AXIS2_PLACEMENT_3D( '', #12150, #12151, #12152 );
#10571 = CARTESIAN_POINT( '', ( 1.05000000000000, 4.80546432034307, 0.500000000000000 ) );
#10572 = AXIS2_PLACEMENT_3D( '', #12153, #12154, #12155 );
#10573 = AXIS2_PLACEMENT_3D( '', #12156, #12157, #12158 );
#10574 = AXIS2_PLACEMENT_3D( '', #12159, #12160, #12161 );
#10575 = AXIS2_PLACEMENT_3D( '', #12162, #12163, #12164 );
#10576 = AXIS2_PLACEMENT_3D( '', #12165, #12166, #12167 );
#10577 = AXIS2_PLACEMENT_3D( '', #12168, #12169, #12170 );
#10578 = AXIS2_PLACEMENT_3D( '', #12171, #12172, #12173 );
#10579 = AXIS2_PLACEMENT_3D( '', #12174, #12175, #12176 );
#10580 = AXIS2_PLACEMENT_3D( '', #12177, #12178, #12179 );
#10581 = CARTESIAN_POINT( '', ( 1.65000000000000, 4.46726295238420, 0.500000000000000 ) );
#10582 = AXIS2_PLACEMENT_3D( '', #12180, #12181, #12182 );
#10583 = AXIS2_PLACEMENT_3D( '', #12183, #12184, #12185 );
#10584 = CARTESIAN_POINT( '', ( 1.45000000000000, 4.80546432034307, 0.500000000000000 ) );
#10585 = AXIS2_PLACEMENT_3D( '', #12186, #12187, #12188 );
#10586 = AXIS2_PLACEMENT_3D( '', #12189, #12190, #12191 );
#10587 = AXIS2_PLACEMENT_3D( '', #12192, #12193, #12194 );
#10588 = CARTESIAN_POINT( '', ( 1.45000000000000, 5.90000000000000, 0.500000000000000 ) );
#10589 = VECTOR( '', #12195, 1000.00000000000 );
#10590 = CARTESIAN_POINT( '', ( 5.95000000000000, 4.46726295238420, 0.500000000000000 ) );
#10591 = VECTOR( '', #12196, 1000.00000000000 );
#10592 = CARTESIAN_POINT( '', ( -5.95000000000000, 5.90000000000000, -0.600000000000000 ) );
#10593 = VECTOR( '', #12197, 1000.00000000000 );
#10594 = CARTESIAN_POINT( '', ( 1.05000000000000, -5.65000000000000, 0.500000000000000 ) );
#10595 = VECTOR( '', #12198, 1000.00000000000 );
#10596 = CARTESIAN_POINT( '', ( -1.04999999999999, -5.65000000000000, 0.500000000000000 ) );
#10597 = VECTOR( '', #12199, 1000.00000000000 );
#10598 = CARTESIAN_POINT( '', ( 1.45000000000000, -5.65000000000000, 0.500000000000000 ) );
#10599 = VECTOR( '', #12200, 1000.00000000000 );
#10600 = AXIS2_PLACEMENT_3D( '', #12201, #12202, #12203 );
#10601 = CARTESIAN_POINT( '', ( 3.45000000000000, -5.90000000000000, 0.400000000000000 ) );
#10602 = VECTOR( '', #12204, 1000.00000000000 );
#10603 = CARTESIAN_POINT( '', ( 1.55000000000000, -6.00000000000000, 0.400000000000000 ) );
#10604 = VECTOR( '', #12205, 1000.00000000000 );
#10605 = CARTESIAN_POINT( '', ( 4.05000000000000, -6.00000000000000, 0.400000000000000 ) );
#10606 = VECTOR( '', #12206, 1000.00000000000 );
#10607 = AXIS2_PLACEMENT_3D( '', #12207, #12208, #12209 );
#10608 = CARTESIAN_POINT( '', ( 0.950000000000000, -5.95913636636275, -0.570033335332687 ) );
#10609 = VECTOR( '', #12210, 1000.00000000000 );
#10610 = AXIS2_PLACEMENT_3D( '', #12211, #12212, #12213 );
#10611 = CARTESIAN_POINT( '', ( -0.950000000000000, 5.90000000000000, 0.400000000000000 ) );
#10612 = CARTESIAN_POINT( '', ( -0.950000000000000, 5.90000000000000, -0.600000000000000 ) );
#10613 = VECTOR( '', #12214, 1000.00000000000 );
#10614 = CARTESIAN_POINT( '', ( -0.950000000000000, 4.50000000000000, 0.400000000000000 ) );
#10615 = VECTOR( '', #12215, 1000.00000000000 );
#10616 = CARTESIAN_POINT( '', ( -5.95000000000000, 4.80546432034307, 0.400000000000000 ) );
#10617 = CARTESIAN_POINT( '', ( -5.95000000000000, 4.50000000000000, 0.400000000000000 ) );
#10618 = VECTOR( '', #12216, 1000.00000000000 );
#10619 = CARTESIAN_POINT( '', ( -5.95000000000000, 5.08370284035119, 0.195958418660714 ) );
#10620 = VECTOR( '', #12217, 1000.00000000000 );
#10621 = CARTESIAN_POINT( '', ( -3.45000000000000, 5.90000000000000, -0.600000000000000 ) );
#10622 = VECTOR( '', #12218, 1000.00000000000 );
#10623 = CARTESIAN_POINT( '', ( 4.05000000000000, 5.90000000000000, 0.400000000000000 ) );
#10624 = CARTESIAN_POINT( '', ( 4.05000000000000, 5.90000000000000, 0.400000000000000 ) );
#10625 = VECTOR( '', #12219, 1000.00000000000 );
#10626 = CARTESIAN_POINT( '', ( 4.05000000000000, 4.80546432034307, 0.400000000000000 ) );
#10627 = CARTESIAN_POINT( '', ( 4.05000000000000, 4.50000000000000, 0.400000000000000 ) );
#10628 = VECTOR( '', #12220, 1000.00000000000 );
#10629 = CARTESIAN_POINT( '', ( 4.05000000000000, 6.05913636636275, -0.519359500414431 ) );
#10630 = VECTOR( '', #12221, 1000.00000000000 );
#10631 = CARTESIAN_POINT( '', ( 5.95000000000000, 4.80546432034307, 0.400000000000000 ) );
#10632 = CARTESIAN_POINT( '', ( 5.95000000000000, 4.55913636636275, 0.580640499585569 ) );
#10633 = VECTOR( '', #12222, 1000.00000000000 );
#10634 = CARTESIAN_POINT( '', ( 5.95000000000000, 5.90000000000000, 0.400000000000000 ) );
#10635 = VECTOR( '', #12223, 1000.00000000000 );
#10636 = AXIS2_PLACEMENT_3D( '', #12224, #12225, #12226 );
#10637 = CARTESIAN_POINT( '', ( 5.90000000000000, 7.06546777744954, -2.73196854066874 ) );
#10638 = AXIS2_PLACEMENT_3D( '', #12227, #12228, #12229 );
#10639 = CARTESIAN_POINT( '', ( 6.60000000000000, 7.06546777744954, -2.73196854066874 ) );
#10640 = VECTOR( '', #12230, 1000.00000000000 );
#10641 = CARTESIAN_POINT( '', ( 5.90000000000000, 6.73453222255046, -2.84590562200594 ) );
#10642 = AXIS2_PLACEMENT_3D( '', #12231, #12232, #12233 );
#10643 = CARTESIAN_POINT( '', ( 5.90000000000000, 6.73453222255046, -2.84590562200594 ) );
#10644 = VECTOR( '', #12234, 1000.00000000000 );
#10645 = CARTESIAN_POINT( '', ( 5.90000000000000, 6.49640333234861, -1.07909437799420 ) );
#10646 = CARTESIAN_POINT( '', ( 5.90000000000000, 6.49640333234861, -1.07909437799420 ) );
#10647 = VECTOR( '', #12235, 1000.00000000000 );
#10648 = CARTESIAN_POINT( '', ( 6.60000000000000, 6.49640333234861, -1.07909437799420 ) );
#10649 = VECTOR( '', #12236, 1000.00000000000 );
#10650 = CARTESIAN_POINT( '', ( 5.90000000000000, 6.16546777744954, -1.19303145933140 ) );
#10651 = VECTOR( '', #12237, 1000.00000000000 );
#10652 = AXIS2_PLACEMENT_3D( '', #12238, #12239, #12240 );
#10653 = AXIS2_PLACEMENT_3D( '', #12241, #12242, #12243 );
#10654 = AXIS2_PLACEMENT_3D( '', #12244, #12245, #12246 );
#10655 = AXIS2_PLACEMENT_3D( '', #12247, #12248, #12249 );
#10656 = AXIS2_PLACEMENT_3D( '', #12250, #12251, #12252 );
#10657 = AXIS2_PLACEMENT_3D( '', #12253, #12254, #12255 );
#10658 = AXIS2_PLACEMENT_3D( '', #12256, #12257, #12258 );
#10659 = AXIS2_PLACEMENT_3D( '', #12259, #12260, #12261 );
#10660 = AXIS2_PLACEMENT_3D( '', #12262, #12263, #12264 );
#10661 = AXIS2_PLACEMENT_3D( '', #12265, #12266, #12267 );
#10662 = AXIS2_PLACEMENT_3D( '', #12268, #12269, #12270 );
#10663 = AXIS2_PLACEMENT_3D( '', #12271, #12272, #12273 );
#10664 = AXIS2_PLACEMENT_3D( '', #12274, #12275, #12276 );
#10665 = AXIS2_PLACEMENT_3D( '', #12277, #12278, #12279 );
#10666 = CARTESIAN_POINT( '', ( 0.000000000000000, 0.000000000000000, 0.500000000000000 ) );
#10667 = DIRECTION( '', ( 0.000000000000000, 0.000000000000000, -1.00000000000000 ) );
#10668 = DIRECTION( '', ( 1.00000000000000, 0.000000000000000, 0.000000000000000 ) );
#10669 = DIRECTION( '', ( -2.89120579329467E-016, -1.00000000000000, 0.000000000000000 ) );
#10670 = DIRECTION( '', ( -1.00000000000000, 0.000000000000000, 0.000000000000000 ) );
#10671 = DIRECTION( '', ( 5.78241158658934E-016, -1.00000000000000, 0.000000000000000 ) );
#10672 = CARTESIAN_POINT( '', ( -1.45000000000000, 5.90000000000000, 0.400000000000000 ) );
#10673 = DIRECTION( '', ( 0.000000000000000, 0.000000000000000, -1.00000000000000 ) );
#10674 = DIRECTION( '', ( -1.00000000000000, 0.000000000000000, 0.000000000000000 ) );
#10675 = CARTESIAN_POINT( '', ( -1.45000000000000, 5.90000000000000, 0.400000000000000 ) );
#10676 = DIRECTION( '', ( 0.000000000000000, -1.00000000000000, 0.000000000000000 ) );
#10677 = DIRECTION( '', ( 0.000000000000000, 0.000000000000000, -1.00000000000000 ) );
#10678 = CARTESIAN_POINT( '', ( -1.45000000000000, 5.90000000000000, 0.400000000000000 ) );
#10679 = DIRECTION( '', ( -1.00000000000000, 0.000000000000000, 0.000000000000000 ) );
#10680 = DIRECTION( '', ( 0.000000000000000, 0.000000000000000, 1.00000000000000 ) );
#10681 = CARTESIAN_POINT( '', ( -1.65000000000000, 4.46726295238420, 0.400000000000000 ) );
#10682 = DIRECTION( '', ( 1.00000000000000, 0.000000000000000, 0.000000000000000 ) );
#10683 = DIRECTION( '', ( 0.000000000000000, 0.000000000000000, -1.00000000000000 ) );
#10684 = DIRECTION( '', ( -1.00000000000000, 0.000000000000000, 0.000000000000000 ) );
#10685 = CARTESIAN_POINT( '', ( -3.35000000000000, 4.46726295238419, 0.400000000000000 ) );
#10686 = DIRECTION( '', ( -1.00000000000000, 0.000000000000000, 0.000000000000000 ) );
#10687 = DIRECTION( '', ( 0.000000000000000, 0.000000000000000, 1.00000000000000 ) );
#10688 = DIRECTION( '', ( -1.00000000000000, 0.000000000000000, 0.000000000000000 ) );
#10689 = DIRECTION( '', ( -1.00000000000000, 0.000000000000000, 0.000000000000000 ) );
#10690 = CARTESIAN_POINT( '', ( 0.000000000000000, 0.000000000000000, 0.500000000000000 ) );
#10691 = DIRECTION( '', ( 0.000000000000000, 0.000000000000000, -1.00000000000000 ) );
#10692 = DIRECTION( '', ( 1.00000000000000, 0.000000000000000, 0.000000000000000 ) );
#10693 = CARTESIAN_POINT( '', ( -3.35000000000000, 4.80546432034307, 0.500000000000000 ) );
#10694 = DIRECTION( '', ( 0.000000000000000, -0.000000000000000, 1.00000000000000 ) );
#10695 = DIRECTION( '', ( 2.89120579329467E-016, 1.00000000000000, 0.000000000000000 ) );
#10696 = DIRECTION( '', ( 2.89120579329467E-016, 1.00000000000000, 0.000000000000000 ) );
#10697 = DIRECTION( '', ( -1.00000000000000, 0.000000000000000, 0.000000000000000 ) );
#10698 = DIRECTION( '', ( 0.000000000000000, -1.00000000000000, 0.000000000000000 ) );
#10699 = CARTESIAN_POINT( '', ( -4.15000000000000, 4.80546432034307, 0.500000000000000 ) );
#10700 = DIRECTION( '', ( 0.000000000000000, 0.000000000000000, 1.00000000000000 ) );
#10701 = DIRECTION( '', ( 0.000000000000000, -1.00000000000000, 0.000000000000000 ) );
#10702 = DIRECTION( '', ( -1.00000000000000, 0.000000000000000, 0.000000000000000 ) );
#10703 = CARTESIAN_POINT( '', ( -5.85000000000000, 4.80546432034307, 0.500000000000000 ) );
#10704 = DIRECTION( '', ( 0.000000000000000, 0.000000000000000, 1.00000000000000 ) );
#10705 = DIRECTION( '', ( 0.000000000000000, -1.00000000000000, 0.000000000000000 ) );
#10706 = DIRECTION( '', ( 0.000000000000000, 1.00000000000000, 0.000000000000000 ) );
#10707 = DIRECTION( '', ( -1.00000000000000, 0.000000000000000, 0.000000000000000 ) );
#10708 = DIRECTION( '', ( 6.12303176911189E-017, 1.00000000000000, 0.000000000000000 ) );
#10709 = DIRECTION( '', ( -1.00000000000000, 0.000000000000000, 0.000000000000000 ) );
#10710 = DIRECTION( '', ( 0.000000000000000, 1.00000000000000, 0.000000000000000 ) );
#10711 = DIRECTION( '', ( -1.00000000000000, 0.000000000000000, 0.000000000000000 ) );
#10712 = DIRECTION( '', ( -6.12303176911189E-017, -1.00000000000000, 0.000000000000000 ) );
#10713 = DIRECTION( '', ( -1.00000000000000, 0.000000000000000, 0.000000000000000 ) );
#10714 = DIRECTION( '', ( 0.000000000000000, -1.00000000000000, 0.000000000000000 ) );
#10715 = CARTESIAN_POINT( '', ( -5.85000000000000, -4.80546432034307, 0.500000000000000 ) );
#10716 = DIRECTION( '', ( 0.000000000000000, -0.000000000000000, 1.00000000000000 ) );
#10717 = DIRECTION( '', ( 0.000000000000000, 1.00000000000000, 0.000000000000000 ) );
#10718 = DIRECTION( '', ( -1.00000000000000, 0.000000000000000, 0.000000000000000 ) );
#10719 = CARTESIAN_POINT( '', ( -4.15000000000000, -4.80546432034307, 0.500000000000000 ) );
#10720 = DIRECTION( '', ( 0.000000000000000, 0.000000000000000, 1.00000000000000 ) );
#10721 = DIRECTION( '', ( 0.000000000000000, -1.00000000000000, 0.000000000000000 ) );
#10722 = DIRECTION( '', ( 0.000000000000000, 1.00000000000000, 0.000000000000000 ) );
#10723 = DIRECTION( '', ( -1.00000000000000, 0.000000000000000, 0.000000000000000 ) );
#10724 = DIRECTION( '', ( 5.78241158658934E-016, -1.00000000000000, 0.000000000000000 ) );
#10725 = CARTESIAN_POINT( '', ( -3.35000000000000, -4.80546432034307, 0.500000000000000 ) );
#10726 = DIRECTION( '', ( 0.000000000000000, 0.000000000000000, 1.00000000000000 ) );
#10727 = DIRECTION( '', ( -5.78241158658934E-016, 1.00000000000000, 0.000000000000000 ) );
#10728 = DIRECTION( '', ( -1.00000000000000, 0.000000000000000, 0.000000000000000 ) );
#10729 = DIRECTION( '', ( 0.000000000000000, -1.00000000000000, 0.000000000000000 ) );
#10730 = CARTESIAN_POINT( '', ( -1.65000000000000, 4.80546432034307, 0.500000000000000 ) );
#10731 = DIRECTION( '', ( 0.000000000000000, 0.000000000000000, 1.00000000000000 ) );
#10732 = DIRECTION( '', ( 0.000000000000000, -1.00000000000000, 0.000000000000000 ) );
#10733 = CARTESIAN_POINT( '', ( 0.000000000000000, 0.000000000000000, 0.500000000000000 ) );
#10734 = DIRECTION( '', ( 0.000000000000000, 0.000000000000000, -1.00000000000000 ) );
#10735 = DIRECTION( '', ( 1.00000000000000, 0.000000000000000, 0.000000000000000 ) );
#10736 = CARTESIAN_POINT( '', ( 0.000000000000000, 0.000000000000000, 2.50000000000000 ) );
#10737 = DIRECTION( '', ( 0.000000000000000, 0.000000000000000, -1.00000000000000 ) );
#10738 = DIRECTION( '', ( -1.00000000000000, 0.000000000000000, 0.000000000000000 ) );
#10739 = CARTESIAN_POINT( '', ( 0.000000000000000, 0.000000000000000, 0.500000000000000 ) );
#10740 = DIRECTION( '', ( 0.000000000000000, 0.000000000000000, -1.00000000000000 ) );
#10741 = DIRECTION( '', ( 1.00000000000000, 0.000000000000000, 0.000000000000000 ) );
#10742 = CARTESIAN_POINT( '', ( 0.000000000000000, 0.000000000000000, 0.500000000000000 ) );
#10743 = DIRECTION( '', ( 0.000000000000000, 0.000000000000000, -1.00000000000000 ) );
#10744 = DIRECTION( '', ( 1.00000000000000, 0.000000000000000, 0.000000000000000 ) );
#10745 = CARTESIAN_POINT( '', ( 0.000000000000000, 0.000000000000000, 0.500000000000000 ) );
#10746 = DIRECTION( '', ( 0.000000000000000, 0.000000000000000, -1.00000000000000 ) );
#10747 = DIRECTION( '', ( 1.00000000000000, 0.000000000000000, 0.000000000000000 ) );
#10748 = CARTESIAN_POINT( '', ( 0.000000000000000, 0.000000000000000, 0.500000000000000 ) );
#10749 = DIRECTION( '', ( 0.000000000000000, 0.000000000000000, -1.00000000000000 ) );
#10750 = DIRECTION( '', ( 1.00000000000000, 0.000000000000000, 0.000000000000000 ) );
#10751 = CARTESIAN_POINT( '', ( 0.000000000000000, 0.000000000000000, 0.500000000000000 ) );
#10752 = DIRECTION( '', ( 0.000000000000000, 0.000000000000000, -1.00000000000000 ) );
#10753 = DIRECTION( '', ( 1.00000000000000, 0.000000000000000, 0.000000000000000 ) );
#10754 = CARTESIAN_POINT( '', ( 0.000000000000000, 0.000000000000000, 0.500000000000000 ) );
#10755 = DIRECTION( '', ( 0.000000000000000, 0.000000000000000, -1.00000000000000 ) );
#10756 = DIRECTION( '', ( 1.00000000000000, 0.000000000000000, 0.000000000000000 ) );
#10757 = CARTESIAN_POINT( '', ( 0.000000000000000, 0.000000000000000, 0.500000000000000 ) );
#10758 = DIRECTION( '', ( 0.000000000000000, 0.000000000000000, -1.00000000000000 ) );
#10759 = DIRECTION( '', ( 1.00000000000000, 0.000000000000000, 0.000000000000000 ) );
#10760 = CARTESIAN_POINT( '', ( 0.000000000000000, 0.000000000000000, 0.500000000000000 ) );
#10761 = DIRECTION( '', ( 0.000000000000000, 0.000000000000000, -1.00000000000000 ) );
#10762 = DIRECTION( '', ( 1.00000000000000, 0.000000000000000, 0.000000000000000 ) );
#10763 = CARTESIAN_POINT( '', ( 0.000000000000000, 0.000000000000000, 0.500000000000000 ) );
#10764 = DIRECTION( '', ( 0.000000000000000, 0.000000000000000, -1.00000000000000 ) );
#10765 = DIRECTION( '', ( 1.00000000000000, 0.000000000000000, 0.000000000000000 ) );
#10766 = DIRECTION( '', ( 1.00000000000000, 0.000000000000000, 0.000000000000000 ) );
#10767 = DIRECTION( '', ( 1.00000000000000, 0.000000000000000, 0.000000000000000 ) );
#10768 = CARTESIAN_POINT( '', ( 0.000000000000000, 0.000000000000000, 7.80000000000000 ) );
#10769 = DIRECTION( '', ( 0.000000000000000, 0.752576694706877, -0.658504607868519 ) );
#10770 = DIRECTION( '', ( 0.000000000000000, -0.658504607868519, -0.752576694706877 ) );
#10771 = CARTESIAN_POINT( '', ( 0.000000000000000, 0.000000000000000, 3.40000000000000 ) );
#10772 = DIRECTION( '', ( 0.000000000000000, -1.23908819712629E-015, -1.00000000000000 ) );
#10773 = DIRECTION( '', ( 0.000000000000000, 1.00000000000000, -1.23908819712629E-015 ) );
#10774 = DIRECTION( '', ( 0.000000000000000, 0.000000000000000, -1.00000000000000 ) );
#10775 = CARTESIAN_POINT( '', ( 0.000000000000000, 0.000000000000000, 3.00000000000000 ) );
#10776 = DIRECTION( '', ( 0.000000000000000, 0.000000000000000, -1.00000000000000 ) );
#10777 = DIRECTION( '', ( 1.00000000000000, 0.000000000000000, 0.000000000000000 ) );
#10778 = DIRECTION( '', ( 0.000000000000000, 0.000000000000000, -1.00000000000000 ) );
#10779 = CARTESIAN_POINT( '', ( 0.000000000000000, 0.000000000000000, 3.40000000000000 ) );
#10780 = DIRECTION( '', ( 0.000000000000000, -1.23908819712629E-015, 1.00000000000000 ) );
#10781 = DIRECTION( '', ( 0.000000000000000, -1.00000000000000, -1.23908819712629E-015 ) );
#10782 = CARTESIAN_POINT( '', ( 0.000000000000000, 0.000000000000000, 7.80000000000000 ) );
#10783 = DIRECTION( '', ( 0.000000000000000, 0.752576694706877, 0.658504607868519 ) );
#10784 = DIRECTION( '', ( 0.000000000000000, 0.658504607868519, -0.752576694706877 ) );
#10785 = CARTESIAN_POINT( '', ( 0.000000000000000, 0.000000000000000, 3.00000000000000 ) );
#10786 = DIRECTION( '', ( 0.000000000000000, 0.000000000000000, -1.00000000000000 ) );
#10787 = DIRECTION( '', ( 1.00000000000000, 0.000000000000000, 0.000000000000000 ) );
#10788 = CARTESIAN_POINT( '', ( 0.000000000000000, 0.000000000000000, 7.80000000000000 ) );
#10789 = DIRECTION( '', ( 0.000000000000000, 0.752576694706877, 0.658504607868519 ) );
#10790 = DIRECTION( '', ( 0.000000000000000, 0.658504607868519, -0.752576694706877 ) );
#10791 = CARTESIAN_POINT( '', ( 0.000000000000000, 0.000000000000000, 3.40000000000000 ) );
#10792 = DIRECTION( '', ( 0.000000000000000, -1.23908819712629E-015, 1.00000000000000 ) );
#10793 = DIRECTION( '', ( 0.000000000000000, -1.00000000000000, -1.23908819712629E-015 ) );
#10794 = DIRECTION( '', ( 0.000000000000000, 0.000000000000000, -1.00000000000000 ) );
#10795 = CARTESIAN_POINT( '', ( 0.000000000000000, 0.000000000000000, 3.00000000000000 ) );
#10796 = DIRECTION( '', ( 0.000000000000000, 0.000000000000000, -1.00000000000000 ) );
#10797 = DIRECTION( '', ( 1.00000000000000, 0.000000000000000, 0.000000000000000 ) );
#10798 = DIRECTION( '', ( 0.000000000000000, 0.000000000000000, -1.00000000000000 ) );
#10799 = CARTESIAN_POINT( '', ( 0.000000000000000, 0.000000000000000, 3.40000000000000 ) );
#10800 = DIRECTION( '', ( 0.000000000000000, -1.23908819712629E-015, -1.00000000000000 ) );
#10801 = DIRECTION( '', ( 0.000000000000000, 1.00000000000000, -1.23908819712629E-015 ) );
#10802 = CARTESIAN_POINT( '', ( 0.000000000000000, 0.000000000000000, 7.80000000000000 ) );
#10803 = DIRECTION( '', ( 0.000000000000000, 0.752576694706877, -0.658504607868519 ) );
#10804 = DIRECTION( '', ( 0.000000000000000, -0.658504607868519, -0.752576694706877 ) );
#10805 = CARTESIAN_POINT( '', ( 0.000000000000000, 0.000000000000000, 3.00000000000000 ) );
#10806 = DIRECTION( '', ( 0.000000000000000, 0.000000000000000, -1.00000000000000 ) );
#10807 = DIRECTION( '', ( 1.00000000000000, 0.000000000000000, 0.000000000000000 ) );
#10808 = CARTESIAN_POINT( '', ( 5.31088347701510E-032, 8.67361737988404E-016, 2.50000000000000 ) );
#10809 = DIRECTION( '', ( 0.000000000000000, 0.000000000000000, -1.00000000000000 ) );
#10810 = DIRECTION( '', ( -1.00000000000000, 0.000000000000000, 0.000000000000000 ) );
#10811 = CARTESIAN_POINT( '', ( 0.000000000000000, 0.000000000000000, 3.00000000000000 ) );
#10812 = DIRECTION( '', ( 0.000000000000000, 0.000000000000000, -1.00000000000000 ) );
#10813 = DIRECTION( '', ( 1.00000000000000, 0.000000000000000, 0.000000000000000 ) );
#10814 = CARTESIAN_POINT( '', ( 0.000000000000000, 0.000000000000000, 0.000000000000000 ) );
#10815 = DIRECTION( '', ( 0.000000000000000, 0.000000000000000, -1.00000000000000 ) );
#10816 = DIRECTION( '', ( 1.00000000000000, 0.000000000000000, 0.000000000000000 ) );
#10817 = DIRECTION( '', ( -1.00000000000000, 0.000000000000000, 0.000000000000000 ) );
#10818 = DIRECTION( '', ( 0.000000000000000, 1.00000000000000, 0.000000000000000 ) );
#10819 = DIRECTION( '', ( -1.00000000000000, 0.000000000000000, 0.000000000000000 ) );
#10820 = DIRECTION( '', ( 0.000000000000000, 1.00000000000000, 0.000000000000000 ) );
#10821 = DIRECTION( '', ( -1.00000000000000, 0.000000000000000, 0.000000000000000 ) );
#10822 = DIRECTION( '', ( -1.00000000000000, 0.000000000000000, 0.000000000000000 ) );
#10823 = CARTESIAN_POINT( '', ( 8.05000000000000, -3.50000000000000, 0.400000000000000 ) );
#10824 = DIRECTION( '', ( 0.000000000000000, -1.00000000000000, 0.000000000000000 ) );
#10825 = DIRECTION( '', ( 0.000000000000000, 0.000000000000000, -1.00000000000000 ) );
#10826 = DIRECTION( '', ( -6.12303176911189E-017, -1.00000000000000, 0.000000000000000 ) );
#10827 = CARTESIAN_POINT( '', ( 8.05000000000000, -5.90000000000000, 0.400000000000000 ) );
#10828 = DIRECTION( '', ( 0.000000000000000, -1.00000000000000, 0.000000000000000 ) );
#10829 = DIRECTION( '', ( 0.000000000000000, 0.000000000000000, -1.00000000000000 ) );
#10830 = DIRECTION( '', ( -6.12303176911189E-017, -1.00000000000000, 0.000000000000000 ) );
#10831 = DIRECTION( '', ( -1.00000000000000, 0.000000000000000, 0.000000000000000 ) );
#10832 = DIRECTION( '', ( -1.00000000000000, 0.000000000000000, 0.000000000000000 ) );
#10833 = CARTESIAN_POINT( '', ( -8.05000000000000, -5.90000000000000, 0.400000000000000 ) );
#10834 = DIRECTION( '', ( 0.000000000000000, 0.000000000000000, 1.00000000000000 ) );
#10835 = DIRECTION( '', ( 1.00000000000000, 0.000000000000000, 0.000000000000000 ) );
#10836 = DIRECTION( '', ( 0.000000000000000, 0.000000000000000, -1.00000000000000 ) );
#10837 = CARTESIAN_POINT( '', ( -8.05000000000000, -5.90000000000000, -1.95000000000000 ) );
#10838 = DIRECTION( '', ( 0.000000000000000, 0.000000000000000, 1.00000000000000 ) );
#10839 = DIRECTION( '', ( 1.00000000000000, 0.000000000000000, 0.000000000000000 ) );
#10840 = DIRECTION( '', ( 0.000000000000000, 0.000000000000000, -1.00000000000000 ) );
#10841 = CARTESIAN_POINT( '', ( -8.05000000000000, 3.50000000000000, 0.400000000000000 ) );
#10842 = DIRECTION( '', ( 0.000000000000000, -1.00000000000000, 0.000000000000000 ) );
#10843 = DIRECTION( '', ( 0.000000000000000, 0.000000000000000, -1.00000000000000 ) );
#10844 = CARTESIAN_POINT( '', ( -8.05000000000000, 5.90000000000000, 0.400000000000000 ) );
#10845 = DIRECTION( '', ( 0.000000000000000, 1.00000000000000, -8.67361737988405E-015 ) );
#10846 = DIRECTION( '', ( 0.000000000000000, 8.67361737988405E-015, 1.00000000000000 ) );
#10847 = DIRECTION( '', ( 6.12303176911189E-017, 1.00000000000000, 0.000000000000000 ) );
#10848 = CARTESIAN_POINT( '', ( -8.05000000000000, -5.90000000000000, 0.400000000000000 ) );
#10849 = DIRECTION( '', ( -1.00000000000000, 0.000000000000000, 0.000000000000000 ) );
#10850 = DIRECTION( '', ( 0.000000000000000, 0.000000000000000, 1.00000000000000 ) );
#10851 = CARTESIAN_POINT( '', ( -8.05000000000000, -5.90000000000000, 0.400000000000000 ) );
#10852 = DIRECTION( '', ( 0.000000000000000, -1.00000000000000, 0.000000000000000 ) );
#10853 = DIRECTION( '', ( 0.000000000000000, 0.000000000000000, -1.00000000000000 ) );
#10854 = CARTESIAN_POINT( '', ( -8.05000000000000, -3.50000000000000, 0.400000000000000 ) );
#10855 = DIRECTION( '', ( 0.000000000000000, -1.00000000000000, 0.000000000000000 ) );
#10856 = DIRECTION( '', ( 0.000000000000000, 0.000000000000000, -1.00000000000000 ) );
#10857 = DIRECTION( '', ( -6.12303176911189E-017, -1.00000000000000, 0.000000000000000 ) );
#10858 = DIRECTION( '', ( -1.00000000000000, 0.000000000000000, 0.000000000000000 ) );
#10859 = CARTESIAN_POINT( '', ( 6.05000000000000, -5.90000000000000, 0.400000000000000 ) );
#10860 = DIRECTION( '', ( 1.00000000000000, 0.000000000000000, 0.000000000000000 ) );
#10861 = DIRECTION( '', ( 0.000000000000000, 0.000000000000000, -1.00000000000000 ) );
#10862 = DIRECTION( '', ( -1.00000000000000, 0.000000000000000, 0.000000000000000 ) );
#10863 = CARTESIAN_POINT( '', ( 8.05000000000000, -5.90000000000000, 0.400000000000000 ) );
#10864 = DIRECTION( '', ( 1.00000000000000, 0.000000000000000, 0.000000000000000 ) );
#10865 = DIRECTION( '', ( 0.000000000000000, 0.000000000000000, -1.00000000000000 ) );
#10866 = DIRECTION( '', ( -1.00000000000000, 0.000000000000000, 0.000000000000000 ) );
#10867 = CARTESIAN_POINT( '', ( 3.55000000000000, -5.90000000000000, 0.400000000000000 ) );
#10868 = DIRECTION( '', ( 1.00000000000000, 0.000000000000000, 0.000000000000000 ) );
#10869 = DIRECTION( '', ( 0.000000000000000, 0.000000000000000, -1.00000000000000 ) );
#10870 = DIRECTION( '', ( -1.00000000000000, 0.000000000000000, 0.000000000000000 ) );
#10871 = CARTESIAN_POINT( '', ( 3.95000000000000, -5.90000000000000, 0.400000000000000 ) );
#10872 = DIRECTION( '', ( 1.00000000000000, 0.000000000000000, 0.000000000000000 ) );
#10873 = DIRECTION( '', ( 0.000000000000000, 0.000000000000000, -1.00000000000000 ) );
#10874 = CARTESIAN_POINT( '', ( -3.35000000000000, -6.00000000000000, -0.402659498415081 ) );
#10875 = DIRECTION( '', ( 0.000000000000000, 1.00000000000000, 0.000000000000000 ) );
#10876 = DIRECTION( '', ( -7.88510670898548E-016, 0.000000000000000, 1.00000000000000 ) );
#10877 = DIRECTION( '', ( 0.000000000000000, 0.000000000000000, 1.00000000000000 ) );
#10878 = DIRECTION( '', ( -1.00000000000000, 0.000000000000000, 0.000000000000000 ) );
#10879 = DIRECTION( '', ( 0.000000000000000, 0.000000000000000, 1.00000000000000 ) );
#10880 = CARTESIAN_POINT( '', ( -4.15000000000000, -6.00000000000000, -0.402659498415081 ) );
#10881 = DIRECTION( '', ( 0.000000000000000, 1.00000000000000, 0.000000000000000 ) );
#10882 = DIRECTION( '', ( 0.000000000000000, 0.000000000000000, -1.00000000000000 ) );
#10883 = DIRECTION( '', ( 1.00000000000000, 0.000000000000000, 0.000000000000000 ) );
#10884 = CARTESIAN_POINT( '', ( -5.85000000000000, -6.00000000000000, -0.402659498415081 ) );
#10885 = DIRECTION( '', ( 0.000000000000000, 1.00000000000000, 0.000000000000000 ) );
#10886 = DIRECTION( '', ( 0.000000000000000, 0.000000000000000, 1.00000000000000 ) );
#10887 = DIRECTION( '', ( 0.000000000000000, 0.000000000000000, 1.00000000000000 ) );
#10888 = DIRECTION( '', ( -1.00000000000000, 0.000000000000000, 0.000000000000000 ) );
#10889 = DIRECTION( '', ( -1.00000000000000, 0.000000000000000, 0.000000000000000 ) );
#10890 = DIRECTION( '', ( 0.000000000000000, 0.000000000000000, -1.00000000000000 ) );
#10891 = DIRECTION( '', ( 0.000000000000000, 0.000000000000000, 1.00000000000000 ) );
#10892 = CARTESIAN_POINT( '', ( 5.85000000000000, -6.00000000000000, -0.402659498415081 ) );
#10893 = DIRECTION( '', ( 0.000000000000000, 1.00000000000000, 0.000000000000000 ) );
#10894 = DIRECTION( '', ( 0.000000000000000, 0.000000000000000, -1.00000000000000 ) );
#10895 = DIRECTION( '', ( -1.00000000000000, 0.000000000000000, 0.000000000000000 ) );
#10896 = CARTESIAN_POINT( '', ( 4.15000000000000, -6.00000000000000, -0.402659498415081 ) );
#10897 = DIRECTION( '', ( 0.000000000000000, 1.00000000000000, 0.000000000000000 ) );
#10898 = DIRECTION( '', ( -1.57702134179710E-015, 0.000000000000000, 1.00000000000000 ) );
#10899 = DIRECTION( '', ( 0.000000000000000, 0.000000000000000, 1.00000000000000 ) );
#10900 = DIRECTION( '', ( 0.000000000000000, 0.000000000000000, 1.00000000000000 ) );
#10901 = CARTESIAN_POINT( '', ( 3.35000000000000, -6.00000000000000, -0.402659498415081 ) );
#10902 = DIRECTION( '', ( 0.000000000000000, 1.00000000000000, 0.000000000000000 ) );
#10903 = DIRECTION( '', ( -3.94255335449274E-016, 0.000000000000000, -1.00000000000000 ) );
#10904 = DIRECTION( '', ( -1.00000000000000, 0.000000000000000, 0.000000000000000 ) );
#10905 = CARTESIAN_POINT( '', ( 1.65000000000000, -6.00000000000000, -0.402659498415081 ) );
#10906 = DIRECTION( '', ( 0.000000000000000, 1.00000000000000, 0.000000000000000 ) );
#10907 = DIRECTION( '', ( -3.94255335449274E-016, 0.000000000000000, 1.00000000000000 ) );
#10908 = DIRECTION( '', ( 0.000000000000000, 0.000000000000000, 1.00000000000000 ) );
#10909 = DIRECTION( '', ( -1.00000000000000, 0.000000000000000, 0.000000000000000 ) );
#10910 = DIRECTION( '', ( 0.000000000000000, 0.000000000000000, 1.00000000000000 ) );
#10911 = CARTESIAN_POINT( '', ( 0.850000000000000, -6.00000000000000, -0.402659498415081 ) );
#10912 = DIRECTION( '', ( 0.000000000000000, 1.00000000000000, 0.000000000000000 ) );
#10913 = DIRECTION( '', ( -7.88510670898549E-016, 0.000000000000000, -1.00000000000000 ) );
#10914 = DIRECTION( '', ( 1.00000000000000, 0.000000000000000, 0.000000000000000 ) );
#10915 = CARTESIAN_POINT( '', ( -0.850000000000000, -6.00000000000000, -0.402659498415081 ) );
#10916 = DIRECTION( '', ( -0.000000000000000, 1.00000000000000, 0.000000000000000 ) );
#10917 = DIRECTION( '', ( 1.97127667724637E-016, 0.000000000000000, 1.00000000000000 ) );
#10918 = DIRECTION( '', ( 0.000000000000000, 0.000000000000000, 1.00000000000000 ) );
#10919 = DIRECTION( '', ( -1.00000000000000, 0.000000000000000, 0.000000000000000 ) );
#10920 = DIRECTION( '', ( 0.000000000000000, 0.000000000000000, 1.00000000000000 ) );
#10921 = CARTESIAN_POINT( '', ( -1.65000000000000, -6.00000000000000, -0.402659498415081 ) );
#10922 = DIRECTION( '', ( 0.000000000000000, 1.00000000000000, 0.000000000000000 ) );
#10923 = DIRECTION( '', ( 0.000000000000000, 0.000000000000000, -1.00000000000000 ) );
#10924 = DIRECTION( '', ( 1.00000000000000, 0.000000000000000, 0.000000000000000 ) );
#10925 = DIRECTION( '', ( -1.00000000000000, 0.000000000000000, 0.000000000000000 ) );
#10926 = DIRECTION( '', ( -1.23908819712629E-015, 0.000000000000000, 1.00000000000000 ) );
#10927 = DIRECTION( '', ( 1.00000000000000, 0.000000000000000, 1.54886024640786E-016 ) );
#10928 = DIRECTION( '', ( 0.000000000000000, 0.000000000000000, -1.00000000000000 ) );
#10929 = DIRECTION( '', ( 0.000000000000000, 0.000000000000000, 1.00000000000000 ) );
#10930 = DIRECTION( '', ( 1.00000000000000, 0.000000000000000, 0.000000000000000 ) );
#10931 = DIRECTION( '', ( 0.000000000000000, 0.000000000000000, -1.00000000000000 ) );
#10932 = DIRECTION( '', ( -1.00000000000000, 0.000000000000000, 1.54886024640786E-016 ) );
#10933 = DIRECTION( '', ( 1.23908819712629E-015, 0.000000000000000, 1.00000000000000 ) );
#10934 = DIRECTION( '', ( 1.00000000000000, 0.000000000000000, 0.000000000000000 ) );
#10935 = DIRECTION( '', ( 0.000000000000000, 0.000000000000000, -1.00000000000000 ) );
#10936 = DIRECTION( '', ( -1.00000000000000, 0.000000000000000, 1.54886024640786E-016 ) );
#10937 = DIRECTION( '', ( 2.16840434497101E-015, 0.000000000000000, 1.00000000000000 ) );
#10938 = DIRECTION( '', ( 1.00000000000000, 0.000000000000000, 0.000000000000000 ) );
#10939 = DIRECTION( '', ( 0.000000000000000, 0.000000000000000, -1.00000000000000 ) );
#10940 = DIRECTION( '', ( -1.00000000000000, 0.000000000000000, -1.54886024640786E-016 ) );
#10941 = DIRECTION( '', ( -1.00000000000000, 0.000000000000000, 0.000000000000000 ) );
#10942 = DIRECTION( '', ( -6.19544098563145E-016, 0.000000000000000, 1.00000000000000 ) );
#10943 = DIRECTION( '', ( 1.00000000000000, 0.000000000000000, 0.000000000000000 ) );
#10944 = DIRECTION( '', ( -1.85863229568943E-015, 0.000000000000000, -1.00000000000000 ) );
#10945 = DIRECTION( '', ( -1.00000000000000, 0.000000000000000, 0.000000000000000 ) );
#10946 = DIRECTION( '', ( 0.000000000000000, 0.000000000000000, 1.00000000000000 ) );
#10947 = DIRECTION( '', ( 1.00000000000000, 0.000000000000000, 1.54886024640786E-016 ) );
#10948 = DIRECTION( '', ( 0.000000000000000, 0.000000000000000, -1.00000000000000 ) );
#10949 = DIRECTION( '', ( -1.00000000000000, 0.000000000000000, 0.000000000000000 ) );
#10950 = CARTESIAN_POINT( '', ( -1.45000000000000, -5.90000000000000, 0.400000000000000 ) );
#10951 = DIRECTION( '', ( 1.00000000000000, 0.000000000000000, 0.000000000000000 ) );
#10952 = DIRECTION( '', ( 0.000000000000000, 0.000000000000000, -1.00000000000000 ) );
#10953 = CARTESIAN_POINT( '', ( -1.05000000000000, -5.90000000000000, 0.400000000000000 ) );
#10954 = DIRECTION( '', ( 1.00000000000000, 0.000000000000000, 0.000000000000000 ) );
#10955 = DIRECTION( '', ( 0.000000000000000, 0.000000000000000, -1.00000000000000 ) );
#10956 = CARTESIAN_POINT( '', ( -3.55000000000000, -5.90000000000000, 0.400000000000000 ) );
#10957 = DIRECTION( '', ( 1.00000000000000, 0.000000000000000, 0.000000000000000 ) );
#10958 = DIRECTION( '', ( 0.000000000000000, 0.000000000000000, -1.00000000000000 ) );
#10959 = CARTESIAN_POINT( '', ( -3.95000000000000, -5.90000000000000, 0.400000000000000 ) );
#10960 = DIRECTION( '', ( 1.00000000000000, 0.000000000000000, 0.000000000000000 ) );
#10961 = DIRECTION( '', ( 0.000000000000000, 0.000000000000000, -1.00000000000000 ) );
#10962 = CARTESIAN_POINT( '', ( 8.05000000000000, -5.90000000000000, 0.400000000000000 ) );
#10963 = DIRECTION( '', ( -1.62630325872826E-015, 0.000000000000000, 1.00000000000000 ) );
#10964 = DIRECTION( '', ( 1.00000000000000, 0.000000000000000, 1.62630325872826E-015 ) );
#10965 = CARTESIAN_POINT( '', ( 8.05000000000000, -5.90000000000000, -1.95000000000000 ) );
#10966 = DIRECTION( '', ( 0.000000000000000, 0.000000000000000, 1.00000000000000 ) );
#10967 = DIRECTION( '', ( 1.00000000000000, 0.000000000000000, 0.000000000000000 ) );
#10968 = DIRECTION( '', ( 0.000000000000000, 0.000000000000000, -1.00000000000000 ) );
#10969 = CARTESIAN_POINT( '', ( 8.05000000000000, 5.90000000000000, 0.400000000000000 ) );
#10970 = DIRECTION( '', ( 0.000000000000000, 0.000000000000000, 1.00000000000000 ) );
#10971 = DIRECTION( '', ( 1.00000000000000, 0.000000000000000, 0.000000000000000 ) );
#10972 = DIRECTION( '', ( 0.000000000000000, 0.000000000000000, -1.00000000000000 ) );
#10973 = CARTESIAN_POINT( '', ( 8.05000000000000, 5.90000000000000, -1.95000000000000 ) );
#10974 = DIRECTION( '', ( 0.000000000000000, 0.000000000000000, -1.00000000000000 ) );
#10975 = DIRECTION( '', ( -1.00000000000000, 0.000000000000000, 0.000000000000000 ) );
#10976 = DIRECTION( '', ( 0.000000000000000, 0.000000000000000, -1.00000000000000 ) );
#10977 = DIRECTION( '', ( 5.78241158658934E-016, -1.00000000000000, 0.000000000000000 ) );
#10978 = DIRECTION( '', ( 0.000000000000000, 0.000000000000000, 1.00000000000000 ) );
#10979 = DIRECTION( '', ( -4.66296559151956E-016, 0.806404995855706, 0.591363663627517 ) );
#10980 = CARTESIAN_POINT( '', ( 8.05000000000000, 5.90000000000000, 0.400000000000000 ) );
#10981 = DIRECTION( '', ( 1.00000000000000, 0.000000000000000, 0.000000000000000 ) );
#10982 = DIRECTION( '', ( 0.000000000000000, 0.000000000000000, -1.00000000000000 ) );
#10983 = CARTESIAN_POINT( '', ( 8.05000000000000, 5.90000000000000, 0.400000000000000 ) );
#10984 = DIRECTION( '', ( 8.67361737988409E-015, 1.00000000000000, 0.000000000000000 ) );
#10985 = DIRECTION( '', ( -1.00000000000000, 8.67361737988409E-015, 0.000000000000000 ) );
#10986 = CARTESIAN_POINT( '', ( 8.05000000000000, 3.50000000000000, 0.400000000000000 ) );
#10987 = DIRECTION( '', ( 0.000000000000000, -1.00000000000000, 0.000000000000000 ) );
#10988 = DIRECTION( '', ( 0.000000000000000, 0.000000000000000, -1.00000000000000 ) );
#10989 = DIRECTION( '', ( 6.12303176911189E-017, 1.00000000000000, 0.000000000000000 ) );
#10990 = DIRECTION( '', ( 6.12303176911189E-017, 1.00000000000000, 0.000000000000000 ) );
#10991 = CARTESIAN_POINT( '', ( -6.05000000000000, 5.90000000000000, 0.400000000000000 ) );
#10992 = DIRECTION( '', ( -1.00000000000000, 0.000000000000000, 0.000000000000000 ) );
#10993 = DIRECTION( '', ( 0.000000000000000, 0.000000000000000, 1.00000000000000 ) );
#10994 = DIRECTION( '', ( -1.00000000000000, 0.000000000000000, 0.000000000000000 ) );
#10995 = CARTESIAN_POINT( '', ( -8.05000000000000, 5.90000000000000, 0.400000000000000 ) );
#10996 = DIRECTION( '', ( -1.00000000000000, 0.000000000000000, 0.000000000000000 ) );
#10997 = DIRECTION( '', ( 0.000000000000000, 0.000000000000000, 1.00000000000000 ) );
#10998 = CARTESIAN_POINT( '', ( -3.55000000000000, 5.90000000000000, 0.400000000000000 ) );
#10999 = DIRECTION( '', ( -1.00000000000000, 0.000000000000000, 0.000000000000000 ) );
#11000 = DIRECTION( '', ( 0.000000000000000, 0.000000000000000, 1.00000000000000 ) );
#11001 = DIRECTION( '', ( -1.00000000000000, 0.000000000000000, 0.000000000000000 ) );
#11002 = CARTESIAN_POINT( '', ( -3.95000000000000, 5.90000000000000, 0.400000000000000 ) );
#11003 = DIRECTION( '', ( -1.00000000000000, 0.000000000000000, 0.000000000000000 ) );
#11004 = DIRECTION( '', ( 0.000000000000000, 0.000000000000000, 1.00000000000000 ) );
#11005 = DIRECTION( '', ( -1.00000000000000, 0.000000000000000, 0.000000000000000 ) );
#11006 = CARTESIAN_POINT( '', ( 1.05000000000000, 5.90000000000000, 0.400000000000000 ) );
#11007 = DIRECTION( '', ( -1.00000000000000, 0.000000000000000, 0.000000000000000 ) );
#11008 = DIRECTION( '', ( 0.000000000000000, 0.000000000000000, 1.00000000000000 ) );
#11009 = CARTESIAN_POINT( '', ( 1.45000000000000, 5.90000000000000, 0.400000000000000 ) );
#11010 = DIRECTION( '', ( -1.00000000000000, 0.000000000000000, 0.000000000000000 ) );
#11011 = DIRECTION( '', ( 0.000000000000000, 0.000000000000000, 1.00000000000000 ) );
#11012 = DIRECTION( '', ( -1.00000000000000, 0.000000000000000, 0.000000000000000 ) );
#11013 = DIRECTION( '', ( -1.00000000000000, 0.000000000000000, 0.000000000000000 ) );
#11014 = CARTESIAN_POINT( '', ( -1.05000000000000, 5.90000000000000, 0.400000000000000 ) );
#11015 = DIRECTION( '', ( -1.00000000000000, 0.000000000000000, 0.000000000000000 ) );
#11016 = DIRECTION( '', ( 0.000000000000000, 0.000000000000000, 1.00000000000000 ) );
#11017 = DIRECTION( '', ( -1.00000000000000, 0.000000000000000, 0.000000000000000 ) );
#11018 = CARTESIAN_POINT( '', ( 3.55000000000000, 5.90000000000000, 0.400000000000000 ) );
#11019 = DIRECTION( '', ( -1.00000000000000, 0.000000000000000, 0.000000000000000 ) );
#11020 = DIRECTION( '', ( 0.000000000000000, 0.000000000000000, 1.00000000000000 ) );
#11021 = DIRECTION( '', ( -1.00000000000000, 0.000000000000000, 0.000000000000000 ) );
#11022 = CARTESIAN_POINT( '', ( 3.95000000000000, 5.90000000000000, 0.400000000000000 ) );
#11023 = DIRECTION( '', ( -1.00000000000000, 0.000000000000000, 0.000000000000000 ) );
#11024 = DIRECTION( '', ( 0.000000000000000, 0.000000000000000, 1.00000000000000 ) );
#11025 = CARTESIAN_POINT( '', ( -8.05000000000000, 5.90000000000000, 0.400000000000000 ) );
#11026 = DIRECTION( '', ( 1.62630325872826E-015, 0.000000000000000, 1.00000000000000 ) );
#11027 = DIRECTION( '', ( 1.00000000000000, 0.000000000000000, -1.62630325872826E-015 ) );
#11028 = CARTESIAN_POINT( '', ( -8.05000000000000, 5.90000000000000, -1.95000000000000 ) );
#11029 = DIRECTION( '', ( 0.000000000000000, 0.000000000000000, -1.00000000000000 ) );
#11030 = DIRECTION( '', ( -1.00000000000000, 0.000000000000000, 0.000000000000000 ) );
#11031 = DIRECTION( '', ( 0.000000000000000, 0.000000000000000, -1.00000000000000 ) );
#11032 = DIRECTION( '', ( 0.000000000000000, 0.000000000000000, -1.00000000000000 ) );
#11033 = CARTESIAN_POINT( '', ( -3.95000000000000, -5.90000000000000, 0.400000000000000 ) );
#11034 = DIRECTION( '', ( 0.000000000000000, 1.00000000000000, 0.000000000000000 ) );
#11035 = DIRECTION( '', ( 0.000000000000000, 0.000000000000000, 1.00000000000000 ) );
#11036 = CARTESIAN_POINT( '', ( -3.95000000000000, -4.80546432034307, 0.400000000000000 ) );
#11037 = DIRECTION( '', ( 0.000000000000000, 1.00000000000000, 0.000000000000000 ) );
#11038 = DIRECTION( '', ( 0.000000000000000, 0.000000000000000, 1.00000000000000 ) );
#11039 = DIRECTION( '', ( 0.000000000000000, 1.00000000000000, 0.000000000000000 ) );
#11040 = CARTESIAN_POINT( '', ( 6.05000000000000, -5.90000000000000, 0.400000000000000 ) );
#11041 = DIRECTION( '', ( 0.000000000000000, 1.00000000000000, 0.000000000000000 ) );
#11042 = DIRECTION( '', ( 0.000000000000000, 0.000000000000000, 1.00000000000000 ) );
#11043 = CARTESIAN_POINT( '', ( 6.05000000000000, -5.90000000000000, 0.400000000000000 ) );
#11044 = DIRECTION( '', ( 0.000000000000000, 0.000000000000000, -1.00000000000000 ) );
#11045 = DIRECTION( '', ( -1.00000000000000, 0.000000000000000, 0.000000000000000 ) );
#11046 = CARTESIAN_POINT( '', ( -4.15000000000000, -4.46726295238420, 0.400000000000000 ) );
#11047 = DIRECTION( '', ( 1.00000000000000, 0.000000000000000, 0.000000000000000 ) );
#11048 = DIRECTION( '', ( 0.000000000000000, 0.000000000000000, -1.00000000000000 ) );
#11049 = CARTESIAN_POINT( '', ( -4.15000000000000, -4.80546432034307, 0.400000000000000 ) );
#11050 = DIRECTION( '', ( 0.000000000000000, 0.277608668927905, -0.960694242168692 ) );
#11051 = DIRECTION( '', ( 0.000000000000000, -0.960694242168692, -0.277608668927905 ) );
#11052 = CARTESIAN_POINT( '', ( -3.95000000000000, -5.90000000000000, 0.400000000000000 ) );
#11053 = DIRECTION( '', ( 0.000000000000000, 0.000000000000000, 1.00000000000000 ) );
#11054 = DIRECTION( '', ( 1.00000000000000, 0.000000000000000, 0.000000000000000 ) );
#11055 = CARTESIAN_POINT( '', ( -4.15000000000000, -5.90000000000000, -0.402659498415081 ) );
#11056 = DIRECTION( '', ( 0.000000000000000, -0.942878458172302, 0.333136928476299 ) );
#11057 = DIRECTION( '', ( 0.000000000000000, -0.333136928476299, -0.942878458172302 ) );
#11058 = DIRECTION( '', ( 0.000000000000000, -0.806404995855706, -0.591363663627517 ) );
#11059 = DIRECTION( '', ( 0.000000000000000, -0.806404995855706, -0.591363663627517 ) );
#11060 = DIRECTION( '', ( 1.00000000000000, 0.000000000000000, 0.000000000000000 ) );
#11061 = CARTESIAN_POINT( '', ( 3.35000000000000, -4.80546432034307, 0.500000000000000 ) );
#11062 = DIRECTION( '', ( 0.000000000000000, 0.000000000000000, 1.00000000000000 ) );
#11063 = DIRECTION( '', ( -2.89120579329467E-016, -1.00000000000000, 0.000000000000000 ) );
#11064 = DIRECTION( '', ( -2.89120579329467E-016, -1.00000000000000, 0.000000000000000 ) );
#11065 = DIRECTION( '', ( -1.15648231731787E-015, 1.00000000000000, 0.000000000000000 ) );
#11066 = CARTESIAN_POINT( '', ( 4.15000000000000, -4.80546432034307, 0.500000000000000 ) );
#11067 = DIRECTION( '', ( 0.000000000000000, 0.000000000000000, 1.00000000000000 ) );
#11068 = DIRECTION( '', ( -1.15648231731787E-015, 1.00000000000000, 0.000000000000000 ) );
#11069 = DIRECTION( '', ( 1.00000000000000, 0.000000000000000, 0.000000000000000 ) );
#11070 = CARTESIAN_POINT( '', ( 5.85000000000000, -4.80546432034307, 0.500000000000000 ) );
#11071 = DIRECTION( '', ( 0.000000000000000, 0.000000000000000, 1.00000000000000 ) );
#11072 = DIRECTION( '', ( 0.000000000000000, -1.00000000000000, 0.000000000000000 ) );
#11073 = DIRECTION( '', ( 0.000000000000000, -1.00000000000000, 0.000000000000000 ) );
#11074 = DIRECTION( '', ( -1.00000000000000, 0.000000000000000, 0.000000000000000 ) );
#11075 = DIRECTION( '', ( 0.000000000000000, 1.00000000000000, 0.000000000000000 ) );
#11076 = DIRECTION( '', ( -1.00000000000000, 0.000000000000000, 0.000000000000000 ) );
#11077 = DIRECTION( '', ( -1.00000000000000, 0.000000000000000, 0.000000000000000 ) );
#11078 = DIRECTION( '', ( 0.000000000000000, 1.00000000000000, 0.000000000000000 ) );
#11079 = CARTESIAN_POINT( '', ( 5.85000000000000, 4.80546432034307, 0.500000000000000 ) );
#11080 = DIRECTION( '', ( 0.000000000000000, -0.000000000000000, 1.00000000000000 ) );
#11081 = DIRECTION( '', ( 0.000000000000000, 1.00000000000000, 0.000000000000000 ) );
#11082 = DIRECTION( '', ( 1.00000000000000, 0.000000000000000, 0.000000000000000 ) );
#11083 = CARTESIAN_POINT( '', ( 4.15000000000000, 4.80546432034307, 0.500000000000000 ) );
#11084 = DIRECTION( '', ( 0.000000000000000, -0.000000000000000, 1.00000000000000 ) );
#11085 = DIRECTION( '', ( 1.15648231731787E-015, 1.00000000000000, 0.000000000000000 ) );
#11086 = DIRECTION( '', ( -1.15648231731787E-015, -1.00000000000000, 0.000000000000000 ) );
#11087 = DIRECTION( '', ( -2.89120579329467E-016, 1.00000000000000, 0.000000000000000 ) );
#11088 = CARTESIAN_POINT( '', ( 3.35000000000000, 4.80546432034307, 0.500000000000000 ) );
#11089 = DIRECTION( '', ( 0.000000000000000, 0.000000000000000, 1.00000000000000 ) );
#11090 = DIRECTION( '', ( 2.89120579329467E-016, -1.00000000000000, 0.000000000000000 ) );
#11091 = DIRECTION( '', ( 1.00000000000000, 0.000000000000000, 0.000000000000000 ) );
#11092 = CARTESIAN_POINT( '', ( -6.05000000000000, -4.80546432034307, 0.400000000000000 ) );
#11093 = DIRECTION( '', ( 0.000000000000000, 1.00000000000000, 0.000000000000000 ) );
#11094 = DIRECTION( '', ( 0.000000000000000, 0.000000000000000, 1.00000000000000 ) );
#11095 = CARTESIAN_POINT( '', ( -5.85000000000000, -4.80546432034307, 0.400000000000000 ) );
#11096 = DIRECTION( '', ( 0.000000000000000, 0.277608668927906, -0.960694242168691 ) );
#11097 = DIRECTION( '', ( 0.000000000000000, 0.960694242168691, 0.277608668927906 ) );
#11098 = CARTESIAN_POINT( '', ( -5.85000000000000, -4.46726295238420, 0.400000000000000 ) );
#11099 = DIRECTION( '', ( -1.00000000000000, 0.000000000000000, 0.000000000000000 ) );
#11100 = DIRECTION( '', ( 0.000000000000000, 0.000000000000000, 1.00000000000000 ) );
#11101 = CARTESIAN_POINT( '', ( -3.95000000000000, -5.90000000000000, -0.402659498415081 ) );
#11102 = DIRECTION( '', ( 0.000000000000000, 0.000000000000000, -1.00000000000000 ) );
#11103 = DIRECTION( '', ( -1.00000000000000, 0.000000000000000, 0.000000000000000 ) );
#11104 = DIRECTION( '', ( 0.000000000000000, 0.000000000000000, 1.00000000000000 ) );
#11105 = CARTESIAN_POINT( '', ( -4.15000000000000, -5.90000000000000, -0.650673834918257 ) );
#11106 = DIRECTION( '', ( 1.00000000000000, 0.000000000000000, 0.000000000000000 ) );
#11107 = DIRECTION( '', ( 0.000000000000000, 0.000000000000000, -1.00000000000000 ) );
#11108 = CARTESIAN_POINT( '', ( -5.85000000000000, -5.90000000000000, -0.402659498415081 ) );
#11109 = DIRECTION( '', ( 0.000000000000000, -0.942878458172303, 0.333136928476297 ) );
#11110 = DIRECTION( '', ( 0.000000000000000, 0.333136928476296, 0.942878458172303 ) );
#11111 = DIRECTION( '', ( 0.000000000000000, 0.806404995855706, 0.591363663627517 ) );
#11112 = DIRECTION( '', ( 0.000000000000000, 0.806404995855706, 0.591363663627517 ) );
#11113 = CARTESIAN_POINT( '', ( -6.05000000000000, -5.90000000000000, 0.400000000000000 ) );
#11114 = DIRECTION( '', ( 0.000000000000000, 1.00000000000000, 0.000000000000000 ) );
#11115 = DIRECTION( '', ( 0.000000000000000, 0.000000000000000, 1.00000000000000 ) );
#11116 = DIRECTION( '', ( 0.000000000000000, -1.00000000000000, 0.000000000000000 ) );
#11117 = CARTESIAN_POINT( '', ( -5.85000000000000, -5.90000000000000, -0.650673834918257 ) );
#11118 = DIRECTION( '', ( -1.00000000000000, 0.000000000000000, 0.000000000000000 ) );
#11119 = DIRECTION( '', ( 0.000000000000000, 0.000000000000000, 1.00000000000000 ) );
#11120 = DIRECTION( '', ( 1.00000000000000, 0.000000000000000, 0.000000000000000 ) );
#11121 = CARTESIAN_POINT( '', ( -6.05000000000000, -5.90000000000000, -0.402659498415081 ) );
#11122 = DIRECTION( '', ( 0.000000000000000, 0.000000000000000, -1.00000000000000 ) );
#11123 = DIRECTION( '', ( -1.00000000000000, 0.000000000000000, 0.000000000000000 ) );
#11124 = CARTESIAN_POINT( '', ( -6.05000000000000, -5.90000000000000, 0.400000000000000 ) );
#11125 = DIRECTION( '', ( 1.00000000000000, 0.000000000000000, 0.000000000000000 ) );
#11126 = DIRECTION( '', ( 0.000000000000000, 0.000000000000000, -1.00000000000000 ) );
#11127 = CARTESIAN_POINT( '', ( -6.05000000000000, -5.90000000000000, 0.400000000000000 ) );
#11128 = DIRECTION( '', ( 0.000000000000000, 0.000000000000000, 1.00000000000000 ) );
#11129 = DIRECTION( '', ( 1.00000000000000, 0.000000000000000, 0.000000000000000 ) );
#11130 = DIRECTION( '', ( 0.000000000000000, 0.000000000000000, 1.00000000000000 ) );
#11131 = CARTESIAN_POINT( '', ( 4.15000000000000, -4.46726295238420, 0.400000000000000 ) );
#11132 = DIRECTION( '', ( -1.00000000000000, 0.000000000000000, 0.000000000000000 ) );
#11133 = DIRECTION( '', ( 0.000000000000000, 0.000000000000000, 1.00000000000000 ) );
#11134 = CARTESIAN_POINT( '', ( 3.95000000000000, -4.80546432034307, 0.400000000000000 ) );
#11135 = DIRECTION( '', ( 0.000000000000000, 1.00000000000000, 0.000000000000000 ) );
#11136 = DIRECTION( '', ( 0.000000000000000, 0.000000000000000, 1.00000000000000 ) );
#11137 = CARTESIAN_POINT( '', ( 4.15000000000000, -4.80546432034307, 0.400000000000000 ) );
#11138 = DIRECTION( '', ( -3.21049516749275E-016, 0.277608668927907, -0.960694242168691 ) );
#11139 = DIRECTION( '', ( -1.49296655402319E-015, 0.960694242168691, 0.277608668927907 ) );
#11140 = CARTESIAN_POINT( '', ( 3.95000000000000, -5.90000000000000, -0.402659498415081 ) );
#11141 = DIRECTION( '', ( 0.000000000000000, 0.000000000000000, -1.00000000000000 ) );
#11142 = DIRECTION( '', ( -1.00000000000000, 0.000000000000000, 0.000000000000000 ) );
#11143 = DIRECTION( '', ( 0.000000000000000, 0.000000000000000, 1.00000000000000 ) );
#11144 = CARTESIAN_POINT( '', ( 3.95000000000000, -5.90000000000000, 0.400000000000000 ) );
#11145 = DIRECTION( '', ( 0.000000000000000, 0.000000000000000, 1.00000000000000 ) );
#11146 = DIRECTION( '', ( 1.00000000000000, 0.000000000000000, 0.000000000000000 ) );
#11147 = CARTESIAN_POINT( '', ( 4.15000000000000, -5.90000000000000, -0.650673834918257 ) );
#11148 = DIRECTION( '', ( -1.00000000000000, 0.000000000000000, 0.000000000000000 ) );
#11149 = DIRECTION( '', ( 0.000000000000000, 0.000000000000000, 1.00000000000000 ) );
#11150 = CARTESIAN_POINT( '', ( 4.15000000000000, -5.90000000000000, -0.402659498415081 ) );
#11151 = DIRECTION( '', ( -5.25364045947856E-016, -0.942878458172302, 0.333136928476299 ) );
#11152 = DIRECTION( '', ( 0.000000000000000, 0.333136928476299, 0.942878458172302 ) );
#11153 = DIRECTION( '', ( 9.32593118303914E-016, -0.806404995855706, -0.591363663627517 ) );
#11154 = DIRECTION( '', ( 9.32593118303914E-016, -0.806404995855706, -0.591363663627517 ) );
#11155 = CARTESIAN_POINT( '', ( 5.85000000000000, -4.46726295238420, 0.400000000000000 ) );
#11156 = DIRECTION( '', ( 1.00000000000000, 0.000000000000000, 0.000000000000000 ) );
#11157 = DIRECTION( '', ( 0.000000000000000, 0.000000000000000, -1.00000000000000 ) );
#11158 = DIRECTION( '', ( 1.00000000000000, 0.000000000000000, 0.000000000000000 ) );
#11159 = CARTESIAN_POINT( '', ( 6.05000000000000, -4.80546432034307, 0.400000000000000 ) );
#11160 = DIRECTION( '', ( 0.000000000000000, 1.00000000000000, 0.000000000000000 ) );
#11161 = DIRECTION( '', ( 0.000000000000000, 0.000000000000000, 1.00000000000000 ) );
#11162 = CARTESIAN_POINT( '', ( 5.85000000000000, -4.80546432034307, 0.400000000000000 ) );
#11163 = DIRECTION( '', ( 0.000000000000000, 0.277608668927905, -0.960694242168692 ) );
#11164 = DIRECTION( '', ( 0.000000000000000, -0.960694242168692, -0.277608668927905 ) );
#11165 = CARTESIAN_POINT( '', ( 5.85000000000000, -5.90000000000000, -0.650673834918257 ) );
#11166 = DIRECTION( '', ( 1.00000000000000, 0.000000000000000, 0.000000000000000 ) );
#11167 = DIRECTION( '', ( 0.000000000000000, 0.000000000000000, -1.00000000000000 ) );
#11168 = DIRECTION( '', ( -1.00000000000000, 0.000000000000000, 0.000000000000000 ) );
#11169 = CARTESIAN_POINT( '', ( 6.05000000000000, -5.90000000000000, -0.402659498415081 ) );
#11170 = DIRECTION( '', ( 0.000000000000000, 0.000000000000000, -1.00000000000000 ) );
#11171 = DIRECTION( '', ( -1.00000000000000, 0.000000000000000, 0.000000000000000 ) );
#11172 = CARTESIAN_POINT( '', ( 5.85000000000000, -5.90000000000000, -0.402659498415081 ) );
#11173 = DIRECTION( '', ( 0.000000000000000, -0.942878458172302, 0.333136928476299 ) );
#11174 = DIRECTION( '', ( 0.000000000000000, -0.333136928476299, -0.942878458172302 ) );
#11175 = DIRECTION( '', ( 0.000000000000000, 0.806404995855706, 0.591363663627517 ) );
#11176 = DIRECTION( '', ( 0.000000000000000, 0.806404995855706, 0.591363663627517 ) );
#11177 = DIRECTION( '', ( 0.000000000000000, -1.00000000000000, 0.000000000000000 ) );
#11178 = CARTESIAN_POINT( '', ( 1.65000000000000, -4.46726295238420, 0.400000000000000 ) );
#11179 = DIRECTION( '', ( -1.00000000000000, 0.000000000000000, 0.000000000000000 ) );
#11180 = DIRECTION( '', ( 0.000000000000000, 0.000000000000000, 1.00000000000000 ) );
#11181 = CARTESIAN_POINT( '', ( 1.65000000000000, -4.80546432034307, 0.500000000000000 ) );
#11182 = DIRECTION( '', ( 0.000000000000000, 0.000000000000000, 1.00000000000000 ) );
#11183 = DIRECTION( '', ( -2.89120579329467E-016, 1.00000000000000, 0.000000000000000 ) );
#11184 = CARTESIAN_POINT( '', ( 1.45000000000000, -4.80546432034307, 0.400000000000000 ) );
#11185 = DIRECTION( '', ( 0.000000000000000, 1.00000000000000, 0.000000000000000 ) );
#11186 = DIRECTION( '', ( 0.000000000000000, 0.000000000000000, 1.00000000000000 ) );
#11187 = CARTESIAN_POINT( '', ( 1.65000000000000, -4.80546432034307, 0.400000000000000 ) );
#11188 = DIRECTION( '', ( -8.02623791873183E-017, 0.277608668927905, -0.960694242168692 ) );
#11189 = DIRECTION( '', ( 0.000000000000000, 0.960694242168692, 0.277608668927905 ) );
#11190 = CARTESIAN_POINT( '', ( 1.45000000000000, -5.90000000000000, -0.402659498415081 ) );
#11191 = DIRECTION( '', ( 0.000000000000000, 0.000000000000000, -1.00000000000000 ) );
#11192 = DIRECTION( '', ( -1.00000000000000, 0.000000000000000, 0.000000000000000 ) );
#11193 = DIRECTION( '', ( 0.000000000000000, 0.000000000000000, 1.00000000000000 ) );
#11194 = CARTESIAN_POINT( '', ( 1.45000000000000, -5.90000000000000, 0.400000000000000 ) );
#11195 = DIRECTION( '', ( 0.000000000000000, 0.000000000000000, 1.00000000000000 ) );
#11196 = DIRECTION( '', ( 1.00000000000000, 0.000000000000000, 0.000000000000000 ) );
#11197 = CARTESIAN_POINT( '', ( 1.65000000000000, -5.90000000000000, -0.650673834918257 ) );
#11198 = DIRECTION( '', ( -1.00000000000000, 0.000000000000000, 0.000000000000000 ) );
#11199 = DIRECTION( '', ( 0.000000000000000, 0.000000000000000, 1.00000000000000 ) );
#11200 = CARTESIAN_POINT( '', ( 1.65000000000000, -5.90000000000000, -0.402659498415081 ) );
#11201 = DIRECTION( '', ( -1.31341011486964E-016, -0.942878458172302, 0.333136928476299 ) );
#11202 = DIRECTION( '', ( 0.000000000000000, 0.333136928476299, 0.942878458172302 ) );
#11203 = DIRECTION( '', ( 2.33148279575978E-016, -0.806404995855706, -0.591363663627517 ) );
#11204 = DIRECTION( '', ( 2.33148279575978E-016, -0.806404995855706, -0.591363663627517 ) );
#11205 = CARTESIAN_POINT( '', ( 3.35000000000000, -4.46726295238420, 0.400000000000000 ) );
#11206 = DIRECTION( '', ( 1.00000000000000, 0.000000000000000, 0.000000000000000 ) );
#11207 = DIRECTION( '', ( 0.000000000000000, 0.000000000000000, -1.00000000000000 ) );
#11208 = DIRECTION( '', ( 1.00000000000000, 0.000000000000000, 0.000000000000000 ) );
#11209 = DIRECTION( '', ( 1.00000000000000, 0.000000000000000, 0.000000000000000 ) );
#11210 = CARTESIAN_POINT( '', ( 3.55000000000000, -4.80546432034307, 0.400000000000000 ) );
#11211 = DIRECTION( '', ( 0.000000000000000, 1.00000000000000, 0.000000000000000 ) );
#11212 = DIRECTION( '', ( 0.000000000000000, 0.000000000000000, 1.00000000000000 ) );
#11213 = CARTESIAN_POINT( '', ( 3.35000000000000, -4.80546432034307, 0.400000000000000 ) );
#11214 = DIRECTION( '', ( 8.02623791873182E-017, 0.277608668927905, -0.960694242168692 ) );
#11215 = DIRECTION( '', ( 0.000000000000000, -0.960694242168692, -0.277608668927905 ) );
#11216 = CARTESIAN_POINT( '', ( 3.35000000000000, -5.90000000000000, -0.650673834918257 ) );
#11217 = DIRECTION( '', ( 1.00000000000000, 0.000000000000000, 0.000000000000000 ) );
#11218 = DIRECTION( '', ( 0.000000000000000, 0.000000000000000, -1.00000000000000 ) );
#11219 = DIRECTION( '', ( -1.00000000000000, 0.000000000000000, 0.000000000000000 ) );
#11220 = CARTESIAN_POINT( '', ( 3.55000000000000, -5.90000000000000, -0.402659498415081 ) );
#11221 = DIRECTION( '', ( 0.000000000000000, 0.000000000000000, -1.00000000000000 ) );
#11222 = DIRECTION( '', ( -1.00000000000000, 0.000000000000000, 0.000000000000000 ) );
#11223 = CARTESIAN_POINT( '', ( 3.35000000000000, -5.90000000000000, -0.402659498415081 ) );
#11224 = DIRECTION( '', ( 1.31341011486964E-016, -0.942878458172302, 0.333136928476299 ) );
#11225 = DIRECTION( '', ( 0.000000000000000, -0.333136928476299, -0.942878458172302 ) );
#11226 = DIRECTION( '', ( 2.33148279575978E-016, 0.806404995855706, 0.591363663627517 ) );
#11227 = DIRECTION( '', ( 2.33148279575978E-016, 0.806404995855706, 0.591363663627517 ) );
#11228 = CARTESIAN_POINT( '', ( 3.55000000000000, -5.90000000000000, 0.400000000000000 ) );
#11229 = DIRECTION( '', ( 0.000000000000000, 1.00000000000000, 0.000000000000000 ) );
#11230 = DIRECTION( '', ( 0.000000000000000, 0.000000000000000, 1.00000000000000 ) );
#11231 = DIRECTION( '', ( -2.89120579329467E-016, -1.00000000000000, 0.000000000000000 ) );
#11232 = CARTESIAN_POINT( '', ( 0.850000000000000, -4.46726295238420, 0.400000000000000 ) );
#11233 = DIRECTION( '', ( 1.00000000000000, 0.000000000000000, 0.000000000000000 ) );
#11234 = DIRECTION( '', ( 0.000000000000000, 0.000000000000000, -1.00000000000000 ) );
#11235 = CARTESIAN_POINT( '', ( 0.850000000000000, -4.80546432034307, 0.400000000000000 ) );
#11236 = DIRECTION( '', ( 1.60524758374636E-016, 0.277608668927905, -0.960694242168692 ) );
#11237 = DIRECTION( '', ( -5.59862457758695E-016, -0.960694242168692, -0.277608668927905 ) );
#11238 = CARTESIAN_POINT( '', ( 1.05000000000000, -4.80546432034307, 0.400000000000000 ) );
#11239 = DIRECTION( '', ( 0.000000000000000, 1.00000000000000, 0.000000000000000 ) );
#11240 = DIRECTION( '', ( 0.000000000000000, 0.000000000000000, 1.00000000000000 ) );
#11241 = CARTESIAN_POINT( '', ( 0.850000000000000, -4.80546432034307, 0.500000000000000 ) );
#11242 = DIRECTION( '', ( 0.000000000000000, 0.000000000000000, 1.00000000000000 ) );
#11243 = DIRECTION( '', ( -5.78241158658934E-016, -1.00000000000000, 0.000000000000000 ) );
#11244 = CARTESIAN_POINT( '', ( 1.05000000000000, -5.90000000000000, 0.400000000000000 ) );
#11245 = DIRECTION( '', ( 0.000000000000000, 1.00000000000000, 0.000000000000000 ) );
#11246 = DIRECTION( '', ( 0.000000000000000, 0.000000000000000, 1.00000000000000 ) );
#11247 = DIRECTION( '', ( 5.78241158658934E-016, 1.00000000000000, 0.000000000000000 ) );
#11248 = DIRECTION( '', ( 5.78241158658934E-016, 1.00000000000000, 0.000000000000000 ) );
#11249 = DIRECTION( '', ( 5.78241158658934E-016, 1.00000000000000, 0.000000000000000 ) );
#11250 = CARTESIAN_POINT( '', ( 1.05000000000000, -5.90000000000000, 0.400000000000000 ) );
#11251 = DIRECTION( '', ( 0.000000000000000, 0.000000000000000, 1.00000000000000 ) );
#11252 = DIRECTION( '', ( 1.00000000000000, 0.000000000000000, 0.000000000000000 ) );
#11253 = CARTESIAN_POINT( '', ( 1.05000000000000, -5.90000000000000, 0.400000000000000 ) );
#11254 = DIRECTION( '', ( 1.00000000000000, 0.000000000000000, 0.000000000000000 ) );
#11255 = DIRECTION( '', ( 0.000000000000000, 0.000000000000000, -1.00000000000000 ) );
#11256 = CARTESIAN_POINT( '', ( 0.850000000000000, -5.90000000000000, -0.402659498415081 ) );
#11257 = DIRECTION( '', ( 2.62682022973928E-016, -0.942878458172302, 0.333136928476299 ) );
#11258 = DIRECTION( '', ( -6.10771009117411E-016, -0.333136928476299, -0.942878458172302 ) );
#11259 = DIRECTION( '', ( -4.66296559151957E-016, -0.806404995855706, -0.591363663627517 ) );
#11260 = DIRECTION( '', ( -4.66296559151957E-016, -0.806404995855706, -0.591363663627517 ) );
#11261 = CARTESIAN_POINT( '', ( -0.850000000000000, -4.46726295238420, 0.400000000000000 ) );
#11262 = DIRECTION( '', ( -1.00000000000000, 0.000000000000000, 0.000000000000000 ) );
#11263 = DIRECTION( '', ( 0.000000000000000, 0.000000000000000, 1.00000000000000 ) );
#11264 = DIRECTION( '', ( -1.00000000000000, 0.000000000000000, 0.000000000000000 ) );
#11265 = DIRECTION( '', ( -1.00000000000000, 0.000000000000000, 0.000000000000000 ) );
#11266 = CARTESIAN_POINT( '', ( 1.05000000000000, -5.90000000000000, -0.402659498415081 ) );
#11267 = DIRECTION( '', ( 0.000000000000000, 0.000000000000000, -1.00000000000000 ) );
#11268 = DIRECTION( '', ( -1.00000000000000, 0.000000000000000, 0.000000000000000 ) );
#11269 = DIRECTION( '', ( 0.000000000000000, 0.000000000000000, 1.00000000000000 ) );
#11270 = CARTESIAN_POINT( '', ( 0.850000000000000, -5.90000000000000, -0.650673834918257 ) );
#11271 = DIRECTION( '', ( 1.00000000000000, 0.000000000000000, 0.000000000000000 ) );
#11272 = DIRECTION( '', ( 0.000000000000000, 0.000000000000000, -1.00000000000000 ) );
#11273 = CARTESIAN_POINT( '', ( -1.05000000000000, -4.80546432034307, 0.400000000000000 ) );
#11274 = DIRECTION( '', ( 0.000000000000000, 1.00000000000000, 0.000000000000000 ) );
#11275 = DIRECTION( '', ( 0.000000000000000, 0.000000000000000, 1.00000000000000 ) );
#11276 = CARTESIAN_POINT( '', ( -0.850000000000000, -4.80546432034307, 0.400000000000000 ) );
#11277 = DIRECTION( '', ( 4.01311895936592E-017, 0.277608668927906, -0.960694242168691 ) );
#11278 = DIRECTION( '', ( 1.86620819252899E-016, 0.960694242168691, 0.277608668927906 ) );
#11279 = CARTESIAN_POINT( '', ( -0.850000000000000, -4.80546432034307, 0.500000000000000 ) );
#11280 = DIRECTION( '', ( 0.000000000000000, -0.000000000000000, 1.00000000000000 ) );
#11281 = DIRECTION( '', ( 1.44560289664733E-016, 1.00000000000000, 0.000000000000000 ) );
#11282 = CARTESIAN_POINT( '', ( -1.05000000000000, -5.90000000000000, 0.400000000000000 ) );
#11283 = DIRECTION( '', ( 0.000000000000000, 1.00000000000000, 0.000000000000000 ) );
#11284 = DIRECTION( '', ( 0.000000000000000, 0.000000000000000, 1.00000000000000 ) );
#11285 = DIRECTION( '', ( -1.44560289664733E-016, -1.00000000000000, 0.000000000000000 ) );
#11286 = DIRECTION( '', ( 1.44560289664733E-016, 1.00000000000000, 0.000000000000000 ) );
#11287 = DIRECTION( '', ( -1.44560289664733E-016, -1.00000000000000, 0.000000000000000 ) );
#11288 = CARTESIAN_POINT( '', ( -0.850000000000000, -5.90000000000000, -0.402659498415081 ) );
#11289 = DIRECTION( '', ( 6.56705057434810E-017, -0.942878458172304, 0.333136928476294 ) );
#11290 = DIRECTION( '', ( 0.000000000000000, 0.333136928476294, 0.942878458172304 ) );
#11291 = DIRECTION( '', ( 1.16574139787989E-016, 0.806404995855706, 0.591363663627517 ) );
#11292 = DIRECTION( '', ( 1.16574139787989E-016, 0.806404995855706, 0.591363663627517 ) );
#11293 = CARTESIAN_POINT( '', ( -1.05000000000000, -5.90000000000000, -0.402659498415081 ) );
#11294 = DIRECTION( '', ( 0.000000000000000, 0.000000000000000, -1.00000000000000 ) );
#11295 = DIRECTION( '', ( -1.00000000000000, 0.000000000000000, 0.000000000000000 ) );
#11296 = CARTESIAN_POINT( '', ( -0.850000000000000, -5.90000000000000, -0.650673834918257 ) );
#11297 = DIRECTION( '', ( -1.00000000000000, 0.000000000000000, 0.000000000000000 ) );
#11298 = DIRECTION( '', ( 0.000000000000000, 0.000000000000000, 1.00000000000000 ) );
#11299 = CARTESIAN_POINT( '', ( -1.05000000000000, -5.90000000000000, 0.400000000000000 ) );
#11300 = DIRECTION( '', ( 0.000000000000000, 0.000000000000000, 1.00000000000000 ) );
#11301 = DIRECTION( '', ( 1.00000000000000, 0.000000000000000, 0.000000000000000 ) );
#11302 = DIRECTION( '', ( 0.000000000000000, 0.000000000000000, 1.00000000000000 ) );
#11303 = CARTESIAN_POINT( '', ( 1.45000000000000, -5.90000000000000, 0.400000000000000 ) );
#11304 = DIRECTION( '', ( 1.00000000000000, 0.000000000000000, 0.000000000000000 ) );
#11305 = DIRECTION( '', ( 0.000000000000000, 0.000000000000000, -1.00000000000000 ) );
#11306 = CARTESIAN_POINT( '', ( 1.45000000000000, -5.90000000000000, 0.400000000000000 ) );
#11307 = DIRECTION( '', ( 0.000000000000000, -1.00000000000000, 0.000000000000000 ) );
#11308 = DIRECTION( '', ( 0.000000000000000, 0.000000000000000, -1.00000000000000 ) );
#11309 = CARTESIAN_POINT( '', ( -3.55000000000000, -5.90000000000000, 0.400000000000000 ) );
#11310 = DIRECTION( '', ( 0.000000000000000, -1.00000000000000, 0.000000000000000 ) );
#11311 = DIRECTION( '', ( 0.000000000000000, 0.000000000000000, -1.00000000000000 ) );
#11312 = CARTESIAN_POINT( '', ( -3.55000000000000, -5.90000000000000, 0.400000000000000 ) );
#11313 = DIRECTION( '', ( 0.000000000000000, 0.000000000000000, 1.00000000000000 ) );
#11314 = DIRECTION( '', ( 1.00000000000000, 0.000000000000000, 0.000000000000000 ) );
#11315 = CARTESIAN_POINT( '', ( -6.05000000000000, 5.90000000000000, 0.400000000000000 ) );
#11316 = DIRECTION( '', ( 0.000000000000000, -1.00000000000000, 0.000000000000000 ) );
#11317 = DIRECTION( '', ( 0.000000000000000, 0.000000000000000, -1.00000000000000 ) );
#11318 = CARTESIAN_POINT( '', ( -6.05000000000000, 5.90000000000000, 0.400000000000000 ) );
#11319 = DIRECTION( '', ( 0.000000000000000, 0.000000000000000, -1.00000000000000 ) );
#11320 = DIRECTION( '', ( -1.00000000000000, 0.000000000000000, 0.000000000000000 ) );
#11321 = CARTESIAN_POINT( '', ( -3.55000000000000, -5.90000000000000, -0.402659498415081 ) );
#11322 = DIRECTION( '', ( 0.000000000000000, 0.000000000000000, -1.00000000000000 ) );
#11323 = DIRECTION( '', ( -1.00000000000000, 0.000000000000000, 0.000000000000000 ) );
#11324 = CARTESIAN_POINT( '', ( -3.55000000000000, -4.80546432034307, 0.400000000000000 ) );
#11325 = DIRECTION( '', ( 0.000000000000000, 1.00000000000000, 0.000000000000000 ) );
#11326 = DIRECTION( '', ( 0.000000000000000, 0.000000000000000, 1.00000000000000 ) );
#11327 = CARTESIAN_POINT( '', ( -3.35000000000000, -5.90000000000000, -0.650673834918257 ) );
#11328 = DIRECTION( '', ( -1.00000000000000, 0.000000000000000, 0.000000000000000 ) );
#11329 = DIRECTION( '', ( 0.000000000000000, 0.000000000000000, 1.00000000000000 ) );
#11330 = CARTESIAN_POINT( '', ( -3.35000000000000, -5.90000000000000, -0.402659498415081 ) );
#11331 = DIRECTION( '', ( -2.62682022973924E-016, -0.942878458172304, 0.333136928476294 ) );
#11332 = DIRECTION( '', ( 0.000000000000000, 0.333136928476294, 0.942878458172304 ) );
#11333 = CARTESIAN_POINT( '', ( -3.35000000000000, -4.46726295238420, 0.400000000000000 ) );
#11334 = DIRECTION( '', ( -1.00000000000000, 0.000000000000000, 0.000000000000000 ) );
#11335 = DIRECTION( '', ( 0.000000000000000, 0.000000000000000, 1.00000000000000 ) );
#11336 = CARTESIAN_POINT( '', ( -3.35000000000000, -4.80546432034307, 0.400000000000000 ) );
#11337 = DIRECTION( '', ( -1.60524758374637E-016, 0.277608668927906, -0.960694242168691 ) );
#11338 = DIRECTION( '', ( -7.46483277011594E-016, 0.960694242168691, 0.277608668927906 ) );
#11339 = DIRECTION( '', ( -4.66296559151956E-016, 0.806404995855706, 0.591363663627517 ) );
#11340 = CARTESIAN_POINT( '', ( -1.65000000000000, -5.90000000000000, -0.650673834918257 ) );
#11341 = DIRECTION( '', ( 1.00000000000000, 0.000000000000000, 0.000000000000000 ) );
#11342 = DIRECTION( '', ( 0.000000000000000, 0.000000000000000, -1.00000000000000 ) );
#11343 = DIRECTION( '', ( 1.00000000000000, 0.000000000000000, 0.000000000000000 ) );
#11344 = CARTESIAN_POINT( '', ( -1.65000000000000, -4.46726295238420, 0.400000000000000 ) );
#11345 = DIRECTION( '', ( 1.00000000000000, 0.000000000000000, 0.000000000000000 ) );
#11346 = DIRECTION( '', ( 0.000000000000000, 0.000000000000000, -1.00000000000000 ) );
#11347 = DIRECTION( '', ( -1.00000000000000, 0.000000000000000, 0.000000000000000 ) );
#11348 = DIRECTION( '', ( -1.00000000000000, 0.000000000000000, 0.000000000000000 ) );
#11349 = CARTESIAN_POINT( '', ( -1.45000000000000, -5.90000000000000, -0.402659498415081 ) );
#11350 = DIRECTION( '', ( 0.000000000000000, 0.000000000000000, -1.00000000000000 ) );
#11351 = DIRECTION( '', ( -1.00000000000000, 0.000000000000000, 0.000000000000000 ) );
#11352 = CARTESIAN_POINT( '', ( -1.65000000000000, -5.90000000000000, -0.402659498415081 ) );
#11353 = DIRECTION( '', ( 0.000000000000000, -0.942878458172302, 0.333136928476299 ) );
#11354 = DIRECTION( '', ( 0.000000000000000, -0.333136928476299, -0.942878458172302 ) );
#11355 = CARTESIAN_POINT( '', ( -1.45000000000000, -4.80546432034307, 0.400000000000000 ) );
#11356 = DIRECTION( '', ( 0.000000000000000, 1.00000000000000, 0.000000000000000 ) );
#11357 = DIRECTION( '', ( 0.000000000000000, 0.000000000000000, 1.00000000000000 ) );
#11358 = CARTESIAN_POINT( '', ( -1.65000000000000, -4.80546432034307, 0.500000000000000 ) );
#11359 = DIRECTION( '', ( 0.000000000000000, 0.000000000000000, 1.00000000000000 ) );
#11360 = DIRECTION( '', ( 0.000000000000000, -1.00000000000000, 0.000000000000000 ) );
#11361 = CARTESIAN_POINT( '', ( -1.65000000000000, -4.80546432034307, 0.400000000000000 ) );
#11362 = DIRECTION( '', ( 0.000000000000000, 0.277608668927905, -0.960694242168692 ) );
#11363 = DIRECTION( '', ( 0.000000000000000, -0.960694242168692, -0.277608668927905 ) );
#11364 = DIRECTION( '', ( 0.000000000000000, -0.806404995855706, -0.591363663627517 ) );
#11365 = DIRECTION( '', ( 0.000000000000000, -0.806404995855706, -0.591363663627517 ) );
#11366 = CARTESIAN_POINT( '', ( -1.45000000000000, -5.90000000000000, 0.400000000000000 ) );
#11367 = DIRECTION( '', ( 0.000000000000000, 0.000000000000000, -1.00000000000000 ) );
#11368 = DIRECTION( '', ( -1.00000000000000, 0.000000000000000, 0.000000000000000 ) );
#11369 = DIRECTION( '', ( 0.000000000000000, 0.000000000000000, 1.00000000000000 ) );
#11370 = CARTESIAN_POINT( '', ( -1.45000000000000, -5.90000000000000, 0.400000000000000 ) );
#11371 = DIRECTION( '', ( 0.000000000000000, 1.00000000000000, 0.000000000000000 ) );
#11372 = DIRECTION( '', ( 0.000000000000000, 0.000000000000000, 1.00000000000000 ) );
#11373 = DIRECTION( '', ( 0.000000000000000, 1.00000000000000, 0.000000000000000 ) );
#11374 = DIRECTION( '', ( 0.000000000000000, 1.00000000000000, 0.000000000000000 ) );
#11375 = DIRECTION( '', ( 0.000000000000000, 1.00000000000000, 0.000000000000000 ) );
#11376 = CARTESIAN_POINT( '', ( -3.95000000000000, 5.90000000000000, 0.400000000000000 ) );
#11377 = DIRECTION( '', ( 0.000000000000000, 0.000000000000000, 1.00000000000000 ) );
#11378 = DIRECTION( '', ( 1.00000000000000, 0.000000000000000, 0.000000000000000 ) );
#11379 = CARTESIAN_POINT( '', ( -3.95000000000000, 5.90000000000000, 0.400000000000000 ) );
#11380 = DIRECTION( '', ( 0.000000000000000, 1.00000000000000, 0.000000000000000 ) );
#11381 = DIRECTION( '', ( 0.000000000000000, 0.000000000000000, 1.00000000000000 ) );
#11382 = CARTESIAN_POINT( '', ( 6.05000000000000, 5.90000000000000, 0.400000000000000 ) );
#11383 = DIRECTION( '', ( 0.000000000000000, 0.000000000000000, 1.00000000000000 ) );
#11384 = DIRECTION( '', ( 1.00000000000000, 0.000000000000000, 0.000000000000000 ) );
#11385 = DIRECTION( '', ( 0.000000000000000, 0.000000000000000, 1.00000000000000 ) );
#11386 = CARTESIAN_POINT( '', ( 6.05000000000000, 5.90000000000000, -0.402659498415081 ) );
#11387 = DIRECTION( '', ( 0.000000000000000, 0.000000000000000, -1.00000000000000 ) );
#11388 = DIRECTION( '', ( -1.00000000000000, 0.000000000000000, 0.000000000000000 ) );
#11389 = DIRECTION( '', ( 0.000000000000000, 0.000000000000000, 1.00000000000000 ) );
#11390 = CARTESIAN_POINT( '', ( -3.95000000000000, 4.80546432034307, 0.400000000000000 ) );
#11391 = DIRECTION( '', ( 0.000000000000000, -1.00000000000000, 0.000000000000000 ) );
#11392 = DIRECTION( '', ( 0.000000000000000, 0.000000000000000, -1.00000000000000 ) );
#11393 = DIRECTION( '', ( 0.000000000000000, -1.00000000000000, 0.000000000000000 ) );
#11394 = CARTESIAN_POINT( '', ( -3.95000000000000, 5.90000000000000, -0.402659498415081 ) );
#11395 = DIRECTION( '', ( 0.000000000000000, 0.000000000000000, -1.00000000000000 ) );
#11396 = DIRECTION( '', ( -1.00000000000000, 0.000000000000000, 0.000000000000000 ) );
#11397 = DIRECTION( '', ( 0.000000000000000, 0.000000000000000, 1.00000000000000 ) );
#11398 = DIRECTION( '', ( 0.000000000000000, 0.000000000000000, 1.00000000000000 ) );
#11399 = CARTESIAN_POINT( '', ( -4.15000000000000, 4.46726295238420, 0.400000000000000 ) );
#11400 = DIRECTION( '', ( 1.00000000000000, 0.000000000000000, 0.000000000000000 ) );
#11401 = DIRECTION( '', ( 0.000000000000000, 0.000000000000000, -1.00000000000000 ) );
#11402 = CARTESIAN_POINT( '', ( -4.15000000000000, 4.80546432034307, 0.400000000000000 ) );
#11403 = DIRECTION( '', ( 0.000000000000000, -0.277608668927905, -0.960694242168692 ) );
#11404 = DIRECTION( '', ( 0.000000000000000, -0.960694242168692, 0.277608668927905 ) );
#11405 = CARTESIAN_POINT( '', ( -4.15000000000000, 5.90000000000000, -0.650673834918257 ) );
#11406 = DIRECTION( '', ( 1.00000000000000, 0.000000000000000, 0.000000000000000 ) );
#11407 = DIRECTION( '', ( 0.000000000000000, 0.000000000000000, -1.00000000000000 ) );
#11408 = CARTESIAN_POINT( '', ( -4.15000000000000, 5.90000000000000, -0.402659498415081 ) );
#11409 = DIRECTION( '', ( 0.000000000000000, -0.942878458172302, -0.333136928476299 ) );
#11410 = DIRECTION( '', ( 0.000000000000000, -0.333136928476299, 0.942878458172302 ) );
#11411 = CARTESIAN_POINT( '', ( -4.15000000000000, 6.00000000000000, -0.402659498415081 ) );
#11412 = DIRECTION( '', ( 0.000000000000000, 1.00000000000000, 0.000000000000000 ) );
#11413 = DIRECTION( '', ( 0.000000000000000, 0.000000000000000, 1.00000000000000 ) );
#11414 = DIRECTION( '', ( 0.000000000000000, -0.806404995855706, 0.591363663627517 ) );
#11415 = DIRECTION( '', ( 0.000000000000000, -0.806404995855706, 0.591363663627517 ) );
#11416 = CARTESIAN_POINT( '', ( -5.85000000000000, 4.46726295238419, 0.400000000000000 ) );
#11417 = DIRECTION( '', ( -1.00000000000000, 0.000000000000000, 0.000000000000000 ) );
#11418 = DIRECTION( '', ( 0.000000000000000, 0.000000000000000, 1.00000000000000 ) );
#11419 = DIRECTION( '', ( -1.00000000000000, 0.000000000000000, 0.000000000000000 ) );
#11420 = DIRECTION( '', ( 0.000000000000000, 0.000000000000000, 1.00000000000000 ) );
#11421 = CARTESIAN_POINT( '', ( -3.35000000000000, 6.00000000000000, -0.402659498415081 ) );
#11422 = DIRECTION( '', ( 0.000000000000000, 1.00000000000000, 0.000000000000000 ) );
#11423 = DIRECTION( '', ( 3.94255335449274E-016, 0.000000000000000, -1.00000000000000 ) );
#11424 = DIRECTION( '', ( 1.00000000000000, 0.000000000000000, 0.000000000000000 ) );
#11425 = CARTESIAN_POINT( '', ( -1.65000000000000, 6.00000000000000, -0.402659498415081 ) );
#11426 = DIRECTION( '', ( 0.000000000000000, 1.00000000000000, 0.000000000000000 ) );
#11427 = DIRECTION( '', ( 0.000000000000000, 0.000000000000000, 1.00000000000000 ) );
#11428 = DIRECTION( '', ( 0.000000000000000, 0.000000000000000, 1.00000000000000 ) );
#11429 = DIRECTION( '', ( 0.000000000000000, 0.000000000000000, 1.00000000000000 ) );
#11430 = CARTESIAN_POINT( '', ( -0.850000000000000, 6.00000000000000, -0.402659498415081 ) );
#11431 = DIRECTION( '', ( 0.000000000000000, 1.00000000000000, 0.000000000000000 ) );
#11432 = DIRECTION( '', ( -1.77414900952174E-015, 0.000000000000000, -1.00000000000000 ) );
#11433 = DIRECTION( '', ( 1.00000000000000, 0.000000000000000, 0.000000000000000 ) );
#11434 = CARTESIAN_POINT( '', ( 0.850000000000000, 6.00000000000000, -0.402659498415081 ) );
#11435 = DIRECTION( '', ( -0.000000000000000, 1.00000000000000, 0.000000000000000 ) );
#11436 = DIRECTION( '', ( 7.88510670898549E-016, 0.000000000000000, 1.00000000000000 ) );
#11437 = DIRECTION( '', ( 0.000000000000000, 0.000000000000000, 1.00000000000000 ) );
#11438 = DIRECTION( '', ( 0.000000000000000, 0.000000000000000, 1.00000000000000 ) );
#11439 = CARTESIAN_POINT( '', ( 1.65000000000000, 6.00000000000000, -0.402659498415081 ) );
#11440 = DIRECTION( '', ( 0.000000000000000, 1.00000000000000, 0.000000000000000 ) );
#11441 = DIRECTION( '', ( 3.94255335449274E-016, 0.000000000000000, -1.00000000000000 ) );
#11442 = DIRECTION( '', ( -1.00000000000000, 0.000000000000000, 0.000000000000000 ) );
#11443 = CARTESIAN_POINT( '', ( 3.35000000000000, 6.00000000000000, -0.402659498415081 ) );
#11444 = DIRECTION( '', ( -0.000000000000000, 1.00000000000000, 0.000000000000000 ) );
#11445 = DIRECTION( '', ( 3.94255335449274E-016, 0.000000000000000, 1.00000000000000 ) );
#11446 = DIRECTION( '', ( 0.000000000000000, 0.000000000000000, 1.00000000000000 ) );
#11447 = DIRECTION( '', ( 0.000000000000000, 0.000000000000000, 1.00000000000000 ) );
#11448 = CARTESIAN_POINT( '', ( 4.15000000000000, 6.00000000000000, -0.402659498415081 ) );
#11449 = DIRECTION( '', ( 0.000000000000000, 1.00000000000000, 0.000000000000000 ) );
#11450 = DIRECTION( '', ( 1.57702134179710E-015, 0.000000000000000, -1.00000000000000 ) );
#11451 = DIRECTION( '', ( -1.00000000000000, 0.000000000000000, 0.000000000000000 ) );
#11452 = CARTESIAN_POINT( '', ( 5.85000000000000, 6.00000000000000, -0.402659498415081 ) );
#11453 = DIRECTION( '', ( 0.000000000000000, 1.00000000000000, 0.000000000000000 ) );
#11454 = DIRECTION( '', ( 0.000000000000000, 0.000000000000000, -1.00000000000000 ) );
#11455 = DIRECTION( '', ( -1.00000000000000, 0.000000000000000, 0.000000000000000 ) );
#11456 = DIRECTION( '', ( -1.00000000000000, 0.000000000000000, 0.000000000000000 ) );
#11457 = DIRECTION( '', ( 0.000000000000000, 0.000000000000000, 1.00000000000000 ) );
#11458 = CARTESIAN_POINT( '', ( -5.85000000000000, 6.00000000000000, -0.402659498415081 ) );
#11459 = DIRECTION( '', ( 0.000000000000000, 1.00000000000000, 0.000000000000000 ) );
#11460 = DIRECTION( '', ( 0.000000000000000, 0.000000000000000, 1.00000000000000 ) );
#11461 = DIRECTION( '', ( 1.00000000000000, 0.000000000000000, 0.000000000000000 ) );
#11462 = DIRECTION( '', ( 1.00000000000000, 0.000000000000000, 1.54886024640786E-016 ) );
#11463 = DIRECTION( '', ( 0.000000000000000, 0.000000000000000, 1.00000000000000 ) );
#11464 = DIRECTION( '', ( -1.00000000000000, 0.000000000000000, 0.000000000000000 ) );
#11465 = DIRECTION( '', ( -2.16840434497101E-015, 0.000000000000000, -1.00000000000000 ) );
#11466 = DIRECTION( '', ( 1.00000000000000, 0.000000000000000, -1.54886024640786E-016 ) );
#11467 = DIRECTION( '', ( 0.000000000000000, 0.000000000000000, 1.00000000000000 ) );
#11468 = DIRECTION( '', ( -1.00000000000000, 0.000000000000000, 0.000000000000000 ) );
#11469 = DIRECTION( '', ( 0.000000000000000, 0.000000000000000, -1.00000000000000 ) );
#11470 = DIRECTION( '', ( 1.00000000000000, 0.000000000000000, -1.54886024640786E-016 ) );
#11471 = DIRECTION( '', ( 0.000000000000000, 0.000000000000000, 1.00000000000000 ) );
#11472 = DIRECTION( '', ( -1.00000000000000, 0.000000000000000, 0.000000000000000 ) );
#11473 = DIRECTION( '', ( -1.23908819712629E-015, 0.000000000000000, -1.00000000000000 ) );
#11474 = DIRECTION( '', ( 1.85863229568943E-015, 0.000000000000000, 1.00000000000000 ) );
#11475 = DIRECTION( '', ( -1.00000000000000, 0.000000000000000, 0.000000000000000 ) );
#11476 = DIRECTION( '', ( 6.19544098563145E-016, 0.000000000000000, -1.00000000000000 ) );
#11477 = DIRECTION( '', ( 1.00000000000000, 0.000000000000000, 0.000000000000000 ) );
#11478 = DIRECTION( '', ( 0.000000000000000, 0.000000000000000, 1.00000000000000 ) );
#11479 = DIRECTION( '', ( -1.00000000000000, 0.000000000000000, -1.54886024640786E-016 ) );
#11480 = DIRECTION( '', ( 1.23908819712629E-015, 0.000000000000000, -1.00000000000000 ) );
#11481 = DIRECTION( '', ( 1.00000000000000, 0.000000000000000, 0.000000000000000 ) );
#11482 = DIRECTION( '', ( 0.000000000000000, 0.000000000000000, 1.00000000000000 ) );
#11483 = DIRECTION( '', ( -1.00000000000000, 0.000000000000000, -1.54886024640786E-016 ) );
#11484 = DIRECTION( '', ( 0.000000000000000, 0.000000000000000, -1.00000000000000 ) );
#11485 = DIRECTION( '', ( 1.00000000000000, 0.000000000000000, 0.000000000000000 ) );
#11486 = DIRECTION( '', ( -6.12303176911189E-017, -1.00000000000000, 0.000000000000000 ) );
#11487 = DIRECTION( '', ( -1.00000000000000, 0.000000000000000, 0.000000000000000 ) );
#11488 = DIRECTION( '', ( -6.12303176911189E-017, -1.00000000000000, 0.000000000000000 ) );
#11489 = CARTESIAN_POINT( '', ( -6.05000000000000, 5.90000000000000, -0.402659498415081 ) );
#11490 = DIRECTION( '', ( 0.000000000000000, 0.000000000000000, -1.00000000000000 ) );
#11491 = DIRECTION( '', ( -1.00000000000000, 0.000000000000000, 0.000000000000000 ) );
#11492 = CARTESIAN_POINT( '', ( -5.85000000000000, 5.90000000000000, -0.402659498415081 ) );
#11493 = DIRECTION( '', ( 0.000000000000000, -0.942878458172302, -0.333136928476299 ) );
#11494 = DIRECTION( '', ( 0.000000000000000, -0.333136928476299, 0.942878458172302 ) );
#11495 = CARTESIAN_POINT( '', ( -5.85000000000000, 5.90000000000000, -0.650673834918257 ) );
#11496 = DIRECTION( '', ( -1.00000000000000, 0.000000000000000, 0.000000000000000 ) );
#11497 = DIRECTION( '', ( 0.000000000000000, 0.000000000000000, 1.00000000000000 ) );
#11498 = CARTESIAN_POINT( '', ( 4.15000000000000, 5.90000000000000, -0.650673834918257 ) );
#11499 = DIRECTION( '', ( -1.00000000000000, 0.000000000000000, 0.000000000000000 ) );
#11500 = DIRECTION( '', ( 0.000000000000000, 0.000000000000000, 1.00000000000000 ) );
#11501 = CARTESIAN_POINT( '', ( 3.95000000000000, 5.90000000000000, -0.402659498415081 ) );
#11502 = DIRECTION( '', ( 0.000000000000000, 0.000000000000000, -1.00000000000000 ) );
#11503 = DIRECTION( '', ( -1.00000000000000, 0.000000000000000, 0.000000000000000 ) );
#11504 = CARTESIAN_POINT( '', ( 4.15000000000000, 5.90000000000000, -0.402659498415081 ) );
#11505 = DIRECTION( '', ( 5.25364045947856E-016, -0.942878458172302, -0.333136928476299 ) );
#11506 = DIRECTION( '', ( 0.000000000000000, 0.333136928476299, -0.942878458172302 ) );
#11507 = CARTESIAN_POINT( '', ( 5.85000000000000, 5.90000000000000, -0.650673834918257 ) );
#11508 = DIRECTION( '', ( 1.00000000000000, 0.000000000000000, 0.000000000000000 ) );
#11509 = DIRECTION( '', ( 0.000000000000000, 0.000000000000000, -1.00000000000000 ) );
#11510 = CARTESIAN_POINT( '', ( 5.85000000000000, 5.90000000000000, -0.402659498415081 ) );
#11511 = DIRECTION( '', ( 0.000000000000000, -0.942878458172303, -0.333136928476296 ) );
#11512 = DIRECTION( '', ( 0.000000000000000, 0.333136928476296, -0.942878458172303 ) );
#11513 = CARTESIAN_POINT( '', ( 1.65000000000000, 5.90000000000000, -0.650673834918257 ) );
#11514 = DIRECTION( '', ( -1.00000000000000, 0.000000000000000, 0.000000000000000 ) );
#11515 = DIRECTION( '', ( 0.000000000000000, 0.000000000000000, 1.00000000000000 ) );
#11516 = CARTESIAN_POINT( '', ( 1.45000000000000, 5.90000000000000, -0.402659498415081 ) );
#11517 = DIRECTION( '', ( 0.000000000000000, 0.000000000000000, -1.00000000000000 ) );
#11518 = DIRECTION( '', ( -1.00000000000000, 0.000000000000000, 0.000000000000000 ) );
#11519 = CARTESIAN_POINT( '', ( 1.65000000000000, 5.90000000000000, -0.402659498415081 ) );
#11520 = DIRECTION( '', ( 1.31341011486964E-016, -0.942878458172302, -0.333136928476299 ) );
#11521 = DIRECTION( '', ( 0.000000000000000, 0.333136928476299, -0.942878458172302 ) );
#11522 = CARTESIAN_POINT( '', ( 3.55000000000000, 5.90000000000000, -0.402659498415081 ) );
#11523 = DIRECTION( '', ( 0.000000000000000, 0.000000000000000, -1.00000000000000 ) );
#11524 = DIRECTION( '', ( -1.00000000000000, 0.000000000000000, 0.000000000000000 ) );
#11525 = CARTESIAN_POINT( '', ( 3.35000000000000, 5.90000000000000, -0.650673834918257 ) );
#11526 = DIRECTION( '', ( 1.00000000000000, 0.000000000000000, 0.000000000000000 ) );
#11527 = DIRECTION( '', ( 0.000000000000000, 0.000000000000000, -1.00000000000000 ) );
#11528 = CARTESIAN_POINT( '', ( 3.35000000000000, 5.90000000000000, -0.402659498415081 ) );
#11529 = DIRECTION( '', ( -1.31341011486964E-016, -0.942878458172302, -0.333136928476299 ) );
#11530 = DIRECTION( '', ( 0.000000000000000, -0.333136928476299, 0.942878458172302 ) );
#11531 = CARTESIAN_POINT( '', ( 0.850000000000000, 5.90000000000000, -0.650673834918257 ) );
#11532 = DIRECTION( '', ( 1.00000000000000, 0.000000000000000, 0.000000000000000 ) );
#11533 = DIRECTION( '', ( 0.000000000000000, 0.000000000000000, -1.00000000000000 ) );
#11534 = CARTESIAN_POINT( '', ( 0.850000000000000, 5.90000000000000, -0.402659498415081 ) );
#11535 = DIRECTION( '', ( -2.62682022973928E-016, -0.942878458172302, -0.333136928476299 ) );
#11536 = DIRECTION( '', ( 6.10771009117411E-016, -0.333136928476299, 0.942878458172302 ) );
#11537 = CARTESIAN_POINT( '', ( 1.05000000000000, 5.90000000000000, -0.402659498415081 ) );
#11538 = DIRECTION( '', ( 0.000000000000000, 0.000000000000000, -1.00000000000000 ) );
#11539 = DIRECTION( '', ( -1.00000000000000, 0.000000000000000, 0.000000000000000 ) );
#11540 = CARTESIAN_POINT( '', ( -1.05000000000000, 5.90000000000000, -0.402659498415081 ) );
#11541 = DIRECTION( '', ( 0.000000000000000, 0.000000000000000, -1.00000000000000 ) );
#11542 = DIRECTION( '', ( -1.00000000000000, 0.000000000000000, 0.000000000000000 ) );
#11543 = CARTESIAN_POINT( '', ( -0.850000000000000, 5.90000000000000, -0.402659498415081 ) );
#11544 = DIRECTION( '', ( -5.91034551691334E-016, -0.942878458172303, -0.333136928476297 ) );
#11545 = DIRECTION( '', ( -1.83231302735223E-015, 0.333136928476296, -0.942878458172303 ) );
#11546 = CARTESIAN_POINT( '', ( -0.850000000000000, 5.90000000000000, -0.650673834918257 ) );
#11547 = DIRECTION( '', ( -1.00000000000000, 0.000000000000000, 0.000000000000000 ) );
#11548 = DIRECTION( '', ( 0.000000000000000, 0.000000000000000, 1.00000000000000 ) );
#11549 = CARTESIAN_POINT( '', ( -3.35000000000000, 5.90000000000000, -0.650673834918257 ) );
#11550 = DIRECTION( '', ( -1.00000000000000, 0.000000000000000, 0.000000000000000 ) );
#11551 = DIRECTION( '', ( 0.000000000000000, 0.000000000000000, 1.00000000000000 ) );
#11552 = CARTESIAN_POINT( '', ( -3.55000000000000, 5.90000000000000, -0.402659498415081 ) );
#11553 = DIRECTION( '', ( 0.000000000000000, 0.000000000000000, -1.00000000000000 ) );
#11554 = DIRECTION( '', ( -1.00000000000000, 0.000000000000000, 0.000000000000000 ) );
#11555 = CARTESIAN_POINT( '', ( -3.35000000000000, 5.90000000000000, -0.402659498415081 ) );
#11556 = DIRECTION( '', ( 1.31341011486963E-016, -0.942878458172303, -0.333136928476296 ) );
#11557 = DIRECTION( '', ( 1.22154201823482E-015, 0.333136928476296, -0.942878458172303 ) );
#11558 = CARTESIAN_POINT( '', ( -3.55000000000000, 4.80546432034307, 0.400000000000000 ) );
#11559 = DIRECTION( '', ( 0.000000000000000, -1.00000000000000, 0.000000000000000 ) );
#11560 = DIRECTION( '', ( 0.000000000000000, 0.000000000000000, -1.00000000000000 ) );
#11561 = DIRECTION( '', ( 2.89120579329467E-016, 1.00000000000000, 0.000000000000000 ) );
#11562 = CARTESIAN_POINT( '', ( -3.55000000000000, 5.90000000000000, 0.400000000000000 ) );
#11563 = DIRECTION( '', ( 0.000000000000000, 1.00000000000000, 0.000000000000000 ) );
#11564 = DIRECTION( '', ( 0.000000000000000, 0.000000000000000, 1.00000000000000 ) );
#11565 = CARTESIAN_POINT( '', ( -3.35000000000000, 4.80546432034307, 0.400000000000000 ) );
#11566 = DIRECTION( '', ( -8.02623791873184E-017, -0.277608668927906, -0.960694242168691 ) );
#11567 = DIRECTION( '', ( 0.000000000000000, 0.960694242168691, -0.277608668927906 ) );
#11568 = DIRECTION( '', ( 2.33148279575978E-016, 0.806404995855706, -0.591363663627517 ) );
#11569 = DIRECTION( '', ( 2.33148279575978E-016, 0.806404995855706, -0.591363663627517 ) );
#11570 = CARTESIAN_POINT( '', ( -1.65000000000000, 5.90000000000000, -0.650673834918257 ) );
#11571 = DIRECTION( '', ( 1.00000000000000, 0.000000000000000, 0.000000000000000 ) );
#11572 = DIRECTION( '', ( 0.000000000000000, 0.000000000000000, -1.00000000000000 ) );
#11573 = DIRECTION( '', ( 1.00000000000000, 0.000000000000000, 0.000000000000000 ) );
#11574 = CARTESIAN_POINT( '', ( -1.45000000000000, 5.90000000000000, -0.402659498415081 ) );
#11575 = DIRECTION( '', ( 0.000000000000000, 0.000000000000000, -1.00000000000000 ) );
#11576 = DIRECTION( '', ( -1.00000000000000, 0.000000000000000, 0.000000000000000 ) );
#11577 = CARTESIAN_POINT( '', ( -1.65000000000000, 5.90000000000000, -0.402659498415081 ) );
#11578 = DIRECTION( '', ( 0.000000000000000, -0.942878458172302, -0.333136928476299 ) );
#11579 = DIRECTION( '', ( 0.000000000000000, -0.333136928476299, 0.942878458172302 ) );
#11580 = CARTESIAN_POINT( '', ( -1.45000000000000, 4.80546432034307, 0.400000000000000 ) );
#11581 = DIRECTION( '', ( 0.000000000000000, -1.00000000000000, 0.000000000000000 ) );
#11582 = DIRECTION( '', ( 0.000000000000000, 0.000000000000000, -1.00000000000000 ) );
#11583 = CARTESIAN_POINT( '', ( -1.65000000000000, 4.80546432034307, 0.400000000000000 ) );
#11584 = DIRECTION( '', ( 0.000000000000000, -0.277608668927905, -0.960694242168692 ) );
#11585 = DIRECTION( '', ( 0.000000000000000, -0.960694242168692, 0.277608668927905 ) );
#11586 = DIRECTION( '', ( 0.000000000000000, -0.806404995855706, 0.591363663627517 ) );
#11587 = DIRECTION( '', ( 0.000000000000000, -0.806404995855706, 0.591363663627517 ) );
#11588 = DIRECTION( '', ( 0.000000000000000, 0.000000000000000, 1.00000000000000 ) );
#11589 = DIRECTION( '', ( 0.000000000000000, -1.00000000000000, 0.000000000000000 ) );
#11590 = DIRECTION( '', ( 0.000000000000000, -1.00000000000000, 0.000000000000000 ) );
#11591 = CARTESIAN_POINT( '', ( 1.05000000000000, 5.90000000000000, 0.400000000000000 ) );
#11592 = DIRECTION( '', ( 0.000000000000000, 0.000000000000000, 1.00000000000000 ) );
#11593 = DIRECTION( '', ( 1.00000000000000, 0.000000000000000, 0.000000000000000 ) );
#11594 = CARTESIAN_POINT( '', ( 1.05000000000000, 5.90000000000000, 0.400000000000000 ) );
#11595 = DIRECTION( '', ( 0.000000000000000, 1.00000000000000, 0.000000000000000 ) );
#11596 = DIRECTION( '', ( 0.000000000000000, 0.000000000000000, 1.00000000000000 ) );
#11597 = DIRECTION( '', ( -1.30104260698260E-015, 1.00000000000000, 0.000000000000000 ) );
#11598 = DIRECTION( '', ( -1.00000000000000, 0.000000000000000, 0.000000000000000 ) );
#11599 = DIRECTION( '', ( -2.89120579329467E-016, 1.00000000000000, 0.000000000000000 ) );
#11600 = DIRECTION( '', ( 4.66296559151957E-016, -0.806404995855706, 0.591363663627517 ) );
#11601 = DIRECTION( '', ( 5.78241158658934E-016, -1.00000000000000, 0.000000000000000 ) );
#11602 = DIRECTION( '', ( 0.000000000000000, 0.000000000000000, 1.00000000000000 ) );
#11603 = DIRECTION( '', ( -2.33148279575978E-016, 0.806404995855706, -0.591363663627517 ) );
#11604 = DIRECTION( '', ( -2.89120579329467E-016, 1.00000000000000, 0.000000000000000 ) );
#11605 = DIRECTION( '', ( 0.000000000000000, 0.000000000000000, 1.00000000000000 ) );
#11606 = DIRECTION( '', ( 0.000000000000000, 0.000000000000000, 1.00000000000000 ) );
#11607 = DIRECTION( '', ( -2.89120579329467E-016, -1.00000000000000, 0.000000000000000 ) );
#11608 = DIRECTION( '', ( -2.33148279575978E-016, -0.806404995855706, 0.591363663627517 ) );
#11609 = DIRECTION( '', ( -1.00000000000000, 0.000000000000000, 0.000000000000000 ) );
#11610 = DIRECTION( '', ( -1.00000000000000, 0.000000000000000, 0.000000000000000 ) );
#11611 = DIRECTION( '', ( -1.00000000000000, 0.000000000000000, 0.000000000000000 ) );
#11612 = DIRECTION( '', ( -1.00000000000000, 0.000000000000000, 0.000000000000000 ) );
#11613 = DIRECTION( '', ( -1.00000000000000, 0.000000000000000, 0.000000000000000 ) );
#11614 = DIRECTION( '', ( -1.00000000000000, 0.000000000000000, 0.000000000000000 ) );
#11615 = DIRECTION( '', ( -1.00000000000000, 0.000000000000000, 0.000000000000000 ) );
#11616 = DIRECTION( '', ( -1.00000000000000, 0.000000000000000, 0.000000000000000 ) );
#11617 = DIRECTION( '', ( -1.00000000000000, 0.000000000000000, 0.000000000000000 ) );
#11618 = DIRECTION( '', ( -1.00000000000000, 0.000000000000000, 0.000000000000000 ) );
#11619 = DIRECTION( '', ( -1.00000000000000, 0.000000000000000, -1.54886024640786E-016 ) );
#11620 = DIRECTION( '', ( -6.12303176911189E-017, 1.00000000000000, 1.16853672443507E-013 ) );
#11621 = DIRECTION( '', ( -1.00000000000000, 0.000000000000000, -1.54886024640786E-016 ) );
#11622 = DIRECTION( '', ( -6.12303176911189E-017, 1.00000000000000, 1.16853672443507E-013 ) );
#11623 = DIRECTION( '', ( 0.000000000000000, 0.000000000000000, 1.00000000000000 ) );
#11624 = DIRECTION( '', ( 1.00000000000000, 0.000000000000000, 0.000000000000000 ) );
#11625 = DIRECTION( '', ( 0.000000000000000, 0.000000000000000, -1.00000000000000 ) );
#11626 = DIRECTION( '', ( -6.12303176911189E-017, 1.00000000000000, 1.16853672443507E-013 ) );
#11627 = DIRECTION( '', ( -6.12303176911189E-017, 1.00000000000000, 1.16853672443507E-013 ) );
#11628 = DIRECTION( '', ( 1.00000000000000, 0.000000000000000, 0.000000000000000 ) );
#11629 = DIRECTION( '', ( -1.00000000000000, 0.000000000000000, -1.54886024640786E-016 ) );
#11630 = DIRECTION( '', ( 0.000000000000000, 0.000000000000000, 1.00000000000000 ) );
#11631 = DIRECTION( '', ( 1.00000000000000, 0.000000000000000, 0.000000000000000 ) );
#11632 = DIRECTION( '', ( 1.23908819712629E-015, 0.000000000000000, -1.00000000000000 ) );
#11633 = CARTESIAN_POINT( '', ( 6.60000000000000, 6.00000000000000, -1.25000000000000 ) );
#11634 = DIRECTION( '', ( -1.00000000000000, -6.12303176911189E-017, 0.000000000000000 ) );
#11635 = DIRECTION( '', ( 0.000000000000000, 0.000000000000000, 1.00000000000000 ) );
#11636 = DIRECTION( '', ( -1.99325819630736E-017, 0.325534518106293, -0.945530156854504 ) );
#11637 = CARTESIAN_POINT( '', ( 6.60000000000000, 7.23093555489908, -2.67500000000013 ) );
#11638 = DIRECTION( '', ( 1.00000000000000, 6.12303176911189E-017, -5.59000074561374E-033 ) );
#11639 = DIRECTION( '', ( 5.78951118907347E-017, -0.945530156854504, -0.325534518106294 ) );
#11640 = CARTESIAN_POINT( '', ( 6.60000000000000, 7.23093555489908, -2.67500000000013 ) );
#11641 = DIRECTION( '', ( 1.00000000000000, 6.12303176911189E-017, -6.28875083881547E-033 ) );
#11642 = DIRECTION( '', ( 5.78951118907347E-017, -0.945530156854504, -0.325534518106293 ) );
#11643 = DIRECTION( '', ( -1.99325819630736E-017, 0.325534518106293, -0.945530156854504 ) );
#11644 = CARTESIAN_POINT( '', ( 6.60000000000000, 6.00000000000000, -1.25000000000000 ) );
#11645 = DIRECTION( '', ( -1.00000000000000, -6.12303176911189E-017, 0.000000000000000 ) );
#11646 = DIRECTION( '', ( 0.000000000000000, 0.000000000000000, 1.00000000000000 ) );
#11647 = DIRECTION( '', ( -6.12303176911189E-017, 1.00000000000000, 1.16853672443507E-013 ) );
#11648 = DIRECTION( '', ( -1.00000000000000, 0.000000000000000, -1.54886024640786E-016 ) );
#11649 = DIRECTION( '', ( -6.12303176911189E-017, 1.00000000000000, 1.16853672443507E-013 ) );
#11650 = CARTESIAN_POINT( '', ( 5.90000000000000, 6.00000000000000, -1.25000000000000 ) );
#11651 = DIRECTION( '', ( -1.00000000000000, -6.12303176911189E-017, 0.000000000000000 ) );
#11652 = DIRECTION( '', ( 0.000000000000000, 0.000000000000000, 1.00000000000000 ) );
#11653 = DIRECTION( '', ( 1.00000000000000, 4.12977357280452E-017, 5.78951118907348E-017 ) );
#11654 = DIRECTION( '', ( -6.12303176911189E-017, 1.00000000000000, 1.16853672443507E-013 ) );
#11655 = DIRECTION( '', ( -6.12303176911189E-017, 1.00000000000000, 1.16853672443507E-013 ) );
#11656 = DIRECTION( '', ( 1.00000000000000, 0.000000000000000, 0.000000000000000 ) );
#11657 = DIRECTION( '', ( -1.00000000000000, 0.000000000000000, 0.000000000000000 ) );
#11658 = DIRECTION( '', ( 1.85863229568943E-015, 0.000000000000000, 1.00000000000000 ) );
#11659 = DIRECTION( '', ( 1.00000000000000, 0.000000000000000, 0.000000000000000 ) );
#11660 = DIRECTION( '', ( 6.19544098563145E-016, 0.000000000000000, -1.00000000000000 ) );
#11661 = CARTESIAN_POINT( '', ( 4.10000000000000, 6.00000000000000, -1.25000000000000 ) );
#11662 = DIRECTION( '', ( -1.00000000000000, -6.12303176911189E-017, 0.000000000000000 ) );
#11663 = DIRECTION( '', ( 0.000000000000000, 0.000000000000000, 1.00000000000000 ) );
#11664 = DIRECTION( '', ( -1.99325819630736E-017, 0.325534518106293, -0.945530156854504 ) );
#11665 = CARTESIAN_POINT( '', ( 4.10000000000000, 7.23093555489908, -2.67500000000013 ) );
#11666 = DIRECTION( '', ( 1.00000000000000, 6.12303176911189E-017, -5.59000074561374E-033 ) );
#11667 = DIRECTION( '', ( 5.78951118907347E-017, -0.945530156854504, -0.325534518106294 ) );
#11668 = CARTESIAN_POINT( '', ( 4.10000000000000, 7.23093555489908, -2.67500000000013 ) );
#11669 = DIRECTION( '', ( 1.00000000000000, 6.12303176911189E-017, -6.28875083881547E-033 ) );
#11670 = DIRECTION( '', ( 5.78951118907347E-017, -0.945530156854504, -0.325534518106293 ) );
#11671 = DIRECTION( '', ( -1.99325819630736E-017, 0.325534518106293, -0.945530156854504 ) );
#11672 = CARTESIAN_POINT( '', ( 4.10000000000000, 6.00000000000000, -1.25000000000000 ) );
#11673 = DIRECTION( '', ( -1.00000000000000, -6.12303176911189E-017, 0.000000000000000 ) );
#11674 = DIRECTION( '', ( 0.000000000000000, 0.000000000000000, 1.00000000000000 ) );
#11675 = CARTESIAN_POINT( '', ( 3.40000000000000, 6.00000000000000, -1.25000000000000 ) );
#11676 = DIRECTION( '', ( -1.00000000000000, -6.12303176911189E-017, 0.000000000000000 ) );
#11677 = DIRECTION( '', ( 0.000000000000000, 0.000000000000000, 1.00000000000000 ) );
#11678 = DIRECTION( '', ( 1.00000000000000, 4.12977357280452E-017, 5.78951118907348E-017 ) );
#11679 = CARTESIAN_POINT( '', ( 3.40000000000000, 6.00000000000000, -1.25000000000000 ) );
#11680 = DIRECTION( '', ( -1.00000000000000, -6.12303176911189E-017, 0.000000000000000 ) );
#11681 = DIRECTION( '', ( 0.000000000000000, 0.000000000000000, 1.00000000000000 ) );
#11682 = DIRECTION( '', ( -1.99325819630736E-017, 0.325534518106293, -0.945530156854504 ) );
#11683 = CARTESIAN_POINT( '', ( 3.40000000000000, 7.23093555489908, -2.67500000000013 ) );
#11684 = DIRECTION( '', ( 1.00000000000000, 6.12303176911189E-017, -6.28875083881547E-033 ) );
#11685 = DIRECTION( '', ( 5.78951118907347E-017, -0.945530156854504, -0.325534518106293 ) );
#11686 = CARTESIAN_POINT( '', ( 3.40000000000000, 7.23093555489908, -2.67500000000013 ) );
#11687 = DIRECTION( '', ( 1.00000000000000, 6.12303176911189E-017, -5.59000074561374E-033 ) );
#11688 = DIRECTION( '', ( 5.78951118907347E-017, -0.945530156854504, -0.325534518106294 ) );
#11689 = DIRECTION( '', ( -1.99325819630736E-017, 0.325534518106293, -0.945530156854504 ) );
#11690 = DIRECTION( '', ( 1.00000000000000, 4.12977357280452E-017, 5.78951118907348E-017 ) );
#11691 = DIRECTION( '', ( -1.00000000000000, -1.87747142901218E-016, -1.08315859283573E-016 ) );
#11692 = DIRECTION( '', ( -1.00000000000000, -1.87747142901218E-016, -1.08315859283573E-016 ) );
#11693 = DIRECTION( '', ( -6.12303176911189E-017, 1.00000000000000, 1.16853672443507E-013 ) );
#11694 = DIRECTION( '', ( -1.00000000000000, 0.000000000000000, 0.000000000000000 ) );
#11695 = DIRECTION( '', ( -6.12303176911189E-017, 1.00000000000000, 1.16853672443507E-013 ) );
#11696 = CARTESIAN_POINT( '', ( 1.60000000000000, 6.00000000000000, -1.25000000000000 ) );
#11697 = DIRECTION( '', ( -1.00000000000000, -6.12303176911189E-017, 0.000000000000000 ) );
#11698 = DIRECTION( '', ( 0.000000000000000, 0.000000000000000, 1.00000000000000 ) );
#11699 = DIRECTION( '', ( -1.99325819630736E-017, 0.325534518106293, -0.945530156854504 ) );
#11700 = CARTESIAN_POINT( '', ( 1.60000000000000, 7.23093555489908, -2.67500000000013 ) );
#11701 = DIRECTION( '', ( 1.00000000000000, 6.12303176911189E-017, -5.59000074561374E-033 ) );
#11702 = DIRECTION( '', ( 5.78951118907347E-017, -0.945530156854504, -0.325534518106294 ) );
#11703 = DIRECTION( '', ( -6.12303176911189E-017, 1.00000000000000, 1.16853672443507E-013 ) );
#11704 = CARTESIAN_POINT( '', ( 1.60000000000000, 7.23093555489908, -2.67500000000013 ) );
#11705 = DIRECTION( '', ( 1.00000000000000, 6.12303176911189E-017, -6.28875083881547E-033 ) );
#11706 = DIRECTION( '', ( 5.78951118907347E-017, -0.945530156854504, -0.325534518106293 ) );
#11707 = DIRECTION( '', ( -1.99325819630736E-017, 0.325534518106293, -0.945530156854504 ) );
#11708 = CARTESIAN_POINT( '', ( 1.60000000000000, 6.00000000000000, -1.25000000000000 ) );
#11709 = DIRECTION( '', ( -1.00000000000000, -6.12303176911189E-017, 0.000000000000000 ) );
#11710 = DIRECTION( '', ( 0.000000000000000, 0.000000000000000, 1.00000000000000 ) );
#11711 = CARTESIAN_POINT( '', ( 0.900000000000000, 6.00000000000000, -1.25000000000000 ) );
#11712 = DIRECTION( '', ( -1.00000000000000, -6.12303176911189E-017, 0.000000000000000 ) );
#11713 = DIRECTION( '', ( 0.000000000000000, 0.000000000000000, 1.00000000000000 ) );
#11714 = DIRECTION( '', ( 1.00000000000000, 4.12977357280452E-017, 5.78951118907348E-017 ) );
#11715 = CARTESIAN_POINT( '', ( 0.900000000000000, 6.00000000000000, -1.25000000000000 ) );
#11716 = DIRECTION( '', ( -1.00000000000000, -6.12303176911189E-017, 0.000000000000000 ) );
#11717 = DIRECTION( '', ( 0.000000000000000, 0.000000000000000, 1.00000000000000 ) );
#11718 = DIRECTION( '', ( -1.99325819630736E-017, 0.325534518106293, -0.945530156854504 ) );
#11719 = CARTESIAN_POINT( '', ( 0.900000000000000, 7.23093555489908, -2.67500000000013 ) );
#11720 = DIRECTION( '', ( 1.00000000000000, 6.12303176911189E-017, -6.28875083881547E-033 ) );
#11721 = DIRECTION( '', ( 5.78951118907347E-017, -0.945530156854504, -0.325534518106293 ) );
#11722 = DIRECTION( '', ( -6.12303176911189E-017, 1.00000000000000, 1.16853672443507E-013 ) );
#11723 = CARTESIAN_POINT( '', ( 0.900000000000000, 7.23093555489908, -2.67500000000013 ) );
#11724 = DIRECTION( '', ( 1.00000000000000, 6.12303176911189E-017, -5.59000074561375E-033 ) );
#11725 = DIRECTION( '', ( 5.78951118907348E-017, -0.945530156854504, -0.325534518106294 ) );
#11726 = DIRECTION( '', ( -1.99325819630736E-017, 0.325534518106293, -0.945530156854504 ) );
#11727 = DIRECTION( '', ( 1.00000000000000, 4.12977357280452E-017, 5.78951118907348E-017 ) );
#11728 = DIRECTION( '', ( -1.00000000000000, -4.12977357280452E-017, -5.78951118907348E-017 ) );
#11729 = DIRECTION( '', ( -1.00000000000000, -4.12977357280452E-017, -5.78951118907348E-017 ) );
#11730 = DIRECTION( '', ( 1.00000000000000, 0.000000000000000, 0.000000000000000 ) );
#11731 = DIRECTION( '', ( 1.00000000000000, 0.000000000000000, 1.54886024640786E-016 ) );
#11732 = DIRECTION( '', ( -2.16840434497101E-015, 0.000000000000000, -1.00000000000000 ) );
#11733 = DIRECTION( '', ( -1.00000000000000, 0.000000000000000, 0.000000000000000 ) );
#11734 = DIRECTION( '', ( 0.000000000000000, 0.000000000000000, 1.00000000000000 ) );
#11735 = DIRECTION( '', ( -6.12303176911189E-017, 1.00000000000000, 1.16853672443507E-013 ) );
#11736 = DIRECTION( '', ( 1.00000000000000, 0.000000000000000, 1.54886024640786E-016 ) );
#11737 = DIRECTION( '', ( -6.12303176911189E-017, 1.00000000000000, 1.16853672443507E-013 ) );
#11738 = CARTESIAN_POINT( '', ( -1.60000000000000, 6.00000000000000, -1.25000000000000 ) );
#11739 = DIRECTION( '', ( -1.00000000000000, -6.12303176911189E-017, 0.000000000000000 ) );
#11740 = DIRECTION( '', ( 0.000000000000000, 0.000000000000000, 1.00000000000000 ) );
#11741 = CARTESIAN_POINT( '', ( -1.60000000000000, 6.00000000000000, -1.25000000000000 ) );
#11742 = DIRECTION( '', ( -1.00000000000000, -6.12303176911189E-017, 0.000000000000000 ) );
#11743 = DIRECTION( '', ( 0.000000000000000, 0.000000000000000, 1.00000000000000 ) );
#11744 = DIRECTION( '', ( -1.99325819630736E-017, 0.325534518106293, -0.945530156854504 ) );
#11745 = CARTESIAN_POINT( '', ( -1.60000000000000, 7.23093555489908, -2.67500000000013 ) );
#11746 = DIRECTION( '', ( 1.00000000000000, 6.12303176911189E-017, -6.28875083881547E-033 ) );
#11747 = DIRECTION( '', ( 5.78951118907347E-017, -0.945530156854504, -0.325534518106293 ) );
#11748 = DIRECTION( '', ( -6.12303176911189E-017, 1.00000000000000, 1.16853672443507E-013 ) );
#11749 = CARTESIAN_POINT( '', ( -1.60000000000000, 7.23093555489908, -2.67500000000013 ) );
#11750 = DIRECTION( '', ( 1.00000000000000, 6.12303176911189E-017, -5.59000074561375E-033 ) );
#11751 = DIRECTION( '', ( 5.78951118907348E-017, -0.945530156854504, -0.325534518106294 ) );
#11752 = DIRECTION( '', ( -1.99325819630736E-017, 0.325534518106293, -0.945530156854504 ) );
#11753 = CARTESIAN_POINT( '', ( -0.900000000000000, 6.00000000000000, -1.25000000000000 ) );
#11754 = DIRECTION( '', ( -1.00000000000000, -6.12303176911189E-017, 0.000000000000000 ) );
#11755 = DIRECTION( '', ( 0.000000000000000, 0.000000000000000, 1.00000000000000 ) );
#11756 = DIRECTION( '', ( -1.00000000000000, -4.12977357280452E-017, -5.78951118907348E-017 ) );
#11757 = CARTESIAN_POINT( '', ( -0.900000000000000, 6.00000000000000, -1.25000000000000 ) );
#11758 = DIRECTION( '', ( -1.00000000000000, -6.12303176911189E-017, 0.000000000000000 ) );
#11759 = DIRECTION( '', ( 0.000000000000000, 0.000000000000000, 1.00000000000000 ) );
#11760 = DIRECTION( '', ( -1.99325819630736E-017, 0.325534518106293, -0.945530156854504 ) );
#11761 = CARTESIAN_POINT( '', ( -0.900000000000000, 7.23093555489908, -2.67500000000013 ) );
#11762 = DIRECTION( '', ( 1.00000000000000, 6.12303176911189E-017, -5.59000074561375E-033 ) );
#11763 = DIRECTION( '', ( 5.78951118907348E-017, -0.945530156854504, -0.325534518106294 ) );
#11764 = DIRECTION( '', ( -6.12303176911189E-017, 1.00000000000000, 1.16853672443507E-013 ) );
#11765 = CARTESIAN_POINT( '', ( -0.900000000000000, 7.23093555489908, -2.67500000000013 ) );
#11766 = DIRECTION( '', ( 1.00000000000000, 6.12303176911189E-017, -6.28875083881547E-033 ) );
#11767 = DIRECTION( '', ( 5.78951118907347E-017, -0.945530156854504, -0.325534518106293 ) );
#11768 = DIRECTION( '', ( -1.99325819630736E-017, 0.325534518106293, -0.945530156854504 ) );
#11769 = DIRECTION( '', ( -1.00000000000000, -4.12977357280452E-017, -5.78951118907348E-017 ) );
#11770 = DIRECTION( '', ( 1.00000000000000, 1.87747142901218E-016, 1.08315859283573E-016 ) );
#11771 = DIRECTION( '', ( 1.00000000000000, 1.87747142901218E-016, 1.08315859283573E-016 ) );
#11772 = DIRECTION( '', ( -1.00000000000000, 0.000000000000000, 0.000000000000000 ) );
#11773 = DIRECTION( '', ( 1.00000000000000, 0.000000000000000, -1.54886024640786E-016 ) );
#11774 = DIRECTION( '', ( -1.23908819712629E-015, 0.000000000000000, -1.00000000000000 ) );
#11775 = DIRECTION( '', ( -1.00000000000000, 0.000000000000000, 0.000000000000000 ) );
#11776 = DIRECTION( '', ( 0.000000000000000, 0.000000000000000, 1.00000000000000 ) );
#11777 = DIRECTION( '', ( -6.12303176911189E-017, 1.00000000000000, 1.16853672443507E-013 ) );
#11778 = DIRECTION( '', ( 1.00000000000000, 0.000000000000000, -1.54886024640786E-016 ) );
#11779 = DIRECTION( '', ( -6.12303176911189E-017, 1.00000000000000, 1.16853672443507E-013 ) );
#11780 = CARTESIAN_POINT( '', ( -4.10000000000000, 6.00000000000000, -1.25000000000000 ) );
#11781 = DIRECTION( '', ( -1.00000000000000, -6.12303176911189E-017, 0.000000000000000 ) );
#11782 = DIRECTION( '', ( 0.000000000000000, 0.000000000000000, 1.00000000000000 ) );
#11783 = CARTESIAN_POINT( '', ( -4.10000000000000, 6.00000000000000, -1.25000000000000 ) );
#11784 = DIRECTION( '', ( -1.00000000000000, -6.12303176911189E-017, 0.000000000000000 ) );
#11785 = DIRECTION( '', ( 0.000000000000000, 0.000000000000000, 1.00000000000000 ) );
#11786 = DIRECTION( '', ( -1.99325819630736E-017, 0.325534518106293, -0.945530156854504 ) );
#11787 = CARTESIAN_POINT( '', ( -4.10000000000000, 7.23093555489908, -2.67500000000013 ) );
#11788 = DIRECTION( '', ( 1.00000000000000, 6.12303176911189E-017, -3.14437541940773E-033 ) );
#11789 = DIRECTION( '', ( 5.78951118907348E-017, -0.945530156854505, -0.325534518106292 ) );
#11790 = DIRECTION( '', ( -6.12303176911189E-017, 1.00000000000000, 1.16853672443507E-013 ) );
#11791 = CARTESIAN_POINT( '', ( -4.10000000000000, 7.23093555489908, -2.67500000000013 ) );
#11792 = DIRECTION( '', ( 1.00000000000000, 6.12303176911189E-017, -5.59000074561375E-033 ) );
#11793 = DIRECTION( '', ( 5.78951118907348E-017, -0.945530156854504, -0.325534518106294 ) );
#11794 = DIRECTION( '', ( -1.99325819630736E-017, 0.325534518106293, -0.945530156854504 ) );
#11795 = CARTESIAN_POINT( '', ( -3.40000000000000, 6.00000000000000, -1.25000000000000 ) );
#11796 = DIRECTION( '', ( -1.00000000000000, -6.12303176911189E-017, 0.000000000000000 ) );
#11797 = DIRECTION( '', ( 0.000000000000000, 0.000000000000000, 1.00000000000000 ) );
#11798 = DIRECTION( '', ( -1.00000000000000, -4.12977357280452E-017, -5.78951118907348E-017 ) );
#11799 = CARTESIAN_POINT( '', ( -3.40000000000000, 6.00000000000000, -1.25000000000000 ) );
#11800 = DIRECTION( '', ( -1.00000000000000, -6.12303176911189E-017, 0.000000000000000 ) );
#11801 = DIRECTION( '', ( 0.000000000000000, 0.000000000000000, 1.00000000000000 ) );
#11802 = DIRECTION( '', ( -1.99325819630736E-017, 0.325534518106293, -0.945530156854504 ) );
#11803 = CARTESIAN_POINT( '', ( -3.40000000000000, 7.23093555489908, -2.67500000000013 ) );
#11804 = DIRECTION( '', ( 1.00000000000000, 6.12303176911189E-017, -5.59000074561375E-033 ) );
#11805 = DIRECTION( '', ( 5.78951118907348E-017, -0.945530156854504, -0.325534518106294 ) );
#11806 = DIRECTION( '', ( -6.12303176911189E-017, 1.00000000000000, 1.16853672443507E-013 ) );
#11807 = CARTESIAN_POINT( '', ( -3.40000000000000, 7.23093555489908, -2.67500000000013 ) );
#11808 = DIRECTION( '', ( 1.00000000000000, 6.12303176911189E-017, -3.14437541940773E-033 ) );
#11809 = DIRECTION( '', ( 5.78951118907348E-017, -0.945530156854505, -0.325534518106292 ) );
#11810 = DIRECTION( '', ( -1.99325819630736E-017, 0.325534518106293, -0.945530156854504 ) );
#11811 = DIRECTION( '', ( -1.00000000000000, -4.12977357280452E-017, -5.78951118907348E-017 ) );
#11812 = DIRECTION( '', ( 1.00000000000000, -1.05151671445128E-016, 7.47436449789690E-018 ) );
#11813 = DIRECTION( '', ( 1.00000000000000, -1.05151671445128E-016, 7.47436449789692E-018 ) );
#11814 = DIRECTION( '', ( -1.00000000000000, 0.000000000000000, 0.000000000000000 ) );
#11815 = DIRECTION( '', ( 1.00000000000000, 0.000000000000000, -1.54886024640786E-016 ) );
#11816 = DIRECTION( '', ( 0.000000000000000, 0.000000000000000, -1.00000000000000 ) );
#11817 = DIRECTION( '', ( -1.00000000000000, 0.000000000000000, 0.000000000000000 ) );
#11818 = DIRECTION( '', ( 0.000000000000000, 0.000000000000000, 1.00000000000000 ) );
#11819 = DIRECTION( '', ( -6.12303176911189E-017, 1.00000000000000, 1.16853672443507E-013 ) );
#11820 = DIRECTION( '', ( 1.00000000000000, 0.000000000000000, -1.54886024640786E-016 ) );
#11821 = DIRECTION( '', ( -6.12303176911189E-017, 1.00000000000000, 1.16853672443507E-013 ) );
#11822 = CARTESIAN_POINT( '', ( -6.60000000000000, 6.00000000000000, -1.25000000000000 ) );
#11823 = DIRECTION( '', ( -1.00000000000000, -6.12303176911189E-017, 0.000000000000000 ) );
#11824 = DIRECTION( '', ( 0.000000000000000, 0.000000000000000, 1.00000000000000 ) );
#11825 = CARTESIAN_POINT( '', ( -6.60000000000000, 6.00000000000000, -1.25000000000000 ) );
#11826 = DIRECTION( '', ( -1.00000000000000, -6.12303176911189E-017, 0.000000000000000 ) );
#11827 = DIRECTION( '', ( 0.000000000000000, 0.000000000000000, 1.00000000000000 ) );
#11828 = DIRECTION( '', ( -1.99325819630736E-017, 0.325534518106293, -0.945530156854504 ) );
#11829 = CARTESIAN_POINT( '', ( -6.60000000000000, 7.23093555489908, -2.67500000000013 ) );
#11830 = DIRECTION( '', ( 1.00000000000000, 6.12303176911189E-017, -3.14437541940773E-033 ) );
#11831 = DIRECTION( '', ( 5.78951118907348E-017, -0.945530156854505, -0.325534518106292 ) );
#11832 = DIRECTION( '', ( -6.12303176911189E-017, 1.00000000000000, 1.16853672443507E-013 ) );
#11833 = CARTESIAN_POINT( '', ( -6.60000000000000, 7.23093555489908, -2.67500000000013 ) );
#11834 = DIRECTION( '', ( 1.00000000000000, 6.12303176911189E-017, -5.59000074561375E-033 ) );
#11835 = DIRECTION( '', ( 5.78951118907348E-017, -0.945530156854504, -0.325534518106294 ) );
#11836 = DIRECTION( '', ( -1.99325819630736E-017, 0.325534518106293, -0.945530156854504 ) );
#11837 = CARTESIAN_POINT( '', ( -5.90000000000000, 6.00000000000000, -1.25000000000000 ) );
#11838 = DIRECTION( '', ( -1.00000000000000, -6.12303176911189E-017, 0.000000000000000 ) );
#11839 = DIRECTION( '', ( 0.000000000000000, 0.000000000000000, 1.00000000000000 ) );
#11840 = DIRECTION( '', ( -1.00000000000000, -4.12977357280452E-017, -5.78951118907348E-017 ) );
#11841 = CARTESIAN_POINT( '', ( -5.90000000000000, 6.00000000000000, -1.25000000000000 ) );
#11842 = DIRECTION( '', ( -1.00000000000000, -6.12303176911189E-017, 0.000000000000000 ) );
#11843 = DIRECTION( '', ( 0.000000000000000, 0.000000000000000, 1.00000000000000 ) );
#11844 = DIRECTION( '', ( -1.99325819630736E-017, 0.325534518106293, -0.945530156854504 ) );
#11845 = CARTESIAN_POINT( '', ( -5.90000000000000, 7.23093555489908, -2.67500000000013 ) );
#11846 = DIRECTION( '', ( 1.00000000000000, 6.12303176911189E-017, -5.59000074561375E-033 ) );
#11847 = DIRECTION( '', ( 5.78951118907348E-017, -0.945530156854504, -0.325534518106294 ) );
#11848 = DIRECTION( '', ( -6.12303176911189E-017, 1.00000000000000, 1.16853672443507E-013 ) );
#11849 = CARTESIAN_POINT( '', ( -5.90000000000000, 7.23093555489908, -2.67500000000013 ) );
#11850 = DIRECTION( '', ( 1.00000000000000, 6.12303176911189E-017, -3.14437541940773E-033 ) );
#11851 = DIRECTION( '', ( 5.78951118907348E-017, -0.945530156854505, -0.325534518106292 ) );
#11852 = DIRECTION( '', ( -1.99325819630736E-017, 0.325534518106293, -0.945530156854504 ) );
#11853 = DIRECTION( '', ( -1.00000000000000, -4.12977357280452E-017, -5.78951118907348E-017 ) );
#11854 = DIRECTION( '', ( 1.00000000000000, -1.05151671445128E-016, 7.47436449789687E-018 ) );
#11855 = DIRECTION( '', ( 1.00000000000000, -1.05151671445128E-016, 7.47436449789690E-018 ) );
#11856 = DIRECTION( '', ( -1.00000000000000, 0.000000000000000, 0.000000000000000 ) );
#11857 = DIRECTION( '', ( 1.00000000000000, 0.000000000000000, 1.54886024640786E-016 ) );
#11858 = DIRECTION( '', ( 0.000000000000000, 0.000000000000000, 1.00000000000000 ) );
#11859 = DIRECTION( '', ( -1.00000000000000, 0.000000000000000, 0.000000000000000 ) );
#11860 = DIRECTION( '', ( 0.000000000000000, 0.000000000000000, -1.00000000000000 ) );
#11861 = CARTESIAN_POINT( '', ( 5.90000000000000, -6.00000000000000, -1.25000000000000 ) );
#11862 = DIRECTION( '', ( -1.00000000000000, 6.12303176911189E-017, 5.59000074561375E-033 ) );
#11863 = DIRECTION( '', ( -5.78951118907348E-017, -0.945530156854505, 0.325534518106293 ) );
#11864 = DIRECTION( '', ( 1.00000000000000, -1.87747142901218E-016, 1.08315859283573E-016 ) );
#11865 = CARTESIAN_POINT( '', ( 6.60000000000000, -6.00000000000000, -1.25000000000000 ) );
#11866 = DIRECTION( '', ( -1.00000000000000, 6.12303176911189E-017, 5.59000074561375E-033 ) );
#11867 = DIRECTION( '', ( -5.78951118907348E-017, -0.945530156854505, 0.325534518106293 ) );
#11868 = DIRECTION( '', ( 6.12303176911189E-017, 1.00000000000000, -1.16853672443507E-013 ) );
#11869 = DIRECTION( '', ( 6.12303176911189E-017, 1.00000000000000, -1.16853672443507E-013 ) );
#11870 = CARTESIAN_POINT( '', ( 5.90000000000000, -7.23093555489908, -2.67500000000013 ) );
#11871 = DIRECTION( '', ( 1.00000000000000, -6.12303176911189E-017, 0.000000000000000 ) );
#11872 = DIRECTION( '', ( 0.000000000000000, 0.000000000000000, -1.00000000000000 ) );
#11873 = DIRECTION( '', ( 1.99325819630736E-017, 0.325534518106293, 0.945530156854504 ) );
#11874 = CARTESIAN_POINT( '', ( 5.90000000000000, -6.00000000000000, -1.25000000000000 ) );
#11875 = DIRECTION( '', ( -1.00000000000000, 6.12303176911189E-017, 3.14437541940773E-033 ) );
#11876 = DIRECTION( '', ( -5.78951118907348E-017, -0.945530156854504, 0.325534518106293 ) );
#11877 = DIRECTION( '', ( 1.99325819630736E-017, 0.325534518106293, 0.945530156854504 ) );
#11878 = CARTESIAN_POINT( '', ( 5.90000000000000, -7.23093555489908, -2.67500000000013 ) );
#11879 = DIRECTION( '', ( 1.00000000000000, -6.12303176911189E-017, 0.000000000000000 ) );
#11880 = DIRECTION( '', ( 0.000000000000000, 0.000000000000000, -1.00000000000000 ) );
#11881 = DIRECTION( '', ( 6.12303176911189E-017, 1.00000000000000, -1.16853672443507E-013 ) );
#11882 = DIRECTION( '', ( -1.00000000000000, 0.000000000000000, 0.000000000000000 ) );
#11883 = DIRECTION( '', ( 6.12303176911189E-017, 1.00000000000000, -1.16853672443507E-013 ) );
#11884 = CARTESIAN_POINT( '', ( 6.60000000000000, -7.23093555489908, -2.67500000000013 ) );
#11885 = DIRECTION( '', ( 1.00000000000000, -6.12303176911189E-017, 0.000000000000000 ) );
#11886 = DIRECTION( '', ( 0.000000000000000, 0.000000000000000, -1.00000000000000 ) );
#11887 = DIRECTION( '', ( 1.99325819630736E-017, 0.325534518106293, 0.945530156854504 ) );
#11888 = CARTESIAN_POINT( '', ( 6.60000000000000, -6.00000000000000, -1.25000000000000 ) );
#11889 = DIRECTION( '', ( -1.00000000000000, 6.12303176911189E-017, 3.14437541940773E-033 ) );
#11890 = DIRECTION( '', ( -5.78951118907348E-017, -0.945530156854504, 0.325534518106293 ) );
#11891 = DIRECTION( '', ( 1.99325819630736E-017, 0.325534518106293, 0.945530156854504 ) );
#11892 = CARTESIAN_POINT( '', ( 6.60000000000000, -7.23093555489908, -2.67500000000013 ) );
#11893 = DIRECTION( '', ( 1.00000000000000, -6.12303176911189E-017, 0.000000000000000 ) );
#11894 = DIRECTION( '', ( 0.000000000000000, 0.000000000000000, -1.00000000000000 ) );
#11895 = DIRECTION( '', ( -1.00000000000000, 4.12977357280451E-017, -5.78951118907347E-017 ) );
#11896 = DIRECTION( '', ( 1.00000000000000, -1.87747142901218E-016, 1.08315859283573E-016 ) );
#11897 = DIRECTION( '', ( 1.00000000000000, 0.000000000000000, 1.54886024640786E-016 ) );
#11898 = DIRECTION( '', ( -1.00000000000000, 4.12977357280452E-017, -5.78951118907348E-017 ) );
#11899 = DIRECTION( '', ( 1.00000000000000, 0.000000000000000, 1.54886024640786E-016 ) );
#11900 = DIRECTION( '', ( -1.23908819712629E-015, 0.000000000000000, 1.00000000000000 ) );
#11901 = DIRECTION( '', ( -1.00000000000000, 0.000000000000000, 0.000000000000000 ) );
#11902 = DIRECTION( '', ( 0.000000000000000, 0.000000000000000, -1.00000000000000 ) );
#11903 = CARTESIAN_POINT( '', ( 3.40000000000000, -6.00000000000000, -1.25000000000000 ) );
#11904 = DIRECTION( '', ( -1.00000000000000, 6.12303176911189E-017, 5.59000074561375E-033 ) );
#11905 = DIRECTION( '', ( -5.78951118907348E-017, -0.945530156854505, 0.325534518106293 ) );
#11906 = DIRECTION( '', ( 1.00000000000000, -1.87747142901218E-016, 1.08315859283573E-016 ) );
#11907 = CARTESIAN_POINT( '', ( 4.10000000000000, -6.00000000000000, -1.25000000000000 ) );
#11908 = DIRECTION( '', ( -1.00000000000000, 6.12303176911189E-017, 5.59000074561375E-033 ) );
#11909 = DIRECTION( '', ( -5.78951118907348E-017, -0.945530156854505, 0.325534518106293 ) );
#11910 = DIRECTION( '', ( 6.12303176911189E-017, 1.00000000000000, -1.16853672443507E-013 ) );
#11911 = DIRECTION( '', ( 6.12303176911189E-017, 1.00000000000000, -1.16853672443507E-013 ) );
#11912 = CARTESIAN_POINT( '', ( 3.40000000000000, -7.23093555489908, -2.67500000000013 ) );
#11913 = DIRECTION( '', ( 1.00000000000000, -6.12303176911189E-017, 0.000000000000000 ) );
#11914 = DIRECTION( '', ( 0.000000000000000, 0.000000000000000, -1.00000000000000 ) );
#11915 = DIRECTION( '', ( 1.99325819630736E-017, 0.325534518106293, 0.945530156854504 ) );
#11916 = CARTESIAN_POINT( '', ( 3.40000000000000, -6.00000000000000, -1.25000000000000 ) );
#11917 = DIRECTION( '', ( -1.00000000000000, 6.12303176911189E-017, 3.14437541940773E-033 ) );
#11918 = DIRECTION( '', ( -5.78951118907348E-017, -0.945530156854504, 0.325534518106293 ) );
#11919 = DIRECTION( '', ( 1.99325819630736E-017, 0.325534518106293, 0.945530156854504 ) );
#11920 = CARTESIAN_POINT( '', ( 3.40000000000000, -7.23093555489908, -2.67500000000013 ) );
#11921 = DIRECTION( '', ( 1.00000000000000, -6.12303176911189E-017, 0.000000000000000 ) );
#11922 = DIRECTION( '', ( 0.000000000000000, 0.000000000000000, -1.00000000000000 ) );
#11923 = DIRECTION( '', ( 6.12303176911189E-017, 1.00000000000000, -1.16853672443507E-013 ) );
#11924 = DIRECTION( '', ( -1.00000000000000, 0.000000000000000, 0.000000000000000 ) );
#11925 = DIRECTION( '', ( 6.12303176911189E-017, 1.00000000000000, -1.16853672443507E-013 ) );
#11926 = CARTESIAN_POINT( '', ( 4.10000000000000, -7.23093555489908, -2.67500000000013 ) );
#11927 = DIRECTION( '', ( 1.00000000000000, -6.12303176911189E-017, 0.000000000000000 ) );
#11928 = DIRECTION( '', ( 0.000000000000000, 0.000000000000000, -1.00000000000000 ) );
#11929 = DIRECTION( '', ( 1.99325819630736E-017, 0.325534518106293, 0.945530156854504 ) );
#11930 = CARTESIAN_POINT( '', ( 4.10000000000000, -6.00000000000000, -1.25000000000000 ) );
#11931 = DIRECTION( '', ( -1.00000000000000, 6.12303176911189E-017, 3.14437541940773E-033 ) );
#11932 = DIRECTION( '', ( -5.78951118907348E-017, -0.945530156854504, 0.325534518106293 ) );
#11933 = DIRECTION( '', ( 1.99325819630736E-017, 0.325534518106293, 0.945530156854504 ) );
#11934 = CARTESIAN_POINT( '', ( 4.10000000000000, -7.23093555489908, -2.67500000000013 ) );
#11935 = DIRECTION( '', ( 1.00000000000000, -6.12303176911189E-017, 0.000000000000000 ) );
#11936 = DIRECTION( '', ( 0.000000000000000, 0.000000000000000, -1.00000000000000 ) );
#11937 = DIRECTION( '', ( -1.00000000000000, 4.12977357280451E-017, -5.78951118907347E-017 ) );
#11938 = DIRECTION( '', ( 1.00000000000000, -1.87747142901218E-016, 1.08315859283573E-016 ) );
#11939 = DIRECTION( '', ( 1.00000000000000, 0.000000000000000, 1.54886024640786E-016 ) );
#11940 = DIRECTION( '', ( -1.00000000000000, 4.12977357280452E-017, -5.78951118907348E-017 ) );
#11941 = DIRECTION( '', ( 1.00000000000000, 0.000000000000000, 0.000000000000000 ) );
#11942 = DIRECTION( '', ( -6.19544098563145E-016, 0.000000000000000, 1.00000000000000 ) );
#11943 = DIRECTION( '', ( -1.00000000000000, 0.000000000000000, 0.000000000000000 ) );
#11944 = DIRECTION( '', ( -1.85863229568943E-015, 0.000000000000000, -1.00000000000000 ) );
#11945 = CARTESIAN_POINT( '', ( 0.900000000000000, -6.00000000000000, -1.25000000000000 ) );
#11946 = DIRECTION( '', ( -1.00000000000000, 6.12303176911189E-017, 5.59000074561375E-033 ) );
#11947 = DIRECTION( '', ( -5.78951118907348E-017, -0.945530156854505, 0.325534518106293 ) );
#11948 = DIRECTION( '', ( 1.00000000000000, -4.12977357280452E-017, 5.78951118907348E-017 ) );
#11949 = CARTESIAN_POINT( '', ( 1.60000000000000, -6.00000000000000, -1.25000000000000 ) );
#11950 = DIRECTION( '', ( -1.00000000000000, 6.12303176911189E-017, 5.59000074561375E-033 ) );
#11951 = DIRECTION( '', ( -5.78951118907348E-017, -0.945530156854505, 0.325534518106293 ) );
#11952 = DIRECTION( '', ( 6.12303176911189E-017, 1.00000000000000, -1.16853672443507E-013 ) );
#11953 = DIRECTION( '', ( 6.12303176911189E-017, 1.00000000000000, -1.16853672443507E-013 ) );
#11954 = CARTESIAN_POINT( '', ( 0.900000000000000, -7.23093555489908, -2.67500000000013 ) );
#11955 = DIRECTION( '', ( 1.00000000000000, -6.12303176911189E-017, 0.000000000000000 ) );
#11956 = DIRECTION( '', ( 0.000000000000000, 0.000000000000000, -1.00000000000000 ) );
#11957 = DIRECTION( '', ( 1.99325819630736E-017, 0.325534518106293, 0.945530156854504 ) );
#11958 = CARTESIAN_POINT( '', ( 0.900000000000000, -6.00000000000000, -1.25000000000000 ) );
#11959 = DIRECTION( '', ( -1.00000000000000, 6.12303176911189E-017, 3.14437541940773E-033 ) );
#11960 = DIRECTION( '', ( -5.78951118907348E-017, -0.945530156854504, 0.325534518106293 ) );
#11961 = DIRECTION( '', ( 1.99325819630736E-017, 0.325534518106293, 0.945530156854504 ) );
#11962 = CARTESIAN_POINT( '', ( 0.900000000000000, -7.23093555489908, -2.67500000000013 ) );
#11963 = DIRECTION( '', ( 1.00000000000000, -6.12303176911189E-017, 0.000000000000000 ) );
#11964 = DIRECTION( '', ( 0.000000000000000, 0.000000000000000, -1.00000000000000 ) );
#11965 = DIRECTION( '', ( 6.12303176911189E-017, 1.00000000000000, -1.16853672443507E-013 ) );
#11966 = DIRECTION( '', ( -1.00000000000000, 0.000000000000000, 0.000000000000000 ) );
#11967 = DIRECTION( '', ( 6.12303176911189E-017, 1.00000000000000, -1.16853672443507E-013 ) );
#11968 = CARTESIAN_POINT( '', ( 1.60000000000000, -7.23093555489908, -2.67500000000013 ) );
#11969 = DIRECTION( '', ( 1.00000000000000, -6.12303176911189E-017, 0.000000000000000 ) );
#11970 = DIRECTION( '', ( 0.000000000000000, 0.000000000000000, -1.00000000000000 ) );
#11971 = DIRECTION( '', ( 1.99325819630736E-017, 0.325534518106293, 0.945530156854504 ) );
#11972 = CARTESIAN_POINT( '', ( 1.60000000000000, -6.00000000000000, -1.25000000000000 ) );
#11973 = DIRECTION( '', ( -1.00000000000000, 6.12303176911189E-017, 3.14437541940773E-033 ) );
#11974 = DIRECTION( '', ( -5.78951118907348E-017, -0.945530156854504, 0.325534518106293 ) );
#11975 = DIRECTION( '', ( 1.99325819630736E-017, 0.325534518106293, 0.945530156854504 ) );
#11976 = CARTESIAN_POINT( '', ( 1.60000000000000, -7.23093555489908, -2.67500000000013 ) );
#11977 = DIRECTION( '', ( 1.00000000000000, -6.12303176911189E-017, 0.000000000000000 ) );
#11978 = DIRECTION( '', ( 0.000000000000000, 0.000000000000000, -1.00000000000000 ) );
#11979 = DIRECTION( '', ( -1.00000000000000, 4.12977357280451E-017, -5.78951118907347E-017 ) );
#11980 = DIRECTION( '', ( 1.00000000000000, -4.12977357280451E-017, 5.78951118907347E-017 ) );
#11981 = DIRECTION( '', ( 1.00000000000000, 0.000000000000000, 0.000000000000000 ) );
#11982 = DIRECTION( '', ( -1.00000000000000, 4.12977357280452E-017, -5.78951118907348E-017 ) );
#11983 = DIRECTION( '', ( -1.00000000000000, 0.000000000000000, -1.54886024640786E-016 ) );
#11984 = DIRECTION( '', ( 0.000000000000000, 0.000000000000000, -1.00000000000000 ) );
#11985 = DIRECTION( '', ( 1.00000000000000, 0.000000000000000, 0.000000000000000 ) );
#11986 = DIRECTION( '', ( 2.16840434497101E-015, 0.000000000000000, 1.00000000000000 ) );
#11987 = CARTESIAN_POINT( '', ( -1.60000000000000, -6.00000000000000, -1.25000000000000 ) );
#11988 = DIRECTION( '', ( -1.00000000000000, 6.12303176911189E-017, 5.59000074561375E-033 ) );
#11989 = DIRECTION( '', ( -5.78951118907348E-017, -0.945530156854505, 0.325534518106293 ) );
#11990 = DIRECTION( '', ( -1.00000000000000, 1.87747142901218E-016, -1.08315859283573E-016 ) );
#11991 = CARTESIAN_POINT( '', ( -0.900000000000000, -6.00000000000000, -1.25000000000000 ) );
#11992 = DIRECTION( '', ( -1.00000000000000, 6.12303176911189E-017, 5.59000074561375E-033 ) );
#11993 = DIRECTION( '', ( -5.78951118907348E-017, -0.945530156854505, 0.325534518106293 ) );
#11994 = DIRECTION( '', ( 6.12303176911189E-017, 1.00000000000000, -1.16853672443507E-013 ) );
#11995 = CARTESIAN_POINT( '', ( -0.900000000000000, -7.23093555489908, -2.67500000000013 ) );
#11996 = DIRECTION( '', ( 1.00000000000000, -6.12303176911189E-017, 0.000000000000000 ) );
#11997 = DIRECTION( '', ( 0.000000000000000, 0.000000000000000, -1.00000000000000 ) );
#11998 = DIRECTION( '', ( 1.99325819630736E-017, 0.325534518106293, 0.945530156854504 ) );
#11999 = CARTESIAN_POINT( '', ( -0.900000000000000, -6.00000000000000, -1.25000000000000 ) );
#12000 = DIRECTION( '', ( -1.00000000000000, 6.12303176911189E-017, 3.14437541940773E-033 ) );
#12001 = DIRECTION( '', ( -5.78951118907348E-017, -0.945530156854504, 0.325534518106293 ) );
#12002 = DIRECTION( '', ( 1.99325819630736E-017, 0.325534518106293, 0.945530156854504 ) );
#12003 = CARTESIAN_POINT( '', ( -0.900000000000000, -7.23093555489908, -2.67500000000013 ) );
#12004 = DIRECTION( '', ( 1.00000000000000, -6.12303176911189E-017, 0.000000000000000 ) );
#12005 = DIRECTION( '', ( 0.000000000000000, 0.000000000000000, -1.00000000000000 ) );
#12006 = DIRECTION( '', ( 6.12303176911189E-017, 1.00000000000000, -1.16853672443507E-013 ) );
#12007 = DIRECTION( '', ( 6.12303176911189E-017, 1.00000000000000, -1.16853672443507E-013 ) );
#12008 = DIRECTION( '', ( 1.00000000000000, 0.000000000000000, 0.000000000000000 ) );
#12009 = DIRECTION( '', ( 6.12303176911189E-017, 1.00000000000000, -1.16853672443507E-013 ) );
#12010 = CARTESIAN_POINT( '', ( -1.60000000000000, -7.23093555489908, -2.67500000000013 ) );
#12011 = DIRECTION( '', ( 1.00000000000000, -6.12303176911189E-017, 0.000000000000000 ) );
#12012 = DIRECTION( '', ( 0.000000000000000, 0.000000000000000, -1.00000000000000 ) );
#12013 = DIRECTION( '', ( 1.99325819630736E-017, 0.325534518106293, 0.945530156854504 ) );
#12014 = CARTESIAN_POINT( '', ( -1.60000000000000, -6.00000000000000, -1.25000000000000 ) );
#12015 = DIRECTION( '', ( -1.00000000000000, 6.12303176911189E-017, 3.14437541940773E-033 ) );
#12016 = DIRECTION( '', ( -5.78951118907347E-017, -0.945530156854504, 0.325534518106294 ) );
#12017 = DIRECTION( '', ( 1.99325819630736E-017, 0.325534518106293, 0.945530156854504 ) );
#12018 = CARTESIAN_POINT( '', ( -1.60000000000000, -7.23093555489908, -2.67500000000013 ) );
#12019 = DIRECTION( '', ( 1.00000000000000, -6.12303176911189E-017, 0.000000000000000 ) );
#12020 = DIRECTION( '', ( 0.000000000000000, 0.000000000000000, -1.00000000000000 ) );
#12021 = DIRECTION( '', ( 1.00000000000000, -4.12977357280451E-017, 5.78951118907347E-017 ) );
#12022 = DIRECTION( '', ( -1.00000000000000, 1.87747142901218E-016, -1.08315859283573E-016 ) );
#12023 = DIRECTION( '', ( -1.00000000000000, 0.000000000000000, -1.54886024640786E-016 ) );
#12024 = DIRECTION( '', ( 1.00000000000000, -4.12977357280452E-017, 5.78951118907348E-017 ) );
#12025 = DIRECTION( '', ( -1.00000000000000, 0.000000000000000, 1.54886024640786E-016 ) );
#12026 = DIRECTION( '', ( 0.000000000000000, 0.000000000000000, -1.00000000000000 ) );
#12027 = DIRECTION( '', ( 1.00000000000000, 0.000000000000000, 0.000000000000000 ) );
#12028 = DIRECTION( '', ( 1.23908819712629E-015, 0.000000000000000, 1.00000000000000 ) );
#12029 = CARTESIAN_POINT( '', ( -4.10000000000000, -6.00000000000000, -1.25000000000000 ) );
#12030 = DIRECTION( '', ( -1.00000000000000, 6.12303176911189E-017, 2.79500037280687E-033 ) );
#12031 = DIRECTION( '', ( -5.78951118907348E-017, -0.945530156854504, 0.325534518106293 ) );
#12032 = DIRECTION( '', ( -1.00000000000000, -1.05151671445128E-016, -7.47436449789689E-018 ) );
#12033 = CARTESIAN_POINT( '', ( -3.40000000000000, -6.00000000000000, -1.25000000000000 ) );
#12034 = DIRECTION( '', ( -1.00000000000000, 6.12303176911189E-017, 2.79500037280687E-033 ) );
#12035 = DIRECTION( '', ( -5.78951118907348E-017, -0.945530156854504, 0.325534518106293 ) );
#12036 = DIRECTION( '', ( 6.12303176911189E-017, 1.00000000000000, -1.16853672443507E-013 ) );
#12037 = CARTESIAN_POINT( '', ( -3.40000000000000, -7.23093555489908, -2.67500000000013 ) );
#12038 = DIRECTION( '', ( 1.00000000000000, -6.12303176911189E-017, 0.000000000000000 ) );
#12039 = DIRECTION( '', ( 0.000000000000000, 0.000000000000000, -1.00000000000000 ) );
#12040 = DIRECTION( '', ( 1.99325819630736E-017, 0.325534518106293, 0.945530156854504 ) );
#12041 = CARTESIAN_POINT( '', ( -3.40000000000000, -6.00000000000000, -1.25000000000000 ) );
#12042 = DIRECTION( '', ( -1.00000000000000, 6.12303176911189E-017, 3.14437541940773E-033 ) );
#12043 = DIRECTION( '', ( -5.78951118907347E-017, -0.945530156854504, 0.325534518106294 ) );
#12044 = DIRECTION( '', ( 1.99325819630736E-017, 0.325534518106293, 0.945530156854504 ) );
#12045 = CARTESIAN_POINT( '', ( -3.40000000000000, -7.23093555489908, -2.67500000000013 ) );
#12046 = DIRECTION( '', ( 1.00000000000000, -6.12303176911189E-017, 0.000000000000000 ) );
#12047 = DIRECTION( '', ( 0.000000000000000, 0.000000000000000, -1.00000000000000 ) );
#12048 = DIRECTION( '', ( 6.12303176911189E-017, 1.00000000000000, -1.16853672443507E-013 ) );
#12049 = DIRECTION( '', ( 6.12303176911189E-017, 1.00000000000000, -1.16853672443507E-013 ) );
#12050 = DIRECTION( '', ( 1.00000000000000, 0.000000000000000, 0.000000000000000 ) );
#12051 = DIRECTION( '', ( 6.12303176911189E-017, 1.00000000000000, -1.16853672443507E-013 ) );
#12052 = CARTESIAN_POINT( '', ( -4.10000000000000, -7.23093555489908, -2.67500000000013 ) );
#12053 = DIRECTION( '', ( 1.00000000000000, -6.12303176911189E-017, 0.000000000000000 ) );
#12054 = DIRECTION( '', ( 0.000000000000000, 0.000000000000000, -1.00000000000000 ) );
#12055 = DIRECTION( '', ( 1.99325819630736E-017, 0.325534518106293, 0.945530156854504 ) );
#12056 = CARTESIAN_POINT( '', ( -4.10000000000000, -6.00000000000000, -1.25000000000000 ) );
#12057 = DIRECTION( '', ( -1.00000000000000, 6.12303176911189E-017, 3.14437541940773E-033 ) );
#12058 = DIRECTION( '', ( -5.78951118907347E-017, -0.945530156854504, 0.325534518106294 ) );
#12059 = DIRECTION( '', ( 1.99325819630736E-017, 0.325534518106293, 0.945530156854504 ) );
#12060 = CARTESIAN_POINT( '', ( -4.10000000000000, -7.23093555489908, -2.67500000000013 ) );
#12061 = DIRECTION( '', ( 1.00000000000000, -6.12303176911189E-017, 0.000000000000000 ) );
#12062 = DIRECTION( '', ( 0.000000000000000, 0.000000000000000, -1.00000000000000 ) );
#12063 = DIRECTION( '', ( 1.00000000000000, -4.12977357280451E-017, 5.78951118907347E-017 ) );
#12064 = DIRECTION( '', ( -1.00000000000000, -1.05151671445128E-016, -7.47436449789661E-018 ) );
#12065 = DIRECTION( '', ( -1.00000000000000, 0.000000000000000, 1.54886024640786E-016 ) );
#12066 = DIRECTION( '', ( 1.00000000000000, -4.12977357280452E-017, 5.78951118907348E-017 ) );
#12067 = DIRECTION( '', ( -1.00000000000000, 0.000000000000000, 1.54886024640786E-016 ) );
#12068 = DIRECTION( '', ( 0.000000000000000, 0.000000000000000, -1.00000000000000 ) );
#12069 = DIRECTION( '', ( 1.00000000000000, 0.000000000000000, 0.000000000000000 ) );
#12070 = DIRECTION( '', ( 0.000000000000000, 0.000000000000000, 1.00000000000000 ) );
#12071 = CARTESIAN_POINT( '', ( -6.60000000000000, -6.00000000000000, -1.25000000000000 ) );
#12072 = DIRECTION( '', ( -1.00000000000000, 6.12303176911189E-017, 2.79500037280687E-033 ) );
#12073 = DIRECTION( '', ( -5.78951118907348E-017, -0.945530156854504, 0.325534518106293 ) );
#12074 = DIRECTION( '', ( -1.00000000000000, -1.05151671445128E-016, -7.47436449789686E-018 ) );
#12075 = CARTESIAN_POINT( '', ( -5.90000000000000, -6.00000000000000, -1.25000000000000 ) );
#12076 = DIRECTION( '', ( -1.00000000000000, 6.12303176911189E-017, 2.79500037280687E-033 ) );
#12077 = DIRECTION( '', ( -5.78951118907348E-017, -0.945530156854504, 0.325534518106293 ) );
#12078 = DIRECTION( '', ( 6.12303176911189E-017, 1.00000000000000, -1.16853672443507E-013 ) );
#12079 = CARTESIAN_POINT( '', ( -5.90000000000000, -7.23093555489908, -2.67500000000013 ) );
#12080 = DIRECTION( '', ( 1.00000000000000, -6.12303176911189E-017, 0.000000000000000 ) );
#12081 = DIRECTION( '', ( 0.000000000000000, 0.000000000000000, -1.00000000000000 ) );
#12082 = DIRECTION( '', ( 1.99325819630736E-017, 0.325534518106293, 0.945530156854504 ) );
#12083 = CARTESIAN_POINT( '', ( -5.90000000000000, -6.00000000000000, -1.25000000000000 ) );
#12084 = DIRECTION( '', ( -1.00000000000000, 6.12303176911189E-017, 3.14437541940773E-033 ) );
#12085 = DIRECTION( '', ( -5.78951118907347E-017, -0.945530156854504, 0.325534518106294 ) );
#12086 = DIRECTION( '', ( 1.99325819630736E-017, 0.325534518106293, 0.945530156854504 ) );
#12087 = CARTESIAN_POINT( '', ( -5.90000000000000, -7.23093555489908, -2.67500000000013 ) );
#12088 = DIRECTION( '', ( 1.00000000000000, -6.12303176911189E-017, 0.000000000000000 ) );
#12089 = DIRECTION( '', ( 0.000000000000000, 0.000000000000000, -1.00000000000000 ) );
#12090 = DIRECTION( '', ( 6.12303176911189E-017, 1.00000000000000, -1.16853672443507E-013 ) );
#12091 = DIRECTION( '', ( 6.12303176911189E-017, 1.00000000000000, -1.16853672443507E-013 ) );
#12092 = DIRECTION( '', ( 1.00000000000000, 0.000000000000000, 0.000000000000000 ) );
#12093 = DIRECTION( '', ( 6.12303176911189E-017, 1.00000000000000, -1.16853672443507E-013 ) );
#12094 = CARTESIAN_POINT( '', ( -6.60000000000000, -7.23093555489908, -2.67500000000013 ) );
#12095 = DIRECTION( '', ( 1.00000000000000, -6.12303176911189E-017, 0.000000000000000 ) );
#12096 = DIRECTION( '', ( 0.000000000000000, 0.000000000000000, -1.00000000000000 ) );
#12097 = DIRECTION( '', ( 1.99325819630736E-017, 0.325534518106293, 0.945530156854504 ) );
#12098 = CARTESIAN_POINT( '', ( -6.60000000000000, -6.00000000000000, -1.25000000000000 ) );
#12099 = DIRECTION( '', ( -1.00000000000000, 6.12303176911189E-017, 3.14437541940773E-033 ) );
#12100 = DIRECTION( '', ( -5.78951118907347E-017, -0.945530156854504, 0.325534518106294 ) );
#12101 = DIRECTION( '', ( 1.99325819630736E-017, 0.325534518106293, 0.945530156854504 ) );
#12102 = CARTESIAN_POINT( '', ( -6.60000000000000, -7.23093555489908, -2.67500000000013 ) );
#12103 = DIRECTION( '', ( 1.00000000000000, -6.12303176911189E-017, 0.000000000000000 ) );
#12104 = DIRECTION( '', ( 0.000000000000000, 0.000000000000000, -1.00000000000000 ) );
#12105 = DIRECTION( '', ( 1.00000000000000, -4.12977357280451E-017, 5.78951118907347E-017 ) );
#12106 = DIRECTION( '', ( -1.00000000000000, -1.05151671445128E-016, -7.47436449789658E-018 ) );
#12107 = DIRECTION( '', ( -1.00000000000000, 0.000000000000000, 1.54886024640786E-016 ) );
#12108 = DIRECTION( '', ( 1.00000000000000, -4.12977357280452E-017, 5.78951118907348E-017 ) );
#12109 = DIRECTION( '', ( 0.000000000000000, 0.000000000000000, -1.00000000000000 ) );
#12110 = DIRECTION( '', ( 0.000000000000000, 0.000000000000000, -1.00000000000000 ) );
#12111 = DIRECTION( '', ( 0.000000000000000, 0.000000000000000, -1.00000000000000 ) );
#12112 = DIRECTION( '', ( 0.000000000000000, 0.000000000000000, -1.00000000000000 ) );
#12113 = DIRECTION( '', ( 6.12303176911189E-017, 1.00000000000000, 0.000000000000000 ) );
#12114 = DIRECTION( '', ( 0.000000000000000, 0.000000000000000, 1.00000000000000 ) );
#12115 = DIRECTION( '', ( 6.12303176911189E-017, 1.00000000000000, 0.000000000000000 ) );
#12116 = DIRECTION( '', ( 0.000000000000000, 0.000000000000000, 1.00000000000000 ) );
#12117 = DIRECTION( '', ( -1.00000000000000, 0.000000000000000, 0.000000000000000 ) );
#12118 = DIRECTION( '', ( 0.000000000000000, 0.000000000000000, 1.00000000000000 ) );
#12119 = DIRECTION( '', ( 0.000000000000000, 0.000000000000000, 1.00000000000000 ) );
#12120 = DIRECTION( '', ( 0.000000000000000, 0.000000000000000, 1.00000000000000 ) );
#12121 = DIRECTION( '', ( -1.00000000000000, 0.000000000000000, 0.000000000000000 ) );
#12122 = DIRECTION( '', ( -2.33148279575978E-016, -0.806404995855706, 0.591363663627517 ) );
#12123 = DIRECTION( '', ( 1.00000000000000, 0.000000000000000, 0.000000000000000 ) );
#12124 = DIRECTION( '', ( -2.33148279575978E-016, 0.806404995855706, -0.591363663627517 ) );
#12125 = DIRECTION( '', ( -1.00000000000000, 0.000000000000000, 0.000000000000000 ) );
#12126 = DIRECTION( '', ( -9.32593118303914E-016, -0.806404995855706, 0.591363663627517 ) );
#12127 = DIRECTION( '', ( 1.00000000000000, 0.000000000000000, 0.000000000000000 ) );
#12128 = DIRECTION( '', ( 0.000000000000000, -0.806404995855706, 0.591363663627517 ) );
#12129 = DIRECTION( '', ( -1.00000000000000, 0.000000000000000, 0.000000000000000 ) );
#12130 = DIRECTION( '', ( -1.04916725809190E-015, 0.806404995855706, -0.591363663627517 ) );
#12131 = DIRECTION( '', ( -1.00000000000000, 0.000000000000000, 0.000000000000000 ) );
#12132 = DIRECTION( '', ( 4.66296559151957E-016, -0.806404995855706, 0.591363663627517 ) );
#12133 = DIRECTION( '', ( 1.00000000000000, 0.000000000000000, 0.000000000000000 ) );
#12134 = DIRECTION( '', ( 0.000000000000000, -0.806404995855706, 0.591363663627517 ) );
#12135 = DIRECTION( '', ( 1.00000000000000, 0.000000000000000, 0.000000000000000 ) );
#12136 = DIRECTION( '', ( -1.04916725809190E-015, 0.806404995855706, -0.591363663627517 ) );
#12137 = CARTESIAN_POINT( '', ( -0.850000000000000, 4.80546432034307, 0.400000000000000 ) );
#12138 = DIRECTION( '', ( 3.61180706342933E-016, -0.277608668927906, -0.960694242168691 ) );
#12139 = DIRECTION( '', ( -1.11972491551739E-015, 0.960694242168691, -0.277608668927906 ) );
#12140 = CARTESIAN_POINT( '', ( -1.05000000000000, 4.80546432034307, 0.400000000000000 ) );
#12141 = DIRECTION( '', ( 0.000000000000000, -1.00000000000000, 0.000000000000000 ) );
#12142 = DIRECTION( '', ( 0.000000000000000, 0.000000000000000, -1.00000000000000 ) );
#12143 = CARTESIAN_POINT( '', ( -0.850000000000000, 4.80546432034307, 0.500000000000000 ) );
#12144 = DIRECTION( '', ( 0.000000000000000, 0.000000000000000, 1.00000000000000 ) );
#12145 = DIRECTION( '', ( -1.30104260698260E-015, 1.00000000000000, 0.000000000000000 ) );
#12146 = CARTESIAN_POINT( '', ( -0.850000000000000, 4.46726295238419, 0.400000000000000 ) );
#12147 = DIRECTION( '', ( -1.00000000000000, 0.000000000000000, 0.000000000000000 ) );
#12148 = DIRECTION( '', ( 0.000000000000000, 0.000000000000000, 1.00000000000000 ) );
#12149 = DIRECTION( '', ( -1.00000000000000, 0.000000000000000, 0.000000000000000 ) );
#12150 = CARTESIAN_POINT( '', ( 0.850000000000000, 4.46726295238420, 0.400000000000000 ) );
#12151 = DIRECTION( '', ( 1.00000000000000, 0.000000000000000, 0.000000000000000 ) );
#12152 = DIRECTION( '', ( 0.000000000000000, 0.000000000000000, -1.00000000000000 ) );
#12153 = CARTESIAN_POINT( '', ( 0.850000000000000, 4.80546432034307, 0.500000000000000 ) );
#12154 = DIRECTION( '', ( 0.000000000000000, 0.000000000000000, 1.00000000000000 ) );
#12155 = DIRECTION( '', ( 5.78241158658934E-016, -1.00000000000000, 0.000000000000000 ) );
#12156 = CARTESIAN_POINT( '', ( 1.05000000000000, 4.80546432034307, 0.400000000000000 ) );
#12157 = DIRECTION( '', ( 0.000000000000000, -1.00000000000000, 0.000000000000000 ) );
#12158 = DIRECTION( '', ( 0.000000000000000, 0.000000000000000, -1.00000000000000 ) );
#12159 = CARTESIAN_POINT( '', ( 0.850000000000000, 4.80546432034307, 0.400000000000000 ) );
#12160 = DIRECTION( '', ( 1.60524758374636E-016, -0.277608668927905, -0.960694242168692 ) );
#12161 = DIRECTION( '', ( 5.59862457758695E-016, -0.960694242168692, 0.277608668927905 ) );
#12162 = CARTESIAN_POINT( '', ( 3.55000000000000, 4.80546432034307, 0.400000000000000 ) );
#12163 = DIRECTION( '', ( 0.000000000000000, -1.00000000000000, 0.000000000000000 ) );
#12164 = DIRECTION( '', ( 0.000000000000000, 0.000000000000000, -1.00000000000000 ) );
#12165 = CARTESIAN_POINT( '', ( 3.35000000000000, 4.80546432034307, 0.400000000000000 ) );
#12166 = DIRECTION( '', ( 8.02623791873182E-017, -0.277608668927905, -0.960694242168692 ) );
#12167 = DIRECTION( '', ( 0.000000000000000, -0.960694242168692, 0.277608668927905 ) );
#12168 = CARTESIAN_POINT( '', ( 3.35000000000000, 4.46726295238420, 0.400000000000000 ) );
#12169 = DIRECTION( '', ( 1.00000000000000, 0.000000000000000, 0.000000000000000 ) );
#12170 = DIRECTION( '', ( 0.000000000000000, 0.000000000000000, -1.00000000000000 ) );
#12171 = CARTESIAN_POINT( '', ( 1.45000000000000, 5.90000000000000, 0.400000000000000 ) );
#12172 = DIRECTION( '', ( 0.000000000000000, 0.000000000000000, 1.00000000000000 ) );
#12173 = DIRECTION( '', ( 1.00000000000000, 0.000000000000000, 0.000000000000000 ) );
#12174 = CARTESIAN_POINT( '', ( 3.55000000000000, 5.90000000000000, 0.400000000000000 ) );
#12175 = DIRECTION( '', ( 0.000000000000000, -1.00000000000000, 0.000000000000000 ) );
#12176 = DIRECTION( '', ( 0.000000000000000, 0.000000000000000, -1.00000000000000 ) );
#12177 = CARTESIAN_POINT( '', ( 3.55000000000000, 5.90000000000000, 0.400000000000000 ) );
#12178 = DIRECTION( '', ( 0.000000000000000, 0.000000000000000, 1.00000000000000 ) );
#12179 = DIRECTION( '', ( 1.00000000000000, 0.000000000000000, 0.000000000000000 ) );
#12180 = CARTESIAN_POINT( '', ( 1.65000000000000, 4.46726295238420, 0.400000000000000 ) );
#12181 = DIRECTION( '', ( -1.00000000000000, 0.000000000000000, 0.000000000000000 ) );
#12182 = DIRECTION( '', ( 0.000000000000000, 0.000000000000000, 1.00000000000000 ) );
#12183 = CARTESIAN_POINT( '', ( 1.65000000000000, 4.80546432034307, 0.400000000000000 ) );
#12184 = DIRECTION( '', ( -8.02623791873183E-017, -0.277608668927905, -0.960694242168692 ) );
#12185 = DIRECTION( '', ( 0.000000000000000, 0.960694242168692, -0.277608668927905 ) );
#12186 = CARTESIAN_POINT( '', ( 1.45000000000000, 4.80546432034307, 0.400000000000000 ) );
#12187 = DIRECTION( '', ( 0.000000000000000, -1.00000000000000, 0.000000000000000 ) );
#12188 = DIRECTION( '', ( 0.000000000000000, 0.000000000000000, -1.00000000000000 ) );
#12189 = CARTESIAN_POINT( '', ( 1.65000000000000, 4.80546432034307, 0.500000000000000 ) );
#12190 = DIRECTION( '', ( 0.000000000000000, -0.000000000000000, 1.00000000000000 ) );
#12191 = DIRECTION( '', ( 2.89120579329467E-016, 1.00000000000000, 0.000000000000000 ) );
#12192 = CARTESIAN_POINT( '', ( 1.45000000000000, 5.90000000000000, 0.400000000000000 ) );
#12193 = DIRECTION( '', ( 0.000000000000000, -1.00000000000000, 0.000000000000000 ) );
#12194 = DIRECTION( '', ( 0.000000000000000, 0.000000000000000, -1.00000000000000 ) );
#12195 = DIRECTION( '', ( -2.89120579329467E-016, -1.00000000000000, 0.000000000000000 ) );
#12196 = DIRECTION( '', ( -1.00000000000000, 0.000000000000000, 0.000000000000000 ) );
#12197 = DIRECTION( '', ( 0.000000000000000, 0.000000000000000, 1.00000000000000 ) );
#12198 = DIRECTION( '', ( 5.78241158658934E-016, -1.00000000000000, 0.000000000000000 ) );
#12199 = DIRECTION( '', ( -1.30104260698260E-015, 1.00000000000000, 0.000000000000000 ) );
#12200 = DIRECTION( '', ( -2.89120579329467E-016, 1.00000000000000, 0.000000000000000 ) );
#12201 = CARTESIAN_POINT( '', ( 3.55000000000000, -5.90000000000000, 0.400000000000000 ) );
#12202 = DIRECTION( '', ( 0.000000000000000, 0.000000000000000, -1.00000000000000 ) );
#12203 = DIRECTION( '', ( -1.00000000000000, 0.000000000000000, 0.000000000000000 ) );
#12204 = DIRECTION( '', ( 0.000000000000000, 0.000000000000000, 1.00000000000000 ) );
#12205 = DIRECTION( '', ( -2.89120579329467E-016, 1.00000000000000, 0.000000000000000 ) );
#12206 = DIRECTION( '', ( -1.15648231731787E-015, 1.00000000000000, 0.000000000000000 ) );
#12207 = CARTESIAN_POINT( '', ( 3.95000000000000, -5.90000000000000, 0.400000000000000 ) );
#12208 = DIRECTION( '', ( 0.000000000000000, -1.00000000000000, 0.000000000000000 ) );
#12209 = DIRECTION( '', ( 0.000000000000000, 0.000000000000000, -1.00000000000000 ) );
#12210 = DIRECTION( '', ( 1.00000000000000, 0.000000000000000, 0.000000000000000 ) );
#12211 = CARTESIAN_POINT( '', ( 6.05000000000000, 5.90000000000000, 0.400000000000000 ) );
#12212 = DIRECTION( '', ( -1.00000000000000, 0.000000000000000, 0.000000000000000 ) );
#12213 = DIRECTION( '', ( 0.000000000000000, 0.000000000000000, 1.00000000000000 ) );
#12214 = DIRECTION( '', ( 0.000000000000000, 0.000000000000000, 1.00000000000000 ) );
#12215 = DIRECTION( '', ( -1.30104260698260E-015, 1.00000000000000, 0.000000000000000 ) );
#12216 = DIRECTION( '', ( 0.000000000000000, 1.00000000000000, 0.000000000000000 ) );
#12217 = DIRECTION( '', ( 0.000000000000000, -0.806404995855706, 0.591363663627517 ) );
#12218 = DIRECTION( '', ( 0.000000000000000, 0.000000000000000, 1.00000000000000 ) );
#12219 = DIRECTION( '', ( 0.000000000000000, 0.000000000000000, 1.00000000000000 ) );
#12220 = DIRECTION( '', ( -1.15648231731787E-015, -1.00000000000000, 0.000000000000000 ) );
#12221 = DIRECTION( '', ( -9.32593118303914E-016, -0.806404995855706, 0.591363663627517 ) );
#12222 = DIRECTION( '', ( 0.000000000000000, -0.806404995855706, 0.591363663627517 ) );
#12223 = DIRECTION( '', ( 0.000000000000000, 1.00000000000000, 0.000000000000000 ) );
#12224 = CARTESIAN_POINT( '', ( -3.55000000000000, 5.90000000000000, 0.400000000000000 ) );
#12225 = DIRECTION( '', ( 0.000000000000000, 0.000000000000000, 1.00000000000000 ) );
#12226 = DIRECTION( '', ( 1.00000000000000, 0.000000000000000, 0.000000000000000 ) );
#12227 = CARTESIAN_POINT( '', ( 5.90000000000000, 7.23093555489908, -2.67500000000013 ) );
#12228 = DIRECTION( '', ( 1.00000000000000, 6.12303176911189E-017, -6.28875083881547E-033 ) );
#12229 = DIRECTION( '', ( 5.78951118907347E-017, -0.945530156854504, -0.325534518106293 ) );
#12230 = DIRECTION( '', ( -1.00000000000000, -1.87747142901218E-016, -1.08315859283573E-016 ) );
#12231 = CARTESIAN_POINT( '', ( 5.90000000000000, 7.23093555489908, -2.67500000000013 ) );
#12232 = DIRECTION( '', ( 1.00000000000000, 6.12303176911189E-017, -5.59000074561374E-033 ) );
#12233 = DIRECTION( '', ( 5.78951118907347E-017, -0.945530156854504, -0.325534518106294 ) );
#12234 = DIRECTION( '', ( 1.00000000000000, 4.12977357280452E-017, 5.78951118907348E-017 ) );
#12235 = DIRECTION( '', ( -1.99325819630736E-017, 0.325534518106293, -0.945530156854504 ) );
#12236 = DIRECTION( '', ( -1.00000000000000, -1.87747142901218E-016, -1.08315859283573E-016 ) );
#12237 = DIRECTION( '', ( -1.99325819630736E-017, 0.325534518106293, -0.945530156854504 ) );
#12238 = CARTESIAN_POINT( '', ( 5.90000000000000, 6.00000000000000, -1.25000000000000 ) );
#12239 = DIRECTION( '', ( -1.00000000000000, -6.12303176911189E-017, 0.000000000000000 ) );
#12240 = DIRECTION( '', ( 0.000000000000000, 0.000000000000000, 1.00000000000000 ) );
#12241 = CARTESIAN_POINT( '', ( -6.05000000000000, 4.80546432034307, 0.400000000000000 ) );
#12242 = DIRECTION( '', ( 0.000000000000000, -1.00000000000000, 0.000000000000000 ) );
#12243 = DIRECTION( '', ( 0.000000000000000, 0.000000000000000, -1.00000000000000 ) );
#12244 = CARTESIAN_POINT( '', ( -5.85000000000000, 4.80546432034307, 0.400000000000000 ) );
#12245 = DIRECTION( '', ( 0.000000000000000, -0.277608668927905, -0.960694242168692 ) );
#12246 = DIRECTION( '', ( 0.000000000000000, -0.960694242168692, 0.277608668927905 ) );
#12247 = CARTESIAN_POINT( '', ( 3.95000000000000, 5.90000000000000, 0.400000000000000 ) );
#12248 = DIRECTION( '', ( 0.000000000000000, -1.00000000000000, 0.000000000000000 ) );
#12249 = DIRECTION( '', ( 0.000000000000000, 0.000000000000000, -1.00000000000000 ) );
#12250 = CARTESIAN_POINT( '', ( 3.95000000000000, 4.80546432034307, 0.400000000000000 ) );
#12251 = DIRECTION( '', ( 0.000000000000000, -1.00000000000000, 0.000000000000000 ) );
#12252 = DIRECTION( '', ( 0.000000000000000, 0.000000000000000, -1.00000000000000 ) );
#12253 = CARTESIAN_POINT( '', ( 4.15000000000000, 4.46726295238420, 0.400000000000000 ) );
#12254 = DIRECTION( '', ( -1.00000000000000, 0.000000000000000, 0.000000000000000 ) );
#12255 = DIRECTION( '', ( 0.000000000000000, 0.000000000000000, 1.00000000000000 ) );
#12256 = CARTESIAN_POINT( '', ( 4.15000000000000, 4.80546432034307, 0.400000000000000 ) );
#12257 = DIRECTION( '', ( -3.21049516749275E-016, -0.277608668927907, -0.960694242168691 ) );
#12258 = DIRECTION( '', ( 1.49296655402319E-015, 0.960694242168691, -0.277608668927907 ) );
#12259 = CARTESIAN_POINT( '', ( 3.95000000000000, 5.90000000000000, 0.400000000000000 ) );
#12260 = DIRECTION( '', ( 0.000000000000000, 0.000000000000000, 1.00000000000000 ) );
#12261 = DIRECTION( '', ( 1.00000000000000, 0.000000000000000, 0.000000000000000 ) );
#12262 = CARTESIAN_POINT( '', ( 5.85000000000000, 4.46726295238420, 0.400000000000000 ) );
#12263 = DIRECTION( '', ( 1.00000000000000, 0.000000000000000, 0.000000000000000 ) );
#12264 = DIRECTION( '', ( 0.000000000000000, 0.000000000000000, -1.00000000000000 ) );
#12265 = CARTESIAN_POINT( '', ( 6.05000000000000, 5.90000000000000, 0.400000000000000 ) );
#12266 = DIRECTION( '', ( 0.000000000000000, -1.00000000000000, 0.000000000000000 ) );
#12267 = DIRECTION( '', ( 0.000000000000000, 0.000000000000000, -1.00000000000000 ) );
#12268 = CARTESIAN_POINT( '', ( 6.05000000000000, 4.80546432034307, 0.400000000000000 ) );
#12269 = DIRECTION( '', ( 0.000000000000000, -1.00000000000000, 0.000000000000000 ) );
#12270 = DIRECTION( '', ( 0.000000000000000, 0.000000000000000, -1.00000000000000 ) );
#12271 = CARTESIAN_POINT( '', ( 5.85000000000000, 4.80546432034307, 0.400000000000000 ) );
#12272 = DIRECTION( '', ( 0.000000000000000, -0.277608668927906, -0.960694242168691 ) );
#12273 = DIRECTION( '', ( 0.000000000000000, 0.960694242168691, -0.277608668927906 ) );
#12274 = CARTESIAN_POINT( '', ( -1.05000000000000, 5.90000000000000, 0.400000000000000 ) );
#12275 = DIRECTION( '', ( 0.000000000000000, -1.00000000000000, 0.000000000000000 ) );
#12276 = DIRECTION( '', ( 0.000000000000000, 0.000000000000000, -1.00000000000000 ) );
#12277 = CARTESIAN_POINT( '', ( -1.05000000000000, 5.90000000000000, 0.400000000000000 ) );
#12278 = DIRECTION( '', ( 0.000000000000000, 0.000000000000000, -1.00000000000000 ) );
#12279 = DIRECTION( '', ( -1.00000000000000, 0.000000000000000, 0.000000000000000 ) );
ENDSEC;
END-ISO-10303-21;
